id,property_number,article,item_description,account_code,fund_source,quantity,unit_cost,acquisition_cost,acquisition_date,brand,model,office_code,office_name,accountable_employee,remarks,system_reference
4515,1975-01-04.010-0001-031,"Administration Building","2-Storey, 520.15 sq.m.",1.06.04.010.00,01,1,2499746.32,2499746.32,1975-01-28,,,SPM,"Supply and Property Management Unit",,"Marked: RPCPPE 2025 submitted to Accounting (2026-04-13)",RPCPPE2025-ACCT-SUB
4516,2025-01-04.010-0001-031,"Academic Affairs Building","2 storey, 813 sq.m.",1.06.04.010.00,01,1,2217823.69,2217823.69,,,,SPM,"Supply and Property Management Unit",,"Marked: RPCPPE 2025 submitted to Accounting (2026-04-13)",RPCPPE2025-ACCT-SUB
4517,2025-01-04.010-0002-031,"Supply Building","2-storey, 483 sq.m.",1.06.04.010.00,01,1,1026943.00,1026943.00,,,,SPM,"Supply and Property Management Unit",,"Marked: RPCPPE 2025 submitted to Accounting (2026-04-13)",RPCPPE2025-ACCT-SUB
4518,2025-01-04.010-0003-031,"BDA Building","3 storey; 607.50 sq. m.",1.06.04.010.00,01,1,2369724.39,2369724.39,,,,SPM,"Supply and Property Management Unit",,"Marked: RPCPPE 2025 submitted to Accounting (2026-04-13)",RPCPPE2025-ACCT-SUB
4519,2025-01-04.010-0004-031,"Mini Hotel & Tourism Center","2-storey, 806.72 sq.m.",1.06.04.010.00,01,1,3938499.85,3938499.85,,,,SPM,"Supply and Property Management Unit",,"Marked: RPCPPE 2025 submitted to Accounting (2026-04-13)",RPCPPE2025-ACCT-SUB
4520,2025-07-04.010-0001-031,"Mini Hotel & Tourism Center","2-storey, 806.72 sq.m.",1.06.04.010.00,07,1,9954264.93,9954264.93,,,,SPM,"Supply and Property Management Unit",,"Marked: RPCPPE 2025 submitted to Accounting (2026-04-13)",RPCPPE2025-ACCT-SUB
4521,2025-01-04.010-0005-031,"Dojo Hall & Fitness Center-Phase 1","2-storey; 335.5 sq.m. / 167.75 sq.m.",1.06.04.010.00,01,1,1099998.41,1099998.41,,,,SPM,"Supply and Property Management Unit",,"Marked: RPCPPE 2025 submitted to Accounting (2026-04-13)",RPCPPE2025-ACCT-SUB
4522,2025-01-04.010-0006-031,"Covered Gym (Cultural Center)","1-storey; 1,724.20 sq. m.",1.06.04.010.00,01,1,11477951.91,11477951.91,,,,SPM,"Supply and Property Management Unit",,"Marked: RPCPPE 2025 submitted to Accounting (2026-04-13)",RPCPPE2025-ACCT-SUB
4523,2025-05-04.010-0001-031,"FLP Office","1-storey; 94.5 sq.m.",1.06.04.010.00,05,1,1288867.02,1288867.02,,,,SPM,"Supply and Property Management Unit",,"Marked: RPCPPE 2025 submitted to Accounting (2026-04-13)",RPCPPE2025-ACCT-SUB
4524,2025-01-04.010-0007-031,"Knowledge Dev't & Record Management Center (Phase-1)","4-storey; 2,374.4 sq.m. / 593.6 sq.m.",1.06.04.010.00,01,1,9000014.40,9000014.40,,,,SPM,"Supply and Property Management Unit",,"Marked: RPCPPE 2025 submitted to Accounting (2026-04-13)",RPCPPE2025-ACCT-SUB
4525,2025-01-04.010-0008-031,"HRM & Tourism Lab. Phase-1","1-storey, 334.8 sq.m.",1.06.04.010.00,01,1,2878573.31,2878573.31,,,,SPM,"Supply and Property Management Unit",,"Marked: RPCPPE 2025 submitted to Accounting (2026-04-13)",RPCPPE2025-ACCT-SUB
4526,2025-01-04.010-0009-031,"Male Dormitory (original & contigouos contract)","2-storey, 1785 sq. m.",1.06.04.010.00,01,1,24991328.40,24991328.40,,,,SPM,"Supply and Property Management Unit",,"Marked: RPCPPE 2025 submitted to Accounting (2026-04-13)",RPCPPE2025-ACCT-SUB
4527,2025-01-04.010-0010-031,"Research Resource Development Center","3-storey, 765 sq.m.",1.06.04.010.00,01,1,19999900.26,19999900.26,,,,SPM,"Supply and Property Management Unit",,"Marked: RPCPPE 2025 submitted to Accounting (2026-04-13)",RPCPPE2025-ACCT-SUB
4528,2025-05-04.010-0002-031,"Terracotta Production Center Phase I",343.05sq.m.,1.06.04.010.00,05,1,517687.55,517687.55,,,,SPM,"Supply and Property Management Unit",,"Marked: RPCPPE 2025 submitted to Accounting (2026-04-13)",RPCPPE2025-ACCT-SUB
4529,2025-05-04.010-0003-031,"Terracotta Production Center Phase II w/ Extra Work",343.05sq.m.,1.06.04.010.00,05,1,2800000.00,2800000.00,,,,SPM,"Supply and Property Management Unit",,"Marked: RPCPPE 2025 submitted to Accounting (2026-04-13)",RPCPPE2025-ACCT-SUB
4530,2025-05-04.010-0004-031,"E-Bamboo Production Center w/ Extra Work","407.4 sq.m.",1.06.04.010.00,05,1,2100000.00,2100000.00,,,,SPM,"Supply and Property Management Unit",,"Marked: RPCPPE 2025 submitted to Accounting (2026-04-13)",RPCPPE2025-ACCT-SUB
4531,2025-05-04.010-0005-031,"Covid-19 Triage and Isolation Facility","1-storey, 26.75 sq.m.",1.06.04.010.00,05,1,475299.90,475299.90,,,,SPM,"Supply and Property Management Unit",,"Marked: RPCPPE 2025 submitted to Accounting (2026-04-13)",RPCPPE2025-ACCT-SUB
4532,2025-05-04.010-0006-031,"DOJO Hall and Fitness Center (completion/Phase 2)","2-storey 335.5 sq.m.",1.06.04.010.00,05,1,3489653.75,3489653.75,,,,SPM,"Supply and Property Management Unit",,"Marked: RPCPPE 2025 submitted to Accounting (2026-04-13)",RPCPPE2025-ACCT-SUB
4533,2025-05-04.010-0007-031,"Student and Personnel Services Center Phase 1",,1.06.04.010.00,05,1,10736765.84,10736765.84,,,,SPM,"Supply and Property Management Unit",,"Marked: RPCPPE 2025 submitted to Accounting (2026-04-13)",RPCPPE2025-ACCT-SUB
4534,2025-05-04.010-0008-031,"Construction of HRM and Tourism Laboratory Phase II Washing Area","195.3 sq.m.",1.06.04.010.00,05,1,133988.74,133988.74,,,,SPM,"Supply and Property Management Unit",,"Marked: RPCPPE 2025 submitted to Accounting (2026-04-13)",RPCPPE2025-ACCT-SUB
4535,2025-01-04.010-0011-031,"Knowledge Dev't & Record Management Center (Phase-2)","4-storey; 2,374.4 sq.m.",1.06.04.010.00,01,1,40000000.00,40000000.00,,,,SPM,"Supply and Property Management Unit",,"Marked: RPCPPE 2025 submitted to Accounting (2026-04-13)",RPCPPE2025-ACCT-SUB
4536,2025-05-04.010-0009-031,"Construction Of ROTC Office","1-storey; 22.1992 (Office)
1-storey 32.2768 ( Barraks/ C.R)",1.06.04.010.00,05,1,998491.67,998491.67,,,,SPM,"Supply and Property Management Unit",,"Marked: RPCPPE 2025 submitted to Accounting (2026-04-13)",RPCPPE2025-ACCT-SUB
4537,2025-01-04.010-0012-031,"Female Dormitory","2-storey 
Ground 572.83 sq.m.
Second 782.20 sq.m.",1.06.04.010.00,01,1,24879010.79,24879010.79,,,,SPM,"Supply and Property Management Unit",,"Marked: RPCPPE 2025 submitted to Accounting (2026-04-13)",RPCPPE2025-ACCT-SUB
4538,2025-05-00.000-0001-031,"UA Libertad Campus Mini Hostel (Phase 1)","177.968 sq.m. 1 story bldng.",,05,1,996795.02,996795.02,,,,SPM,"Supply and Property Management Unit",,"Marked: RPCPPE 2025 submitted to Accounting (2026-04-13)",RPCPPE2025-ACCT-SUB
4539,1975-05-04.010-0001-031,"Medical/Dental Clinic","2-storey; 238.68 sq.m.",1.06.04.010.00,05,1,2489735.51,2489735.51,1975-01-28,,,SPM,"Supply and Property Management Unit",,"Marked: RPCPPE 2025 submitted to Accounting (2026-04-13)",RPCPPE2025-ACCT-SUB
4540,1905-01-00.000-0001-000,"Public Address System","Model-EMX 5014C powered mixer; Yamaha SN: HCQO01012",,01,1,72950.00,72950.00,1905-07-05,M,odel-EMX,,,"Francisco, Adrian","Marked: RPCPPE 2025 submitted to Accounting (2026-04-13)",RPCPPE2025-ACCT-SUB
4541,2025-01-00.000-0001-000,"Public Address System","Model-EMX 5014C powered mixer; Yamaha SN: HCQ",,01,1,72950.00,72950.00,,M,odel-EMX,,,"Francisco, Adrian","Marked: RPCPPE 2025 submitted to Accounting (2026-04-13)",RPCPPE2025-ACCT-SUB
4542,2025-01-00.000-0002-000,"Public Address System","Model-600i 2-mixers SN: EETL01522,EETP01344 & 4-speakers Model: 600s;EETL01522; ZA55630 Yamaha",,01,1,72950.00,72950.00,,M,odel-600i,,,"Francisco, Adrian","Marked: RPCPPE 2025 submitted to Accounting (2026-04-13)",RPCPPE2025-ACCT-SUB
4543,2025-01-00.000-0003-000,"Public Address System","Model-600i 2-mixers SN: EETL01522,EETP01344 & 4-speakers Model: 600s;EETL01522; ZA55630 Yamaha",,01,1,72950.00,72950.00,,M,odel-600i,,,"Francisco, Adrian","Marked: RPCPPE 2025 submitted to Accounting (2026-04-13)",RPCPPE2025-ACCT-SUB
4544,2025-01-00.000-0004-000,"Audio System (Sound System)","EMX512SC Powered mixing console (Yamaha), 2 pcs/set loudspeaker system and 2sets vocal microphone PG 59",,01,1,100000.00,100000.00,,E,MX512SC,,,"Bangcaya, Porferio","Marked: RPCPPE 2025 submitted to Accounting (2026-04-13)",RPCPPE2025-ACCT-SUB
4545,2025-05-00.000-0001-032,"Communication Tech 8","AM/FM Modulation/demodulation",,05,1,136960.00,136960.00,,A,M/FM,CEA,"College of Engineering and Architecture","Vegafria, Christine","Marked: RPCPPE 2025 submitted to Accounting (2026-04-13)",RPCPPE2025-ACCT-SUB
4546,2025-05-00.000-0002-032,"Communication Tech 5","Pulse Modulation Methods PCM/PAM",,05,1,287040.00,287040.00,,P,ulse,CEA,"College of Engineering and Architecture","Vegafria, Christine","Marked: RPCPPE 2025 submitted to Accounting (2026-04-13)",RPCPPE2025-ACCT-SUB
4547,2025-05-00.000-0001-021,"Marine Radio Transmitter",,,05,1,52000.00,52000.00,,,,CMS,"College of Maritime Studies",,"Marked: RPCPPE 2025 submitted to Accounting (2026-04-13)",RPCPPE2025-ACCT-SUB
4548,2025-05-00.000-0002-000,"Acquisition and Installation of IPPABX Telephone System","NEC Universe SV8100 Main System",,05,1,268604.00,268604.00,,N,EC,,,"Crespo, Pablo","Marked: RPCPPE 2025 submitted to Accounting (2026-04-13)",RPCPPE2025-ACCT-SUB
4549,2025-05-00.000-0003-000,"NEC AT-40 Basic SLT AT-40",Japan,,05,1,61250.00,61250.00,,J,apan,,,"Crespo, Pablo","Marked: RPCPPE 2025 submitted to Accounting (2026-04-13)",RPCPPE2025-ACCT-SUB
4550,2025-05-00.000-0004-000,"CLASSIC GUITAR","Body: finished; gloss; Control interface: strings 650mm(25 9/16'); Body Deepth: 94-100mm(1 11/16""); Finger board Width (Nut/ Body): 52mm (21/16"")",,05,1,58000.00,58000.00,,B,ody:,,,"Sandoy, Shella","Marked: RPCPPE 2025 submitted to Accounting (2026-04-13)",RPCPPE2025-ACCT-SUB
4551,2025-05-00.000-0005-000,"Trapezoidal Loud Speaker","USA K Series, 15"", 3-way",,05,4,394554.04,1578216.16,,U,SA,,,"Sandoy, Shella","Marked: RPCPPE 2025 submitted to Accounting (2026-04-13)",RPCPPE2025-ACCT-SUB
4552,2025-05-00.000-0006-000,"10"" Way Active Speaker","(Monitor) USA",,05,1,59742.57,59742.57,,(,Monitor,,,"Sandoy, Shella","Marked: RPCPPE 2025 submitted to Accounting (2026-04-13)",RPCPPE2025-ACCT-SUB
4553,2025-05-00.000-0007-000,"10"" Way Active Speaker","(Monitor) USA",,05,1,59742.57,59742.57,,(,Monitor,,,"Sandoy, Shella","Marked: RPCPPE 2025 submitted to Accounting (2026-04-13)",RPCPPE2025-ACCT-SUB
4554,2025-05-00.000-0008-000,"Touchmix 30 Digital Professional Mixer","USA 32 inputs",,05,1,142967.22,142967.22,,U,SA,,,"Sandoy, Shella","Marked: RPCPPE 2025 submitted to Accounting (2026-04-13)",RPCPPE2025-ACCT-SUB
4555,2019-01-00.000-0001-021,Software,"IBM SPSS License FD418DAECC02528BFF4D",,01,1,52272.73,52272.73,2019-09-06,I,BM,CMS,"College of Maritime Studies",,"Marked: RPCPPE 2025 submitted to Accounting (2026-04-13)",RPCPPE2025-ACCT-SUB
4556,2025-01-00.000-0005-000,Software,"IBM SPSS License 474B93E6E4ABC009AF9",,01,1,52272.73,52272.73,,I,BM,,,"Bangcaya, Porferio","Marked: RPCPPE 2025 submitted to Accounting (2026-04-13)",RPCPPE2025-ACCT-SUB
4557,2025-01-00.000-0006-000,Software,"IBM SPSS License 6C10418CF98911C4F5A6",,01,1,52272.73,52272.73,,I,BM,,,,"Marked: RPCPPE 2025 submitted to Accounting (2026-04-13)",RPCPPE2025-ACCT-SUB
4558,2025-01-00.000-0007-000,Software,"IBM SPSS License 7A5398FCA015600F9F73",,01,1,52272.73,52272.73,,I,BM,,,,"Marked: RPCPPE 2025 submitted to Accounting (2026-04-13)",RPCPPE2025-ACCT-SUB
4559,2025-01-00.000-0008-000,Software,"IBM SPSS License 434A485EB12333007CBD",,01,1,52272.73,52272.73,,I,BM,,,,"Marked: RPCPPE 2025 submitted to Accounting (2026-04-13)",RPCPPE2025-ACCT-SUB
4560,2025-01-00.000-0001-032,Software,"IBM SPSS License FD418DAECC02528BFF4D",,01,1,52272.73,52272.73,,I,BM,CEA,"College of Engineering and Architecture","Vegafria, Christine","Marked: RPCPPE 2025 submitted to Accounting (2026-04-13)",RPCPPE2025-ACCT-SUB
4561,2025-01-00.000-0009-000,Software,"IBM SPSS License FD418DAECC02528BFF4D",,01,1,52272.73,52272.73,,I,BM,,,"Farparan, Lilian","Marked: RPCPPE 2025 submitted to Accounting (2026-04-13)",RPCPPE2025-ACCT-SUB
4562,2025-01-00.000-0001-009,Software,"IBM SPSS License FD418DAECC02528BFF4D",,01,1,52272.73,52272.73,,I,BM,CBA,"College of Business Accountancy","Bolivar, Loyda","Marked: RPCPPE 2025 submitted to Accounting (2026-04-13)",RPCPPE2025-ACCT-SUB
4563,2025-01-00.000-0001-038,Software,"IBM SPSS License FD418DAECC02528BFF4D",,01,1,52272.73,52272.73,,I,BM,CAS,"College of Arts and Sciences",,"Marked: RPCPPE 2025 submitted to Accounting (2026-04-13)",RPCPPE2025-ACCT-SUB
4564,2025-01-00.000-0001-080,Software,"IBM SPSS License FD418DAECC02528BFF4D",,01,1,52272.73,52272.73,,I,BM,CTE,CIT,,"Marked: RPCPPE 2025 submitted to Accounting (2026-04-13)",RPCPPE2025-ACCT-SUB
4565,2025-01-00.000-0001-013,Software,"IBM SPSS License FD418DAECC02528BFF4D",,01,1,52272.73,52272.73,,I,BM,CCS,"College of Computer Studies",,"Marked: RPCPPE 2025 submitted to Accounting (2026-04-13)",RPCPPE2025-ACCT-SUB
4566,2025-01-00.000-0010-000,Software,"IBM SPSS License FD418DAECC02528BFF4D",,01,1,52272.73,52272.73,,I,BM,,,,"Marked: RPCPPE 2025 submitted to Accounting (2026-04-13)",RPCPPE2025-ACCT-SUB
4567,2025-01-00.000-0011-000,Software,"IBM SPSS License FD418DAECC02528BFF4D",,01,1,52272.73,52272.73,,I,BM,,,,"Marked: RPCPPE 2025 submitted to Accounting (2026-04-13)",RPCPPE2025-ACCT-SUB
4568,2025-01-00.000-0012-000,Software,"IBM SPSS License FD418DAECC02528BFF4D",,01,1,52272.73,52272.73,,I,BM,,,,"Marked: RPCPPE 2025 submitted to Accounting (2026-04-13)",RPCPPE2025-ACCT-SUB
4569,2025-01-00.000-0013-000,Software,"IBM SPSS License FD418DAECC02528BFF4D",,01,1,52272.73,52272.73,,I,BM,,,,"Marked: RPCPPE 2025 submitted to Accounting (2026-04-13)",RPCPPE2025-ACCT-SUB
4570,2025-01-00.000-0014-000,Software,"IBM SPSS License FD418DAECC02528BFF4D",,01,1,52272.73,52272.73,,I,BM,,,,"Marked: RPCPPE 2025 submitted to Accounting (2026-04-13)",RPCPPE2025-ACCT-SUB
4571,2025-01-00.000-0015-000,Software,"IBM SPSS License FD418DAECC02528BFF4D",,01,1,52272.73,52272.73,,I,BM,,,,"Marked: RPCPPE 2025 submitted to Accounting (2026-04-13)",RPCPPE2025-ACCT-SUB
4572,2025-01-00.000-0016-000,Software,"IBM SPSS License FD418DAECC02528BFF4D",,01,1,52272.73,52272.73,,I,BM,,,,"Marked: RPCPPE 2025 submitted to Accounting (2026-04-13)",RPCPPE2025-ACCT-SUB
4573,2025-01-00.000-0017-000,Software,"IBM SPSS License FD418DAECC02528BFF4D",,01,1,52272.73,52272.73,,I,BM,,,,"Marked: RPCPPE 2025 submitted to Accounting (2026-04-13)",RPCPPE2025-ACCT-SUB
4574,2025-01-00.000-0018-000,Software,"IBM SPSS License FD418DAECC02528BFF4D",,01,1,52272.70,52272.70,,I,BM,,,,"Marked: RPCPPE 2025 submitted to Accounting (2026-04-13)",RPCPPE2025-ACCT-SUB
4575,2025-01-00.000-0019-000,Software,"IBM SPSS License FD418DAECC02528BFF4D",,01,1,52272.70,52272.70,,I,BM,,,,"Marked: RPCPPE 2025 submitted to Accounting (2026-04-13)",RPCPPE2025-ACCT-SUB
4576,2025-01-00.000-0020-000,Software,"IBM SPSS License FD418DAECC02528BFF4D",,01,1,52272.73,52272.73,,I,BM,,,,"Marked: RPCPPE 2025 submitted to Accounting (2026-04-13)",RPCPPE2025-ACCT-SUB
4577,2025-01-00.000-0021-000,Software,"Philippine Consotium for Social Welfare and Human Development Research, Inc.",,01,20,950000.00,19000000.00,,P,hilippine,,,,"Marked: RPCPPE 2025 submitted to Accounting (2026-04-13)",RPCPPE2025-ACCT-SUB
4578,2025-01-00.000-0001-021,"Maritime E-Learning Management System","LMS Platform",,01,1,4900000.00,4900000.00,,L,MS,CMS,"College of Maritime Studies",,"Marked: RPCPPE 2025 submitted to Accounting (2026-04-13)",RPCPPE2025-ACCT-SUB
4579,2014-05-00.000-0001-021,"Marine Training Software","Unitest CBT 1-8",,05,1,380800.00,380800.00,2014-05-20,U,nitest,CMS,"College of Maritime Studies","Samillano, Rowen","Marked: RPCPPE 2025 submitted to Accounting (2026-04-13)",RPCPPE2025-ACCT-SUB
4580,2025-05-00.000-0009-000,"Software for Library Automation","RDA Full Complaint",,05,1,490000.00,490000.00,,R,DA,,,"Serrato, Armila","Marked: RPCPPE 2025 submitted to Accounting (2026-04-13)",RPCPPE2025-ACCT-SUB
4581,2025-05-00.000-0010-000,UIIS,"Enrolment, assessment, admission, cashier",,05,1,2500000.00,2500000.00,,E,nrolment,,,,"Marked: RPCPPE 2025 submitted to Accounting (2026-04-13)",RPCPPE2025-ACCT-SUB
4582,2025-05-00.000-0011-000,"Budget Allocation and Asset Mgt. System","Budget Account, budget preparation, budget execution, supply management module-supply account",,05,1,950000.00,950000.00,,B,udget,,,,"Marked: RPCPPE 2025 submitted to Accounting (2026-04-13)",RPCPPE2025-ACCT-SUB
4583,2025-05-00.000-0012-000,"Integrated Research Information System",,,05,1,140000.00,140000.00,,,,,,,"Marked: RPCPPE 2025 submitted to Accounting (2026-04-13)",RPCPPE2025-ACCT-SUB
4584,2025-05-00.000-0003-032,"Licensed Software","Academic Adoption Program-Autodesk",,05,5,274000.00,1370000.00,,A,cademic,CEA,"College of Engineering and Architecture","Vegafria, Christine","Marked: RPCPPE 2025 submitted to Accounting (2026-04-13)",RPCPPE2025-ACCT-SUB
4585,2025-05-00.000-0004-032,"Autodesk Academic Adoption Program","Auto-desk Academic License (AEC)-2024",,05,1,235200.00,235200.00,,A,uto-desk,CEA,"College of Engineering and Architecture","Vegafria, Christine","Marked: RPCPPE 2025 submitted to Accounting (2026-04-13)",RPCPPE2025-ACCT-SUB
4586,2025-05-00.000-0005-032,"License Software","Oracle Primavera ver 23.12; Structures Educational Subs 40 users; anf TEKLA STRUCTURES",,05,1,84000.00,84000.00,,O,racle,CEA,"College of Engineering and Architecture","Vegafria, Christine","Marked: RPCPPE 2025 submitted to Accounting (2026-04-13)",RPCPPE2025-ACCT-SUB
4587,2025-05-00.000-0006-032,"License Software","Oracle Primavera ver 23.12 Professional Project Management Software",,05,1,437000.00,437000.00,,O,racle,CEA,"College of Engineering and Architecture","Vegafria, Christine","Marked: RPCPPE 2025 submitted to Accounting (2026-04-13)",RPCPPE2025-ACCT-SUB
4588,2025-05-00.000-0001-053,"Azure Dev for Education","Microsoft Office 365 A3 (Educational Faculty) 65 licenses",,05,1,499847.00,499847.00,,M,icrosoft,ICTU,"Information and Communication Technology Unit","Valera, Jacinto","Marked: RPCPPE 2025 submitted to Accounting (2026-04-13)",RPCPPE2025-ACCT-SUB
4589,2025-05-00.000-0001-013,Server,"RDS Cals DG7GMGF0D7HX Windows Server 2022; Remote Desktop Services - User CAL; Microsoft; WinServer Cals DG7GMGF0D5VX; Windows Server 2022 1 user CAL; Microsoft",,05,1,235090.00,235090.00,,R,DS,CCS,"College of Computer Studies","Amar, John","Marked: RPCPPE 2025 submitted to Accounting (2026-04-13)",RPCPPE2025-ACCT-SUB
4590,2025-05-00.000-0002-021,"V. Dragon Simulator System","1 Instructor Station: computer, monitor, table, chair, printer, UPS
8 Trainee Workstations: computer, monitor, table, chair, UPS
1 Desktop Computer for remote (Donation)
-ML-24S25HS1001816
-ML-24S25HS1000903
-ML-24S25HS1001812
-ML-24S25HS1000412
-ML-24S25HS1002020
-ML-24S25HS1000355
-ML-24S25HS1001035
-ML-24S25HS1002165
-ML-24S25HS1001582
-ML-24S25HS1002199
1 Printer; Brother DCP-T30DW; SN:E83667H5h448057 (Donation)
2 Aircon; Split type; wall mounted; Midea; MSCE-19CRFN8
-54122000HELA7040170735
-5412200HEWAA130120865
-54122000HENA7040170129
-54122000HETAA100130376
Briefing and Debriefing: 65 inches TV TCL Model: 65V6B SN: 2504ALY240591C00018
Wireless USB Adapter
Local Network: cables, LAN switch ARUBA SN: TW09KPD1T7, cabinet",,05,1,2685000.00,2685000.00,2025-12-17,,,CMS,"College of Maritime Studies",,"Marked: RPCPPE 2025 submitted to Accounting (2026-04-13)",RPCPPE2025-ACCT-SUB
4591,2025-05-00.000-0007-032,"Licensed Software","Autodesk academic adoption program",,05,1,300000.00,300000.00,,A,utodesk,CEA,"College of Engineering and Architecture","Vegafria, Christine","Marked: RPCPPE 2025 submitted to Accounting (2026-04-13)",RPCPPE2025-ACCT-SUB
4592,2024-05-00.000-0001-050,"Procurement System","Incusions: Functional requirements, Non-functional Requirements, Technical Specification, Implementation, Compliance and Troubleshooting",,05,1,490000.00,490000.00,2024-12-27,I,ncusions:,PU,"Procurement Unit","Alejandro, Allen","Marked: RPCPPE 2025 submitted to Accounting (2026-04-13)",RPCPPE2025-ACCT-SUB
4593,2000-01-00.000-0001-021,"Fire Extinguisher","100lbs, HCFC-CEA; Wheel type",,01,1,98880.00,98880.00,2000-12-04,,,CMS,"College of Maritime Studies",,"Marked: RPCPPE 2025 submitted to Accounting (2026-04-13)",RPCPPE2025-ACCT-SUB
4594,2025-01-00.000-0002-021,"Fire Extinguisher","100lbs, HCFC-CEA; Wheel type",,01,1,98880.00,98880.00,,,,CMS,"College of Maritime Studies",,"Marked: RPCPPE 2025 submitted to Accounting (2026-04-13)",RPCPPE2025-ACCT-SUB
4595,2025-01-00.000-0003-021,"Fire Extinguisher","100lbs, HCFC-CEA; Wheel type",,01,1,98880.00,98880.00,,,,CMS,"College of Maritime Studies",,"Marked: RPCPPE 2025 submitted to Accounting (2026-04-13)",RPCPPE2025-ACCT-SUB
4596,2025-01-00.000-0004-021,"Fire Extinguisher","100lbs, HCFC-CEA; Wheel type",,01,1,98880.00,98880.00,,,,CMS,"College of Maritime Studies",,"Marked: RPCPPE 2025 submitted to Accounting (2026-04-13)",RPCPPE2025-ACCT-SUB
4597,2025-01-00.000-0005-021,"Fire Extinguisher","100lbs, HCFC-CEA; Wheel type",,01,1,98880.00,98880.00,,,,CMS,"College of Maritime Studies",,"Marked: RPCPPE 2025 submitted to Accounting (2026-04-13)",RPCPPE2025-ACCT-SUB
4598,2025-01-00.000-0006-021,"Fire Extinguisher","100lbs, HCFC-CEA; Wheel type",,01,1,98880.00,98880.00,,,,CMS,"College of Maritime Studies",,"Marked: RPCPPE 2025 submitted to Accounting (2026-04-13)",RPCPPE2025-ACCT-SUB
4599,2025-01-00.000-0007-021,"Fire Extinguisher","100lbs, HCFC-CEA; Wheel type",,01,1,98880.00,98880.00,,,,CMS,"College of Maritime Studies",,"Marked: RPCPPE 2025 submitted to Accounting (2026-04-13)",RPCPPE2025-ACCT-SUB
4600,2025-01-00.000-0008-021,"Fire Extinguisher","100lbs, HCFC-CEA; Wheel type",,01,1,98880.00,98880.00,,,,CMS,"College of Maritime Studies",,"Marked: RPCPPE 2025 submitted to Accounting (2026-04-13)",RPCPPE2025-ACCT-SUB
4601,2025-01-00.000-0009-021,"Fire Extinguisher","100lbs, HCFC-CEA; Wheel type",,01,1,98880.00,98880.00,,,,CMS,"College of Maritime Studies",,"Marked: RPCPPE 2025 submitted to Accounting (2026-04-13)",RPCPPE2025-ACCT-SUB
4602,2025-05-00.000-0003-021,"Rigid Doughnut Liferaft","w/ 4 pcs. Paddle",,05,2,196000.00,392000.00,,w,/,CMS,"College of Maritime Studies",,"Marked: RPCPPE 2025 submitted to Accounting (2026-04-13)",RPCPPE2025-ACCT-SUB
4603,2025-05-00.000-0004-021,"Inflatable Liferaft","25 person Capacity",,05,3,249000.00,747000.00,,,,CMS,"College of Maritime Studies",,"Marked: RPCPPE 2025 submitted to Accounting (2026-04-13)",RPCPPE2025-ACCT-SUB
4604,2025-05-00.000-0005-021,"Fireman Outfit","w/ complete accessories",,05,1,200000.00,200000.00,,w,/,CMS,"College of Maritime Studies",,"Marked: RPCPPE 2025 submitted to Accounting (2026-04-13)",RPCPPE2025-ACCT-SUB
4605,2018-01-00.000-0001-000,"Office Cubicles","Set, Glass/ thick plastic and wood, 53"" for Staff/ 60"" for Chief",,01,1,923555.99,923555.99,2018-11-09,S,et,,,,"Marked: RPCPPE 2025 submitted to Accounting (2026-04-13)",RPCPPE2025-ACCT-SUB
4606,2025-05-00.000-0001-038,"Judges Desk and witness stand","with 2 wooden tables and 10 wooden chair",,05,1,97500.00,97500.00,,w,ith,CAS,"College of Arts and Sciences",,"Marked: RPCPPE 2025 submitted to Accounting (2026-04-13)",RPCPPE2025-ACCT-SUB
4607,2025-05-00.000-0013-000,"Conference Table and Chair","6-seater conference table with wood tabletop and black steel design, dimensions L200 x W90 H80cm; 6 ergo dynamic executive high back leather chairs, with padded armrest, pneumatic height adjustment, chrome base with casters, high density back and foam seat rest and swivel and tilting mechanism.",,05,1,55000.00,55000.00,,,,,,"Delgado, Shella","Marked: RPCPPE 2025 submitted to Accounting (2026-04-13)",RPCPPE2025-ACCT-SUB
4608,2025-05-00.000-0002-038,"Office Cubicle","with table (6 partition); Top: 25mm thick board melamine; Finish: MFC Laminated available in 9 finishes; sidings in 2mm PVC edge band; Office partitions in 45mm thick aluminum trims; Overall Dimensions: 3600mm L x 1200mm W x 1200mm Ht; Size of table per pax: 1200mm L x 600mm W x 750mm Ht",,05,1,135000.00,135000.00,,w,ith,CAS,"College of Arts and Sciences",,"Marked: RPCPPE 2025 submitted to Accounting (2026-04-13)",RPCPPE2025-ACCT-SUB
4609,2025-05-00.000-0014-000,"Wall Design & Fixtures","1. UA Sectin in Bamboo Finish (A-6.67 m2) -First floor
2. Busalian wall in grass turf and tarminated finish  (A=22.-6 m2 (First floor)
3. ""UA"" wall grass truf finish, wood, wpc panels, 3/4""
4. Discuss room -A=48m2)
5. Wall cladding section in bamboo finish second and third floor (A=13.34m2)
6. wall cladding periodical section with wpc wood flute ( third floor)
7. Information wall standy-  85 x 200 x 75 / base - 30 x 90 first floor 2 units
8. Open space metal partition- 170 x 100 x 35; laminated plyboard 18mm (first floor) 4 units Green design Interior wall 244 x 100 x 30cm; Marine Plywood 3/4; Non-Sag
Epoxy; Grass carpet including consumables (first floor) 2 units
9. New Metal Carrel - 100 x 100 x 100cm with bench, second floor 4 units
10. Activity Loft- second floor 50 units
11. Discuss room elevated plastform 46.36 sq.m
12. Rectangular wall design 170 x 220 x 45 with seating cushion and padded walls in leatherette finish: third floor 2 units
13.Collaborative open Discussion nook ""U"" type, reconfigurable set-up in leatherette finish with cushion  both seating 4 inches and backing 2 inches 190 x 75 x 55/45; 135 x 75 x 55/45 third floor 2 units
14. Reading Duo- metal frame 1 x 1 x 2mm
third floor 5 units",,05,1,1312337.17,1312337.17,,,,,,"Serrato, Armila","Marked: RPCPPE 2025 submitted to Accounting (2026-04-13)",RPCPPE2025-ACCT-SUB
4610,2025-05-00.000-0015-000,"Shelves and Cabinets","1. Elliptical Shelves - 230 x 120 x 55
(double face - 3 layers - 1st floor 2 units
2. Customized bookshelves, multilayered- first floor 2 units
3. Open type bookshelves, multi-layered  130 x 90 x 30; first floor 1 unit
4. Record's office Cabinet -  220 x 122 x 40 3 layered first floor 2 units
5. Record's office Cabinet -  close type
' - cabinet - 95 x 80 x 40 2 layered cabinet first floor
'- Post Shelves - 5 layers - 120 x 120 x 220 second floor 2 units
'- Bench Duo with shelves - 160 x 45 x70 / 122 x 80 x 30 with cushion seating and backing in leatherette
finish third floor - 2 units
'- Customized shelves with high table - 6 layers 34- x 220 x 40 - 3 sections,
metal frame in paint finish third floor
'- 2 units",,05,1,478250.00,478250.00,,,,,,"Serrato, Armila","Marked: RPCPPE 2025 submitted to Accounting (2026-04-13)",RPCPPE2025-ACCT-SUB
4611,2025-05-00.000-0016-000,"Drop Ceiling (Area - 199.2sq.m.)","Entrance Wood slotted design - S4S -
1 x 8 x 8ft. Hanger hread, double furring, clip, pan head screw, black screw, expansion bolls and consumables (A=101.20 m2 (first floor) Busali-am / Patron - 12mm thickness gypsum board, metal
furring, metal carrying channel, wall angle, gypsum
black screw, pan head fraiming head screw, metal screw, putty; mesh tap, boral  primer white, sanding paper, roller brush (A-5.28m2 ) (First floor Discussion Room - 12mm thickness gypsum board,
metal furring, metal carrying channel, wall angle, gypsum blackcrew, pan head framing head screw, metal screw, putty mesh tap, boral, primer white, sanding paper, roller brush (A=92.72m2)",,05,1,745500.30,745500.30,,E,ntrance,,,"Serrato, Armila","Marked: RPCPPE 2025 submitted to Accounting (2026-04-13)",RPCPPE2025-ACCT-SUB
4612,2025-05-00.000-0017-000,Enclosure,"Glass Walls- 4 sets, 2 sets, 6 sets, 8 sets, 4 sets, 4 sets",,05,1,665500.00,665500.00,,G,lass,,,"Serrato, Armila","Marked: RPCPPE 2025 submitted to Accounting (2026-04-13)",RPCPPE2025-ACCT-SUB
4613,2025-05-00.000-0018-000,"Reading Tables and Chairs","first floor- 354 units (various size and shape)",,05,1,1562825.77,1562825.77,,f,irst,,,"Serrato, Armila","Marked: RPCPPE 2025 submitted to Accounting (2026-04-13)",RPCPPE2025-ACCT-SUB
4614,2025-05-00.000-0019-000,"Reading Tables and Chairs","second floor- 97 units (various size and shape)",,05,1,773424.68,773424.68,,s,econd,,,"Serrato, Armila","Marked: RPCPPE 2025 submitted to Accounting (2026-04-13)",RPCPPE2025-ACCT-SUB
4615,2025-05-00.000-0020-000,"Reading Tables and Chairs","third floor- 90 units (various size and shape)",,05,1,859539.36,859539.36,,t,hird,,,"Serrato, Armila","Marked: RPCPPE 2025 submitted to Accounting (2026-04-13)",RPCPPE2025-ACCT-SUB
4616,2025-05-00.000-0021-000,"ICT Related Equipment , Delivery, Installation and Commisioning","LED TV 70 inches( 3 Units), 1 Lot LED TV 55 inches (8 units) CCTV 32 channels, 50 inches TV Monitor with Hard drive 19 units, IP camera 2MP (6units), Book Sanitizer 1set; Self Service Book Search (OPAC 4 sets)",,05,1,1673064.00,1673064.00,,L,ED,,,"Serrato, Armila","Marked: RPCPPE 2025 submitted to Accounting (2026-04-13)",RPCPPE2025-ACCT-SUB
4617,2025-05-00.000-0022-000,"Reception / General Information counter","- 400 x 70 x 80cm with extended counter top 240 x 30 x 110 / 120 x 30",,05,1,74443.25,74443.25,,,,,,"Serrato, Armila","Marked: RPCPPE 2025 submitted to Accounting (2026-04-13)",RPCPPE2025-ACCT-SUB
4618,2025-05-00.000-0023-000,"UA"" book display","' - 210 x 160 x 50 / 210 x 170 x 50 w/ accent lighting (first floor)",,05,1,141004.98,141004.98,,',210,,,"Serrato, Armila","Marked: RPCPPE 2025 submitted to Accounting (2026-04-13)",RPCPPE2025-ACCT-SUB
4619,2025-05-00.000-0024-000,"New Arrival Book Display","180 x 210 x 30; first floor",,05,2,124694.86,249389.72,,,,,,"Serrato, Armila","Marked: RPCPPE 2025 submitted to Accounting (2026-04-13)",RPCPPE2025-ACCT-SUB
4620,2025-05-00.000-0025-000,"Rectangular Gazebo Type","- 255 x 244 x 244",,05,4,382695.28,1530781.12,,,,,,"Serrato, Armila","Marked: RPCPPE 2025 submitted to Accounting (2026-04-13)",RPCPPE2025-ACCT-SUB
4621,2025-05-00.000-0026-000,"Reading Hub (main area)","- 180cm x 140cm x 220cm",,05,4,250069.08,1000276.32,,,,,,"Serrato, Armila","Marked: RPCPPE 2025 submitted to Accounting (2026-04-13)",RPCPPE2025-ACCT-SUB
4622,2025-05-00.000-0027-000,"Circulation Counter","- 300 x 70 x 80cm",,05,1,58237.54,58237.54,,,,,,"Serrato, Armila","Marked: RPCPPE 2025 submitted to Accounting (2026-04-13)",RPCPPE2025-ACCT-SUB
4623,2025-05-00.000-0028-000,"Customized shelves with","seating cushion - 6 layers - -340 x 220 x 40 - 3 sections third floor",,05,5,254482.75,1272413.75,,s,eating,,,"Serrato, Armila","Marked: RPCPPE 2025 submitted to Accounting (2026-04-13)",RPCPPE2025-ACCT-SUB
4624,2025-05-00.000-0029-000,"Periodical shelves 104 x 220 x 35 with back issue","third floor",,05,4,249389.72,997558.88,,t,hird,,,"Serrato, Armila","Marked: RPCPPE 2025 submitted to Accounting (2026-04-13)",RPCPPE2025-ACCT-SUB
4625,2025-05-00.000-0030-000,"Circulation Counter","- 260 x 70 x 80cm with extended third floor",,05,1,52139.03,52139.03,,,,,,"Serrato, Armila","Marked: RPCPPE 2025 submitted to Accounting (2026-04-13)",RPCPPE2025-ACCT-SUB
4626,2025-05-00.000-0031-000,"Circular/Elliptical collab.","Nook with high table and standard seating with cushion back and seating",,05,2,103327.72,206655.44,,N,ook,,,"Serrato, Armila","Marked: RPCPPE 2025 submitted to Accounting (2026-04-13)",RPCPPE2025-ACCT-SUB
4627,2025-05-00.000-0032-000,"Demonstration Table","3 ft x 6 ft, 220 cm upper mirror, stainless steel",,05,1,54000.00,54000.00,,,,,,"Bangcaya, Porferio","Marked: RPCPPE 2025 submitted to Accounting (2026-04-13)",RPCPPE2025-ACCT-SUB
4628,2025-05-00.000-0033-000,"World Map","Port Locator Wall; sticker in Acrylic 5mm, with lighting components and switches 600cm x 220cm, metal bracket",,05,1,272250.00,272250.00,,P,ort,,,"Serrato, Armila","Marked: RPCPPE 2025 submitted to Accounting (2026-04-13)",RPCPPE2025-ACCT-SUB
4629,2023-05-00.000-0001-033,"Hardwood Conference Long Table","10 seaters with chairs; mahogany",,05,1,60000.00,60000.00,2023-10-25,,,VPAA,"VP for Academic Affairs","Alentajan, Jelyn","Marked: RPCPPE 2025 submitted to Accounting (2026-04-13)",RPCPPE2025-ACCT-SUB
4630,2025-05-00.000-0034-000,"Wooden Cabinet","2 units of fabricated wooden cabinet",,05,1,55000.00,55000.00,,,,,,,"Marked: RPCPPE 2025 submitted to Accounting (2026-04-13)",RPCPPE2025-ACCT-SUB
4631,2025-05-00.000-0035-000,"Wall Design & Fixtures","1. Discussion Room- 12mm thickness gypsum board, metal frame 2x4x2mm post frame / 2x2x2mm floor frame 28.8sq.mtr
2. Wall cladding section in bamboo finish 10.30sq.mtr- 2 units",,05,1,370634.31,370634.31,,,,,,"Serrato, Armila","Marked: RPCPPE 2025 submitted to Accounting (2026-04-13)",RPCPPE2025-ACCT-SUB
4632,2025-05-00.000-0036-000,"Customized Shelves with Seating Cushion","6 layers- 340x220x40- 3 sections, seating cushion 3"" flexfoam, leatherette finish",,05,1,66033.00,66033.00,,,,,,"Serrato, Armila","Marked: RPCPPE 2025 submitted to Accounting (2026-04-13)",RPCPPE2025-ACCT-SUB
4633,2025-05-00.000-0037-000,"Customized Shelves with Seating Cushion","6 layers- 340x220x40- 3 sections, seating cushion 3"" flexfoam, leatherette finish",,05,1,66033.00,66033.00,,,,,,"Serrato, Armila","Marked: RPCPPE 2025 submitted to Accounting (2026-04-13)",RPCPPE2025-ACCT-SUB
4634,2025-05-00.000-0038-000,"Customized Shelves with Seating Cushion","6 layers- 340x220x40- 3 sections, seating cushion 3"" flexfoam, leatherette finish",,05,1,66033.00,66033.00,,,,,,"Serrato, Armila","Marked: RPCPPE 2025 submitted to Accounting (2026-04-13)",RPCPPE2025-ACCT-SUB
4635,2025-05-00.000-0039-000,"Customized Shelves with High Table","6 layers- 340x220x40- 3 sections, seating cushion, leatherette finish",,05,1,66033.00,66033.00,,,,,,"Serrato, Armila","Marked: RPCPPE 2025 submitted to Accounting (2026-04-13)",RPCPPE2025-ACCT-SUB
4636,2025-05-00.000-0040-000,"Customized Shelves with High Table","6 layers- 340x220x40- 3 sections, seating cushion, leatherette finish",,05,1,66033.00,66033.00,,,,,,"Serrato, Armila","Marked: RPCPPE 2025 submitted to Accounting (2026-04-13)",RPCPPE2025-ACCT-SUB
4637,2025-00-00.000-0001-000,SUBTOTAL,,,,0,1088049.31,0.00,,,,,,,"Marked: RPCPPE 2025 submitted to Accounting (2026-04-13)",RPCPPE2025-ACCT-SUB
4638,2025-05-00.000-0041-000,"Customized Shelves with High Table","6 layers- 340x220x40- 3 sections, seating cushion, leatherette finish",,05,1,66033.00,66033.00,,,,,,"Serrato, Armila","Marked: RPCPPE 2025 submitted to Accounting (2026-04-13)",RPCPPE2025-ACCT-SUB
4639,2025-05-00.000-0042-000,"Customized shelves with high Table and highchair","6 layers; 220x244x40; 2 sections. metal frame in paint finish; laminated plyboard 18mm",,05,1,84645.00,84645.00,,,,,,"Serrato, Armila","Marked: RPCPPE 2025 submitted to Accounting (2026-04-13)",RPCPPE2025-ACCT-SUB
4640,2025-05-00.000-0043-000,"Customized shelves with high Table and highchair","6 layers; 220x244x40; 2 sections. metal frame in paint finish; laminated plyboard 18mm",,05,1,84645.00,84645.00,,,,,,"Serrato, Armila","Marked: RPCPPE 2025 submitted to Accounting (2026-04-13)",RPCPPE2025-ACCT-SUB
4641,2025-05-00.000-0044-000,"Circulation Counter","300x70x80cm with extended countertop 110x75x75 with wooden accent design- s4s 1x1x8ft.  metal frame 1x2x2mm with 1x1x2 metal connector,",,05,1,67122.00,67122.00,,,,,,"Serrato, Armila","Marked: RPCPPE 2025 submitted to Accounting (2026-04-13)",RPCPPE2025-ACCT-SUB
4642,2025-05-00.000-0045-000,"Memory Game wall","122x220x35, marine plywood 3/4,acrylic 5mm with stainless round tube, paint finish",,05,1,56380.50,56380.50,,,,,,"Serrato, Armila","Marked: RPCPPE 2025 submitted to Accounting (2026-04-13)",RPCPPE2025-ACCT-SUB
4643,2025-05-00.000-0046-000,"Baggage Counter","240x100x35cm and cabinet -120x220x35cm",,05,1,189337.50,189337.50,,,,,,"Serrato, Armila","Marked: RPCPPE 2025 submitted to Accounting (2026-04-13)",RPCPPE2025-ACCT-SUB
4644,2025-05-00.000-0047-000,"Drop Ceiling","Reading area with lighting accents",,05,1,857934.00,857934.00,,R,eading,,,"Serrato, Armila","Marked: RPCPPE 2025 submitted to Accounting (2026-04-13)",RPCPPE2025-ACCT-SUB
4645,2025-05-00.000-0048-000,Enclosures,"discussion room 122cmx220cm=16sets",,05,1,446490.00,446490.00,,d,iscussion,,,"Serrato, Armila","Marked: RPCPPE 2025 submitted to Accounting (2026-04-13)",RPCPPE2025-ACCT-SUB
4646,2025-05-00.000-0049-000,Blinds,"roller blinds, sunscreen standard, eliminate glare while maintaining unobstructive view to the outside scenery, control of workstation screen reflections, reduce heat gain-excellent thermal comfort, for ground floor to 4th floor",,05,1,410310.00,410310.00,,r,oller,,,"Serrato, Armila","Marked: RPCPPE 2025 submitted to Accounting (2026-04-13)",RPCPPE2025-ACCT-SUB
4647,2025-05-00.000-0050-000,"Floor Cabinet 1","Materials: High quality galvanized steel sheet, surface is electro-sprayed by epoxy resin; Door panel: high quality galvanized steel with glass doors; Door handle: Stainless steel, with swivel rubber wheel; L102cmxH60cmxW53cm",,05,1,59000.00,59000.00,,M,aterials:,,,"Gadot, Jessebel","Marked: RPCPPE 2025 submitted to Accounting (2026-04-13)",RPCPPE2025-ACCT-SUB
4648,2025-05-00.000-0051-000,"Floor Cabinet 5","Materials: High quality galvanized steel sheet, surface is electro-sprayed by epoxy resin; Door panel: high quality galvanized steel with glass doors; Door handle: Stainless steel, with swivel rubber wheel; L145cmxH64cmxW56cm",,05,1,88000.00,88000.00,,M,aterials:,,,"Gadot, Jessebel","Marked: RPCPPE 2025 submitted to Accounting (2026-04-13)",RPCPPE2025-ACCT-SUB
4649,2025-05-00.000-0052-000,"Floor Cabinet 7","Materials: High quality galvanized steel sheet, surface is electro-sprayed by epoxy resin; Door panel: high quality galvanized steel with glass doors; Door handle: Stainless steel, with swivel rubber wheel; L153cmxH62cmxW43cm",,05,1,71000.00,71000.00,,M,aterials:,,,"Gadot, Jessebel","Marked: RPCPPE 2025 submitted to Accounting (2026-04-13)",RPCPPE2025-ACCT-SUB
4650,2025-05-00.000-0053-000,"Floor Cabinet 8","Materials: High quality galvanized steel sheet, surface is electro-sprayed by epoxy resin; Door panel: high quality galvanized steel with glass doors; Door handle: Stainless steel, with swivel rubber wheel; L100cmxH63cmxW57cm",,05,1,64000.00,64000.00,,M,aterials:,,,"Gadot, Jessebel","Marked: RPCPPE 2025 submitted to Accounting (2026-04-13)",RPCPPE2025-ACCT-SUB
4651,2025-05-00.000-0054-000,"Floor Cabinet 10","Materials: High quality galvanized steel sheet, surface is electro-sprayed by epoxy resin; Door panel: high quality galvanized steel with glass doors; Door handle: Stainless steel, with swivel rubber wheel; L200cmxH90cmxW60cm",,05,1,91000.00,91000.00,,M,aterials:,,,"Gadot, Jessebel","Marked: RPCPPE 2025 submitted to Accounting (2026-04-13)",RPCPPE2025-ACCT-SUB
4652,2025-05-00.000-0055-000,"Floor Cabinet 11","Materials: High quality galvanized steel sheet, surface is electro-sprayed by epoxy resin; Door panel: high quality galvanized steel with glass doors; Door handle: Stainless steel, with swivel rubber wheel; L180cmxH65cmxW50cm",,05,1,52000.00,52000.00,,M,aterials:,,,"Gadot, Jessebel","Marked: RPCPPE 2025 submitted to Accounting (2026-04-13)",RPCPPE2025-ACCT-SUB
4653,2025-05-00.000-0056-000,"Floor Cabinet 12","Materials: High quality galvanized steel sheet, surface is electro-sprayed by epoxy resin; Door panel: high quality galvanized steel with glass doors; Door handle: Stainless steel, with swivel rubber wheel; L130cmxH220cmxW46cm, 4-layered",,05,1,111000.00,111000.00,,M,aterials:,,,"Gadot, Jessebel","Marked: RPCPPE 2025 submitted to Accounting (2026-04-13)",RPCPPE2025-ACCT-SUB
4654,2025-05-00.000-0057-000,"Floor Cabinet 13","Materials: High quality galvanized steel sheet, surface is electro-sprayed by epoxy resin; Door panel: high quality galvanized steel with glass doors; Door handle: Stainless steel, with swivel rubber wheel; L147cmxH67cmxW58cm",,05,1,90000.00,90000.00,,M,aterials:,,,"Gadot, Jessebel","Marked: RPCPPE 2025 submitted to Accounting (2026-04-13)",RPCPPE2025-ACCT-SUB
4655,2025-05-00.000-0058-000,"Hanging Cabinet 3","Materials: High quality galvanized steel sheet, surface is electro-sprayed by epoxy resin; Door panel: high quality galvanized steel with glass doors; Door handle: Stainless steel, 2 layers, 5 columns; L184cmxH60cmxW30cm,",,05,1,52000.00,52000.00,,M,aterials:,,,"Gadot, Jessebel","Marked: RPCPPE 2025 submitted to Accounting (2026-04-13)",RPCPPE2025-ACCT-SUB
4656,2025-05-00.000-0059-000,"Hanging Cabinet 4","Materials: High quality galvanized steel sheet, surface is electro-sprayed by epoxy resin; Door panel: high quality galvanized steel with glass doors; Door handle: Stainless steel, 2 layers, 5 columns; L184cmxH60cmxW30cm",,05,1,93000.00,93000.00,,M,aterials:,,,"Gadot, Jessebel","Marked: RPCPPE 2025 submitted to Accounting (2026-04-13)",RPCPPE2025-ACCT-SUB
4657,2025-05-00.000-0060-000,"Hanging Cabinet 4","Materials: High quality galvanized steel sheet, surface is electro-sprayed by epoxy resin; Door panel: high quality galvanized steel with glass doors; Door handle: Stainless steel, 2 layers, 5 columns; L184cmxH60cmxW30cm",,05,1,93000.00,93000.00,,M,aterials:,,,"Gadot, Jessebel","Marked: RPCPPE 2025 submitted to Accounting (2026-04-13)",RPCPPE2025-ACCT-SUB
4658,2025-05-00.000-0061-000,"Hanging Cabinet 6","Materials: High quality galvanized steel sheet, surface is electro-sprayed by epoxy resin; Door panel: high quality galvanized steel with glass doors; Door handle: Stainless steel, 1 layers, 5 columns; L184cmxH30cmxW30cm,",,05,1,52000.00,52000.00,,M,aterials:,,,"Gadot, Jessebel","Marked: RPCPPE 2025 submitted to Accounting (2026-04-13)",RPCPPE2025-ACCT-SUB
4659,2025-05-00.000-0062-000,"Hanging Cabinet 6","Materials: High quality galvanized steel sheet, surface is electro-sprayed by epoxy resin; Door panel: high quality galvanized steel with glass doors; Door handle: Stainless steel, 1 layers, 5 columns; L184cmxH30cmxW30cm,",,05,1,52000.00,52000.00,,M,aterials:,,,"Gadot, Jessebel","Marked: RPCPPE 2025 submitted to Accounting (2026-04-13)",RPCPPE2025-ACCT-SUB
4660,2025-05-00.000-0006-021,"Modern Vertical White Wooden","32cm bookcase with cabinets and shelves; included- 47""L x 13""W x79""H; solid wood with glass door natural color",,05,4,220000.00,880000.00,2025-01-24,,,CMS,"College of Maritime Studies",,"Marked: RPCPPE 2025 submitted to Accounting (2026-04-13)",RPCPPE2025-ACCT-SUB
4661,2002-05-00.000-0001-000,"Digital Lab",IDL-800,,05,1,85100.00,85100.00,2002-12-06,I,DL-800,,,,"Marked: RPCPPE 2025 submitted to Accounting (2026-04-13)",RPCPPE2025-ACCT-SUB
4662,2025-05-00.000-0063-000,"Micro Educational System","MTS-88-C SN-3170",,05,1,135000.00,135000.00,,M,TS-88-C,,,,"Marked: RPCPPE 2025 submitted to Accounting (2026-04-13)",RPCPPE2025-ACCT-SUB
4663,2025-05-00.000-0064-000,"Digital Learning Teaching",LT100,,05,1,120000.00,120000.00,,L,T100,,,,"Marked: RPCPPE 2025 submitted to Accounting (2026-04-13)",RPCPPE2025-ACCT-SUB
4664,2025-05-00.000-0065-000,"Digital Training System","ETS 5000; SN: 001585 5-5764",,05,1,159950.00,159950.00,,E,TS,,,"SERMENO, JASON","Marked: RPCPPE 2025 submitted to Accounting (2026-04-13)",RPCPPE2025-ACCT-SUB
4665,2025-05-00.000-0066-000,"Advanced Digital Training System","ETS 7000",,05,1,135000.00,135000.00,,E,TS,,,,"Marked: RPCPPE 2025 submitted to Accounting (2026-04-13)",RPCPPE2025-ACCT-SUB
4666,2025-05-00.000-0067-000,"Dual Traced Oscilloscope","69 MHZ; complete accessories",,05,1,122000.00,122000.00,,,,,,,"Marked: RPCPPE 2025 submitted to Accounting (2026-04-13)",RPCPPE2025-ACCT-SUB
4667,2025-05-00.000-0068-000,"Digital Training System","ETS 5000",,05,1,159950.00,159950.00,,E,TS,,,,"Marked: RPCPPE 2025 submitted to Accounting (2026-04-13)",RPCPPE2025-ACCT-SUB
4668,2025-05-00.000-0069-000,"Siemens SLMA 16",,,05,1,78000.00,78000.00,,,,,,,"Marked: RPCPPE 2025 submitted to Accounting (2026-04-13)",RPCPPE2025-ACCT-SUB
4669,2025-01-00.000-0022-000,Laptop,"Core i7; Dell APJ-PRU",,01,1,51700.00,51700.00,,C,ore,,,,"Marked: RPCPPE 2025 submitted to Accounting (2026-04-13)",RPCPPE2025-ACCT-SUB
4670,2025-01-00.000-0002-032,"Three-Channel data Acquisition eBook","Origin: Italy",,01,1,52000.00,52000.00,,O,rigin:,CEA,"College of Engineering and Architecture","Vegafria, Christine","Marked: RPCPPE 2025 submitted to Accounting (2026-04-13)",RPCPPE2025-ACCT-SUB
4671,2025-01-00.000-0003-032,"Desktop Computer","Acer Aspire XC-780 SN: DTB8ASP01181207C913000",,01,1,52000.00,52000.00,,A,cer,CEA,"College of Engineering and Architecture","Vegafria, Christine","Marked: RPCPPE 2025 submitted to Accounting (2026-04-13)",RPCPPE2025-ACCT-SUB
4672,2025-05-00.000-0070-000,Camcorder,"Panasonic AG-DVC7 DV/Canon DC40",,05,1,69455.00,69455.00,,P,anasonic,,,,"Marked: RPCPPE 2025 submitted to Accounting (2026-04-13)",RPCPPE2025-ACCT-SUB
4673,2025-01-00.000-0023-000,"Document Scanner,","HP Scanjet Pro 4500 f1 SN: CN8AAD6047",,01,1,52100.00,52100.00,,H,P,,,"Teologo, Reiner","Marked: RPCPPE 2025 submitted to Accounting (2026-04-13)",RPCPPE2025-ACCT-SUB
4674,2025-01-00.000-0024-000,"Document Scanner,","HP Scanjet Pro 4500 f1 SN: CN8AAD605D",,01,1,52100.00,52100.00,,H,P,,,,"Marked: RPCPPE 2025 submitted to Accounting (2026-04-13)",RPCPPE2025-ACCT-SUB
4675,2025-01-00.000-0025-000,"Document Scanner,","HP Scanjet Pro 4500 f1 SN: CN8AAD605J",,01,1,52100.00,52100.00,,H,P,,,,"Marked: RPCPPE 2025 submitted to Accounting (2026-04-13)",RPCPPE2025-ACCT-SUB
4676,2025-05-00.000-0001-009,"Multimedia projector","Acer, P3250 SN: EYJ801004821005165900",,05,1,52894.00,52894.00,,A,cer,CBA,"College of Business Accountancy","Bolivar, Loyda","Marked: RPCPPE 2025 submitted to Accounting (2026-04-13)",RPCPPE2025-ACCT-SUB
4677,2025-05-00.000-0003-038,Projector,"Acer P3250 DLP Projector w/ Tripod; SN: EYJ8501005902003525901",,05,1,52413.00,52413.00,,A,cer,CAS,"College of Arts and Sciences",,"Marked: RPCPPE 2025 submitted to Accounting (2026-04-13)",RPCPPE2025-ACCT-SUB
4678,2025-05-00.000-0002-013,"Logic Trainer","IDL-400 SN: 042304",,05,1,69000.00,69000.00,,I,DL-400,CCS,"College of Computer Studies","Militante, Sammy","Marked: RPCPPE 2025 submitted to Accounting (2026-04-13)",RPCPPE2025-ACCT-SUB
4679,2025-05-00.000-0003-013,"Logic Trainer","IDL-400 SN: 010168",,05,1,69000.00,69000.00,,I,DL-400,CCS,"College of Computer Studies","Militante, Sammy","Marked: RPCPPE 2025 submitted to Accounting (2026-04-13)",RPCPPE2025-ACCT-SUB
4680,2025-05-00.000-0004-013,Printer,"HP Laserjet P4515N; China SN: CNFY398348",,05,1,124300.00,124300.00,,H,P,CCS,"College of Computer Studies","SERMENO, JASON","Marked: RPCPPE 2025 submitted to Accounting (2026-04-13)",RPCPPE2025-ACCT-SUB
4681,2025-05-00.000-0071-000,"Biometric Scanner",,,05,1,78000.00,78000.00,,,,,,"Lim, Ma.","Marked: RPCPPE 2025 submitted to Accounting (2026-04-13)",RPCPPE2025-ACCT-SUB
4682,2025-05-00.000-0072-000,"Biometric Scanner",,,05,1,78000.00,78000.00,,,,,,"Lim, Ma.","Marked: RPCPPE 2025 submitted to Accounting (2026-04-13)",RPCPPE2025-ACCT-SUB
4683,2025-05-00.000-0073-000,"Electronic Trainer w/ Software","DL 3155E20",,05,1,174055.00,174055.00,,D,L,,,,"Marked: RPCPPE 2025 submitted to Accounting (2026-04-13)",RPCPPE2025-ACCT-SUB
4684,2025-05-00.000-0005-013,"Electronic Trainer Module","DL 3155E24",,05,1,154119.00,154119.00,,D,L,CCS,"College of Computer Studies","SERMENO, JASON","Marked: RPCPPE 2025 submitted to Accounting (2026-04-13)",RPCPPE2025-ACCT-SUB
4685,2013-05-00.000-0001-000,"Computer Server","Acer 3000 ANSI; EV-X13; IBM x 3250 M4; Model: 2583AC1 SN: 2583C2A-06WTYT3, 7915M2A-06XCCFE5",,05,2,465880.92,931761.84,2013-10-24,A,cer,,,,"Marked: RPCPPE 2025 submitted to Accounting (2026-04-13)",RPCPPE2025-ACCT-SUB
4686,2025-05-00.000-0074-000,"Database Server","(IBM 3650 M4)",,05,1,409876.99,409876.99,,(,IBM,,,"Serrato, Armila","Marked: RPCPPE 2025 submitted to Accounting (2026-04-13)",RPCPPE2025-ACCT-SUB
4687,2025-05-00.000-0075-000,"All in One PC Touch","18"" LED Monitor;w/ UPS 650VA; Lenovo C540; sn:CS00922171; CS00922158",,05,2,122000.00,244000.00,,,,,,,"Marked: RPCPPE 2025 submitted to Accounting (2026-04-13)",RPCPPE2025-ACCT-SUB
4688,2025-05-00.000-0008-032,Projector,"Acer P5307WB; SN: MRJ211007437004CE8410",,05,1,60000.00,60000.00,,A,cer,CEA,"College of Engineering and Architecture","Vegafria, Christine","Marked: RPCPPE 2025 submitted to Accounting (2026-04-13)",RPCPPE2025-ACCT-SUB
4689,2025-05-00.000-0076-000,"DSLR Camera","Sony ILCE-6000L; with tripod VCT-R640; SN: S01-4881211",,05,1,55515.00,55515.00,,S,ony,,,,"Marked: RPCPPE 2025 submitted to Accounting (2026-04-13)",RPCPPE2025-ACCT-SUB
4690,2025-05-00.000-0077-000,"DSLR Camera","Sony ILCE-6000L; with tripod VCT-R640; SN: 4881193",,05,1,55515.00,55515.00,,S,ony,,,"Atienza, Susan","Marked: RPCPPE 2025 submitted to Accounting (2026-04-13)",RPCPPE2025-ACCT-SUB
4691,2025-05-00.000-0006-013,"Network Attached Storage (NAS)","Model: DS18158 (Synology) SN: 1530MHN762500; 1530MHN249701",,05,2,109200.00,218400.00,,M,odel:,CCS,"College of Computer Studies",,"Marked: RPCPPE 2025 submitted to Accounting (2026-04-13)",RPCPPE2025-ACCT-SUB
4692,2025-05-00.000-0078-000,"Logic Trainer","IDL Logic Trainer 800A; SN: 055619-2015.09",,05,1,123000.00,123000.00,,I,DL,,,,"Marked: RPCPPE 2025 submitted to Accounting (2026-04-13)",RPCPPE2025-ACCT-SUB
4693,2025-05-00.000-0079-000,UPS,"6KVA; 4.2 KW-PRO Link PRO 906sTransformer T300chi-fl008h",,05,1,65000.00,65000.00,,,,,,,"Marked: RPCPPE 2025 submitted to Accounting (2026-04-13)",RPCPPE2025-ACCT-SUB
4694,2025-01-00.000-0026-000,Notebook,"HP Pavilion X360, Core i5 SN: 8CG8360KS1",,01,1,54239.25,54239.25,,H,P,,,"Alejandro, Allen","Marked: RPCPPE 2025 submitted to Accounting (2026-04-13)",RPCPPE2025-ACCT-SUB
4695,2025-01-00.000-0027-000,Notebook,8CG8361J9Y,,01,1,54239.25,54239.25,,,,,,"Pajarillo, Dr.Dolorosa","Marked: RPCPPE 2025 submitted to Accounting (2026-04-13)",RPCPPE2025-ACCT-SUB
4696,2025-01-00.000-0028-000,Notebook,8CG8361J9V,,01,1,54239.25,54239.25,,,,,,"Grafane, Joyce","Marked: RPCPPE 2025 submitted to Accounting (2026-04-13)",RPCPPE2025-ACCT-SUB
4697,2025-01-00.000-0029-000,Notebook,8CG8361J9R,,01,1,54239.25,54239.25,,,,,,,"Marked: RPCPPE 2025 submitted to Accounting (2026-04-13)",RPCPPE2025-ACCT-SUB
4698,2025-05-00.000-0001-080,"VDI-in -a-Box Desktop PC","Desktop PC 15 Terminal Server, intel core i7-4790 Monitor Model: P166HQL; SN: MMLTYSS003534076354206; MMLTYSS0035340719B4206; MMLTYSS003534072674206; MMLTYSS003534076964206; MMLTYSS003534072184206; MMLTYSS003534071FD4206; MMLTYSS003534074F24206; MMLTYSS003534071F04206; MMLTYSS003534074F84206; MMLTYSS003534072294206; MMLTYSS003534074314206; MMLTYSS003534072664206; MMLTYSS003534071F44206; MMLTYSS003534071A44206; MMLTYSS003534071EF4206",,05,1,226500.00,226500.00,,D,esktop,CTE,CIT,,"Marked: RPCPPE 2025 submitted to Accounting (2026-04-13)",RPCPPE2025-ACCT-SUB
4699,2025-05-00.000-0080-000,Projector,"High Lumen Outdoor, EPSON
SN:VZ3F5Y0006L",,05,1,205000.00,205000.00,,H,igh,,,,"Marked: RPCPPE 2025 submitted to Accounting (2026-04-13)",RPCPPE2025-ACCT-SUB
4700,2025-05-00.000-0081-000,"DSLR Camera","Nikon D7100; SN: 2082436",,05,1,55000.00,55000.00,,N,ikon,,,,"Marked: RPCPPE 2025 submitted to Accounting (2026-04-13)",RPCPPE2025-ACCT-SUB
4701,2025-05-00.000-0082-000,Laptop,"Lenovo Y7070; Intel core i7;SN: MP07L9ZG",,05,1,84800.00,84800.00,,L,enovo,,,"Abellon, Vincent","Marked: RPCPPE 2025 submitted to Accounting (2026-04-13)",RPCPPE2025-ACCT-SUB
4702,2025-05-00.000-0083-000,Laptop,"Touch Screen, lenovo YOGA 500-151SK",,05,1,52015.00,52015.00,,T,ouch,,,,"Marked: RPCPPE 2025 submitted to Accounting (2026-04-13)",RPCPPE2025-ACCT-SUB
4703,2025-05-00.000-0084-000,"Web Server","lenovo System x 3650 M5 Rack; SN: 5462AC4J3222TW",,05,1,388720.00,388720.00,,l,enovo,,,,"Marked: RPCPPE 2025 submitted to Accounting (2026-04-13)",RPCPPE2025-ACCT-SUB
4704,2025-05-00.000-0001-064,Camera,"DSLR Canon EOS 800D; SN: 068021000302",,05,1,59500.00,59500.00,,D,SLR,MENTOR,Mentor,,"Marked: RPCPPE 2025 submitted to Accounting (2026-04-13)",RPCPPE2025-ACCT-SUB
4705,2025-01-00.000-0030-000,Netbook,"core i5; Acer Travelmate X349; SN: NXVEESP007721095597200",,01,1,54500.00,54500.00,,c,ore,,,,"Marked: RPCPPE 2025 submitted to Accounting (2026-04-13)",RPCPPE2025-ACCT-SUB
4706,2025-01-00.000-0001-086,Laptop,"Intel Core i5 13th Gen; 8gb DDR4 RAM; 512Gb NVMe SSD; Nvidia RTX 2050 Graphics Card; ACER - TMP216-51G-53UB SN: NXB18SP0194241409E7600",,01,1,57850.00,57850.00,,I,ntel,CUR,"Curriculum Unit","Bacay, Elizabeth","Marked: RPCPPE 2025 submitted to Accounting (2026-04-13)",RPCPPE2025-ACCT-SUB
4707,2025-01-00.000-0001-002,Laptop,"Intel Core i5 13th Gen; 8gb DDR4 RAM; 512Gb NVMe SSD; Nvidia RTX 2050 Graphics Card; ACER - TMP216-51G-53UB SN: NXB18SP019424140D87600",,01,1,57850.00,57850.00,,I,ntel,AU,"Accounting Unit","Train, Sarah","Marked: RPCPPE 2025 submitted to Accounting (2026-04-13)",RPCPPE2025-ACCT-SUB
4708,2025-05-00.000-0085-000,Laptop,"Acer; Intel Core i5; SP 513-52N-53GI SN: NXGR7SP004742053576600",,05,1,52991.00,52991.00,,A,cer,,,"Berdin, Anna","Marked: RPCPPE 2025 submitted to Accounting (2026-04-13)",RPCPPE2025-ACCT-SUB
4709,2025-05-00.000-0001-034,Laptop,"Acer; Intel Core i5; SP 513-52N-53GI SN: NXGR7SP004739011E46600",,05,1,52991.00,52991.00,,A,cer,VPAF,"VP for Admin & Finance",,"Marked: RPCPPE 2025 submitted to Accounting (2026-04-13)",RPCPPE2025-ACCT-SUB
4710,2025-01-00.000-0031-000,"Digital Camera","Canon PowerShot SX60 HS SN: 443053003250",,01,1,58800.00,58800.00,,C,anon,,,,"Marked: RPCPPE 2025 submitted to Accounting (2026-04-13)",RPCPPE2025-ACCT-SUB
4711,2025-01-00.000-0032-000,"Distribution Switches","1 x switch, 24-port Gigabit Ethernet SN:",,01,1,59250.00,59250.00,,,,,,,"Marked: RPCPPE 2025 submitted to Accounting (2026-04-13)",RPCPPE2025-ACCT-SUB
4712,2025-01-00.000-0033-000,"Distribution Switches","1 x switch, 24-port Gigabit Ethernet SN:",,01,1,59250.00,59250.00,,,,,,,"Marked: RPCPPE 2025 submitted to Accounting (2026-04-13)",RPCPPE2025-ACCT-SUB
4713,2025-01-00.000-0034-000,"Distribution Switches","1 x switch, 24-port Gigabit Ethernet SN:",,01,1,59250.00,59250.00,,,,,,,"Marked: RPCPPE 2025 submitted to Accounting (2026-04-13)",RPCPPE2025-ACCT-SUB
4714,2025-01-00.000-0035-000,"Distribution Switches","1 x switch, 24-port Gigabit Ethernet SN:",,01,1,59250.00,59250.00,,,,,,,"Marked: RPCPPE 2025 submitted to Accounting (2026-04-13)",RPCPPE2025-ACCT-SUB
4715,2025-01-00.000-0036-000,"Distribution Switches","1 x switch, 24-port Gigabit Ethernet SN:",,01,1,59250.00,59250.00,,,,,,,"Marked: RPCPPE 2025 submitted to Accounting (2026-04-13)",RPCPPE2025-ACCT-SUB
4716,2025-01-00.000-0037-000,"Distribution Switches","1 x switch, 24-port Gigabit Ethernet SN:",,01,1,59250.00,59250.00,,,,,,,"Marked: RPCPPE 2025 submitted to Accounting (2026-04-13)",RPCPPE2025-ACCT-SUB
4717,2025-01-00.000-0038-000,"Distribution Switches","1 x switch, 24-port Gigabit Ethernet SN:",,01,1,59250.00,59250.00,,,,,,,"Marked: RPCPPE 2025 submitted to Accounting (2026-04-13)",RPCPPE2025-ACCT-SUB
4718,2025-05-00.000-0086-000,"ID Card printer","Model: CR805; SN: NM1156; Entrust Data Card",,05,1,200000.00,200000.00,,M,odel:,,,,"Marked: RPCPPE 2025 submitted to Accounting (2026-04-13)",RPCPPE2025-ACCT-SUB
4719,2025-05-00.000-0087-000,"Desktop Computer","All in 1; Core i5; HP Pavillion; SN: 8CC6270D78",,05,1,58777.00,58777.00,,A,ll,,,,"Marked: RPCPPE 2025 submitted to Accounting (2026-04-13)",RPCPPE2025-ACCT-SUB
4720,2025-05-00.000-0088-000,"Desktop Computer","All in 1; Core i5; HP Pavilion; SN: 8CC6270D79",,05,1,58777.00,58777.00,,A,ll,,,,"Marked: RPCPPE 2025 submitted to Accounting (2026-04-13)",RPCPPE2025-ACCT-SUB
4721,2025-05-00.000-0007-021,"Lathe Machine","WURKTON BL6230; SN: 4461",,05,1,288000.00,288000.00,,W,URKTON,CMS,"College of Maritime Studies",,"Marked: RPCPPE 2025 submitted to Accounting (2026-04-13)",RPCPPE2025-ACCT-SUB
4722,2025-05-00.000-0008-021,"Basic Electronics/Electrical Trainer","3-phase transformer connection; 2 toggle switch; 2 digital voltmeter; banana socket",,05,1,754986.78,754986.78,,,,CMS,"College of Maritime Studies","Samillano, Rowen","Marked: RPCPPE 2025 submitted to Accounting (2026-04-13)",RPCPPE2025-ACCT-SUB
4723,2025-05-00.000-0009-021,"Motor Control Trainer","Reversing, two-speed and reduce-voltage -3ph induction motor 1/2hp 220v; -3ph mccb fuji 15 amp 3 pole; LAPTOP Travelmate P2; windows 10 with license, core i5; SN: NXVGTSP013839021C57200",,05,1,1024997.73,1024997.73,,R,eversing,CMS,"College of Maritime Studies","Samillano, Rowen","Marked: RPCPPE 2025 submitted to Accounting (2026-04-13)",RPCPPE2025-ACCT-SUB
4724,2025-05-00.000-0007-013,"Desktop Computer","Intel Core i7 SN: DTVQVSP14194401E889600; Monitor SN: MMLXKSS01391203BC34236",,05,1,92736.00,92736.00,,I,ntel,CCS,"College of Computer Studies","SERMENO, JASON","Marked: RPCPPE 2025 submitted to Accounting (2026-04-13)",RPCPPE2025-ACCT-SUB
4725,2025-05-00.000-0089-000,Notebook,"ACER N19H4; SN: NXHJKSP001943045674S00",,05,1,58950.00,58950.00,,A,CER,,,"Escoton, Cheryl","Marked: RPCPPE 2025 submitted to Accounting (2026-04-13)",RPCPPE2025-ACCT-SUB
4726,2025-05-00.000-0008-013,Laptop,"LENOVO YOGA 730-151WL; Intel Core i7; SN: MP1KROFD",,05,1,86130.00,86130.00,,L,ENOVO,CCS,"College of Computer Studies","SERMENO, JASON","Marked: RPCPPE 2025 submitted to Accounting (2026-04-13)",RPCPPE2025-ACCT-SUB
4727,2025-01-00.000-0002-013,"I/O Board Modules","MTS-88 C-Use",,01,1,76200.00,76200.00,,M,TS-88,CCS,"College of Computer Studies","Militante, Sammy","Marked: RPCPPE 2025 submitted to Accounting (2026-04-13)",RPCPPE2025-ACCT-SUB
4728,2025-05-00.000-0009-013,Laptop,"LENOVO YOGA 730-151WL; Intel Core i7; SN: MP1KQLZS",,05,1,86130.00,86130.00,,L,ENOVO,CCS,"College of Computer Studies","SERMENO, JASON","Marked: RPCPPE 2025 submitted to Accounting (2026-04-13)",RPCPPE2025-ACCT-SUB
4729,2025-05-00.000-0090-000,Printer,"CANON IR C3020",,05,1,151000.00,151000.00,,C,ANON,,,"Samillano, Rowen","Marked: RPCPPE 2025 submitted to Accounting (2026-04-13)",RPCPPE2025-ACCT-SUB
4730,2025-05-00.000-0004-038,"Computer Set","All-in-One; HP Pavillon; SN: HCC9330Q5L",,05,1,53750.00,53750.00,,A,ll-in-One,CAS,"College of Arts and Sciences",,"Marked: RPCPPE 2025 submitted to Accounting (2026-04-13)",RPCPPE2025-ACCT-SUB
4731,2025-05-00.000-0091-000,Camera,"DSLR NIKON D7500 SN: 8818622",,05,1,79875.00,79875.00,,D,SLR,,,"Vego, Wilma","Marked: RPCPPE 2025 submitted to Accounting (2026-04-13)",RPCPPE2025-ACCT-SUB
4732,2025-05-00.000-0092-000,UPS,"PROLINK 6kva; Model PRO906-WS",,05,1,80000.00,80000.00,,P,ROLINK,,,,"Marked: RPCPPE 2025 submitted to Accounting (2026-04-13)",RPCPPE2025-ACCT-SUB
4733,2025-05-00.000-0093-000,"DSLR Camera",Nikon,,05,1,89100.00,89100.00,,N,ikon,,,"Francisco, Adrian","Marked: RPCPPE 2025 submitted to Accounting (2026-04-13)",RPCPPE2025-ACCT-SUB
4734,2025-05-00.000-0094-000,"Fiber Switch",Rubigi,,05,1,160000.00,160000.00,,R,ubigi,,,,"Marked: RPCPPE 2025 submitted to Accounting (2026-04-13)",RPCPPE2025-ACCT-SUB
4735,2025-05-00.000-0002-080,Scanner,"HP Scanjet N9120; SN: CNN3JAN01K",,05,1,210000.00,210000.00,,H,P,CTE,CIT,,"Marked: RPCPPE 2025 submitted to Accounting (2026-04-13)",RPCPPE2025-ACCT-SUB
4736,2025-05-00.000-0095-000,Laptop,"Acer Travelmate P214; SN: NXVLESP02N1111A9E07600",,05,1,50000.00,50000.00,,A,cer,,,"Bolivar, Loyda","Marked: RPCPPE 2025 submitted to Accounting (2026-04-13)",RPCPPE2025-ACCT-SUB
4737,2025-05-00.000-0096-000,Server,"For Telephone: IP-PBX SN: 21AWNNWLC13CBECC",,05,1,129100.00,129100.00,,F,or,,,,"Marked: RPCPPE 2025 submitted to Accounting (2026-04-13)",RPCPPE2025-ACCT-SUB
4738,2025-05-00.000-0097-000,"Professional Camera Recorder","Brand: Panasonic, Model: AG-AC30, SN: H1TKA0135",,05,1,123188.00,123188.00,,B,rand:,,,"Sola, Saredith","Marked: RPCPPE 2025 submitted to Accounting (2026-04-13)",RPCPPE2025-ACCT-SUB
4739,2025-05-00.000-0098-000,Laptop,"AMD Ryzen, Model: N22C1 Nitro 5, 6 cores SN: NHQH4SP002237029783400",,05,1,83739.00,83739.00,,A,MD,,,,"Marked: RPCPPE 2025 submitted to Accounting (2026-04-13)",RPCPPE2025-ACCT-SUB
4740,2025-05-00.000-0010-013,"Desktop Computer","ACER Verito X4690G, Intel Core i7, 12 cores 20 threads, 2TB HDD, 500GB SSD, 32GB RAM, SN: DTVWSSP01T2330199B3000",,05,1,85855.00,85855.00,,A,CER,CCS,"College of Computer Studies",,"Marked: RPCPPE 2025 submitted to Accounting (2026-04-13)",RPCPPE2025-ACCT-SUB
4741,2025-05-00.000-0011-013,"Desktop Computer","ACER Verito X4690G, Intel Core i7, 12 cores 20 threads, 2TB HDD, 500GB SSD, 32GB RAM, SN: DTVWSSP01T2330199F3000",,05,1,85855.00,85855.00,,A,CER,CCS,"College of Computer Studies",,"Marked: RPCPPE 2025 submitted to Accounting (2026-04-13)",RPCPPE2025-ACCT-SUB
4742,2025-05-00.000-0012-013,"Desktop Computer","ACER Verito X4690G, Intel Core i7, 12 cores 20 threads, 2TB HDD, 500GB SSD, 32GB RAM, SN: DTVWSSP01T233019A93000",,05,1,85855.00,85855.00,,A,CER,CCS,"College of Computer Studies",,"Marked: RPCPPE 2025 submitted to Accounting (2026-04-13)",RPCPPE2025-ACCT-SUB
4743,2025-05-00.000-0013-013,"Desktop Computer","ACER Verito X4690G, Intel Core i7, 12 cores 20 threads, 2TB HDD, 500GB SSD, 32GB RAM, SN: DTVWSSP01T233019A83000",,05,1,85855.00,85855.00,,A,CER,CCS,"College of Computer Studies",,"Marked: RPCPPE 2025 submitted to Accounting (2026-04-13)",RPCPPE2025-ACCT-SUB
4744,2025-05-00.000-0014-013,"Desktop Computer","ACER Verito X4690G, Intel Core i7, 12 cores 20 threads, 2TB HDD, 500GB SSD, 32GB RAM, SN: DTVWSSP01T233019993000",,05,1,85855.00,85855.00,,A,CER,CCS,"College of Computer Studies",,"Marked: RPCPPE 2025 submitted to Accounting (2026-04-13)",RPCPPE2025-ACCT-SUB
4745,2025-05-00.000-0015-013,"Desktop Computer","ACER Verito X4690G, Intel Core i7, 12 cores 20 threads, 2TB HDD, 500GB SSD, 32GB RAM, SN: DTVWSSP01T233019AF3000",,05,1,85855.00,85855.00,,A,CER,CCS,"College of Computer Studies",,"Marked: RPCPPE 2025 submitted to Accounting (2026-04-13)",RPCPPE2025-ACCT-SUB
4746,2023-05-00.000-0001-000,"Laptop AMD Ryzen 5","Brand: ACER, Model: N22C1, 15.6"" Full HD (1920 x 1080) 16:9 144 Hz. DDR4 1TB SSD SN: NHQH4SP002237029253400",,05,1,78999.00,78999.00,2023-01-18,B,rand:,,,,"Marked: RPCPPE 2025 submitted to Accounting (2026-04-13)",RPCPPE2025-ACCT-SUB
4747,2025-05-00.000-0099-000,"Laptop AMD Ryzen 5","Brand: ACER, Model: N22C1, 15.6"" Full HD (1920 x 1080) 16:9 144 Hz. DDR4 1TB SSD SN: NHQH4SP002237028103400",,05,1,78999.00,78999.00,,B,rand:,,,,"Marked: RPCPPE 2025 submitted to Accounting (2026-04-13)",RPCPPE2025-ACCT-SUB
4748,23-05-00.000-0001-000,"Laptop AMD Ryzen 5","Brand: ACER, Model: N22C1, 15.6"" Full HD (1920 x 1080) 16:9 144 Hz. DDR4 1TB SSD SN:",,05,1,78999.00,78999.00,0023-01-18,B,rand:,,,,"Marked: RPCPPE 2025 submitted to Accounting (2026-04-13)",RPCPPE2025-ACCT-SUB
4749,23-05-00.000-0001-013,SWITCH,"D-Link, DGS-1520-28MP, 28-ports Gigabit, SN: SYEE126000249",,05,1,134525.00,134525.00,0023-01-18,D,Link,CCS,"College of Computer Studies",,"Marked: RPCPPE 2025 submitted to Accounting (2026-04-13)",RPCPPE2025-ACCT-SUB
4750,23-05-00.000-0002-013,"Switch L2","TP-Link TL-SG3452, SWITCH L2-TP Link Jetstream, Port: 48x Gigabit RJ45 Ports, 4x 10G SFP, SN: 222G93R5000851",,05,1,51870.00,51870.00,0023-01-18,T,P-Link,CCS,"College of Computer Studies",,"Marked: RPCPPE 2025 submitted to Accounting (2026-04-13)",RPCPPE2025-ACCT-SUB
4751,23-05-00.000-0002-000,Laptop,"CORE Tm i9, ASUS",,05,1,84999.00,84999.00,0023-01-18,C,ORE,,,"Lazo, Mark","Marked: RPCPPE 2025 submitted to Accounting (2026-04-13)",RPCPPE2025-ACCT-SUB
4752,2023-05-00.000-0002-000,Server,"Dual Processor: DELL PowerEdge 2U R540, SN: 41573293707",,05,1,677000.00,677000.00,2023-06-21,D,ual,,,,"Marked: RPCPPE 2025 submitted to Accounting (2026-04-13)",RPCPPE2025-ACCT-SUB
4753,23-05-00.000-0003-013,"CCTV Camera","HikVision- DS-2CE16DOT-ITPFS, 16 cameras/channels 2mp bullet, 3TB, SN:",,05,1,68040.00,68040.00,0023-05-25,H,ikVision-,CCS,"College of Computer Studies",,"Marked: RPCPPE 2025 submitted to Accounting (2026-04-13)",RPCPPE2025-ACCT-SUB
4754,23-05-00.000-0003-000,"Desktop Computer","AMD Ryzen, 6 Core SSD 500GB",,05,1,54035.00,54035.00,0023-05-25,A,MD,,,"Crespo, Pablo","Marked: RPCPPE 2025 submitted to Accounting (2026-04-13)",RPCPPE2025-ACCT-SUB
4755,23-05-00.000-0004-000,Printer,"CISS, EPSON: L15150, SN: X6N7019108",,05,1,54280.00,54280.00,0023-05-25,C,ISS,,,,"Marked: RPCPPE 2025 submitted to Accounting (2026-04-13)",RPCPPE2025-ACCT-SUB
4756,23-05-00.000-0001-021,UPS,"KSTAR - 10kVA, Model: UDC9110H-RT
SN: 310038110D79890900004",,05,1,85600.00,85600.00,0023-05-25,K,STAR,CMS,"College of Maritime Studies",,"Marked: RPCPPE 2025 submitted to Accounting (2026-04-13)",RPCPPE2025-ACCT-SUB
4757,23-05-00.000-0002-021,UPS,"KSTAR - 10kVA, Model: UDC9110H-RT
SN: 310038110D79890900010",,05,1,85600.00,85600.00,0023-05-25,K,STAR,CMS,"College of Maritime Studies",,"Marked: RPCPPE 2025 submitted to Accounting (2026-04-13)",RPCPPE2025-ACCT-SUB
4758,2023-05-00.000-0003-000,Printer,"PVC ID Card Printer (MATICA) Model: MC310 SN: 0002641",,05,1,50000.00,50000.00,2023-08-22,P,VC,,,"Bangcaya, Porferio","Marked: RPCPPE 2025 submitted to Accounting (2026-04-13)",RPCPPE2025-ACCT-SUB
4759,2023-05-00.000-0004-000,"Solar Powered Charging Station","Controller brand : SRNE, 4 Battery 12V 14amp, Inverter 500 watts",,05,1,84760.00,84760.00,2023-08-18,C,ontroller,,,"Omayana, Christpeter","Marked: RPCPPE 2025 submitted to Accounting (2026-04-13)",RPCPPE2025-ACCT-SUB
4760,2025-01-00.000-0001-050,"Server 2-Bay Network Attached Storage","Processor: Intel/ryzen quadcore/4-core 2.0GHz or faster, 64-bit; Memory: 2GB DDR4; Drives and Bay Support: 2x2.5' SATA SSD- 3 years hardware warranty includes: 2x2.5'' SATA SSD; 2TB with LED monitor 19.5"" and UPS; ALTOS OSAN - XN3004T; SN: XN19CQ00045",,01,1,96750.00,96750.00,,P,rocessor:,PU,"Procurement Unit","Alejandro, Allen","Marked: RPCPPE 2025 submitted to Accounting (2026-04-13)",RPCPPE2025-ACCT-SUB
4761,2025-01-00.000-0039-000,Printer,"Flash Forge Creator Pro 2",,01,1,98000.00,98000.00,,F,lash,,,,"Marked: RPCPPE 2025 submitted to Accounting (2026-04-13)",RPCPPE2025-ACCT-SUB
4762,2025-01-00.000-0040-000,Plotter,"HP T120 24-in Printer",,01,1,98650.00,98650.00,,H,P,,,,"Marked: RPCPPE 2025 submitted to Accounting (2026-04-13)",RPCPPE2025-ACCT-SUB
4763,2025-05-00.000-0100-000,"LED TV","70"" display; TCL - 70P655; SN: 2408ALY221983A00669",,05,1,72750.00,72750.00,,,,,,"Serrato, Armila","Marked: RPCPPE 2025 submitted to Accounting (2026-04-13)",RPCPPE2025-ACCT-SUB
4764,2025-05-00.000-0101-000,CCTV,"32 Channel H.265 Digital Video Recorder; 25 units IP Camera HKVISION - DS-7732NXI-K4 SN: FF7234731",,05,1,352780.31,352780.31,,,,,,"Serrato, Armila","Marked: RPCPPE 2025 submitted to Accounting (2026-04-13)",RPCPPE2025-ACCT-SUB
4765,2025-05-00.000-0102-000,"OPAC Kiosk","Self Service Book Search",,05,1,275286.00,275286.00,,S,elf,,,"Serrato, Armila","Marked: RPCPPE 2025 submitted to Accounting (2026-04-13)",RPCPPE2025-ACCT-SUB
4766,2025-05-00.000-0016-013,"Desktop Computer","AMD Ryzen 7 5800X, 16GB RAM, 1TB SSD, M.2NVME 1TB, 144Hz Monitor 24 inches (Philips) SN: UK02241003913",,05,1,52500.00,52500.00,,A,MD,CCS,"College of Computer Studies",,"Marked: RPCPPE 2025 submitted to Accounting (2026-04-13)",RPCPPE2025-ACCT-SUB
4767,2025-05-00.000-0017-013,"Desktop Computer","AMD Ryzen 7 5800X, 16GB RAM, 1TB SSD, M.2NVME 1TB, 144Hz Monitor 24 inches (Philips) SN: UK02241003808",,05,1,52500.00,52500.00,,A,MD,CCS,"College of Computer Studies",,"Marked: RPCPPE 2025 submitted to Accounting (2026-04-13)",RPCPPE2025-ACCT-SUB
4768,2025-01-00.000-0003-013,"MDA EMS 196","16 Bit Micro Controller 80C 196 KC Emulation",,01,1,126500.00,126500.00,,,,CCS,"College of Computer Studies","Militante, Sammy","Marked: RPCPPE 2025 submitted to Accounting (2026-04-13)",RPCPPE2025-ACCT-SUB
4769,2025-05-00.000-0018-013,"Desktop Computer","AMD Ryzen 7 5800X, 16GB RAM, 1TB SSD, M.2NVME 1TB, 144Hz Monitor 24 inches (Philips) SN: UK02241003845",,05,1,52500.00,52500.00,,A,MD,CCS,"College of Computer Studies",,"Marked: RPCPPE 2025 submitted to Accounting (2026-04-13)",RPCPPE2025-ACCT-SUB
4770,2025-05-00.000-0019-013,"Desktop Computer","AMD Ryzen 7 5800X, 16GB RAM, 1TB SSD, M.2NVME 1TB, 144Hz Monitor 24 inches (Philips) SN: UK02241003823",,05,1,52500.00,52500.00,,A,MD,CCS,"College of Computer Studies",,"Marked: RPCPPE 2025 submitted to Accounting (2026-04-13)",RPCPPE2025-ACCT-SUB
4771,2025-01-00.000-0004-013,"Advanced Digital Training System","ETS 7000",,01,1,135000.00,135000.00,,E,TS,CCS,"College of Computer Studies","Militante, Sammy","Marked: RPCPPE 2025 submitted to Accounting (2026-04-13)",RPCPPE2025-ACCT-SUB
4772,2025-05-00.000-0020-013,"Desktop Computer","AMD Ryzen 7 5800X, 16GB RAM, 1TB SSD, M.2NVME 1TB, 144Hz Monitor 24 inches (Philips) SN: UK02241003805",,05,1,52500.00,52500.00,,A,MD,CCS,"College of Computer Studies",,"Marked: RPCPPE 2025 submitted to Accounting (2026-04-13)",RPCPPE2025-ACCT-SUB
4773,2025-05-00.000-0021-013,"Desktop Computer","AMD Ryzen 7 5800X, 16GB RAM, 1TB SSD, M.2NVME 1TB, 144Hz Monitor 24 inches (Philips) SN: UK02241003802",,05,1,52500.00,52500.00,,A,MD,CCS,"College of Computer Studies",,"Marked: RPCPPE 2025 submitted to Accounting (2026-04-13)",RPCPPE2025-ACCT-SUB
4774,2025-01-00.000-0041-000,Laptop,"Core i7; Dell XPS-13; SN:7342QQ2",,01,1,145700.00,145700.00,,C,ore,,,"Crespo, Pablo","Marked: RPCPPE 2025 submitted to Accounting (2026-04-13)",RPCPPE2025-ACCT-SUB
4775,2025-01-00.000-0001-018,"Card Printer","Ultra-High Resolution Dual Sided RETRANSFER Card Printer; Heavy Duty IPSEC Network Security; Electronic Security Lock with UPS MATICA - EDIsecure; SN: A4S11749",,01,1,150000.00,150000.00,,U,ltra-High,HRU,"Human Resource Unit","Lim, Ma.","Marked: RPCPPE 2025 submitted to Accounting (2026-04-13)",RPCPPE2025-ACCT-SUB
4776,2025-05-00.000-0022-013,"Desktop Computer","AMD Ryzen 7 5800X, 16GB RAM, 1TB SSD, M.2NVME 1TB, 144Hz Monitor 24 inches (Philips) SN: UK02241003857",,05,1,52500.00,52500.00,,A,MD,CCS,"College of Computer Studies",,"Marked: RPCPPE 2025 submitted to Accounting (2026-04-13)",RPCPPE2025-ACCT-SUB
4777,2025-05-00.000-0023-013,"Desktop Computer","AMD Ryzen 7 5800X, 16GB RAM, 1TB SSD, M.2NVME 1TB, 144Hz Monitor 24 inches (Philips) SN: UK02241003821",,05,1,52500.00,52500.00,,A,MD,CCS,"College of Computer Studies",,"Marked: RPCPPE 2025 submitted to Accounting (2026-04-13)",RPCPPE2025-ACCT-SUB
4778,2025-01-00.000-0005-013,"Digital Learning Teaching",,,01,1,159950.00,159950.00,,,,CCS,"College of Computer Studies","Militante, Sammy","Marked: RPCPPE 2025 submitted to Accounting (2026-04-13)",RPCPPE2025-ACCT-SUB
4779,2025-05-00.000-0024-013,"Desktop Computer","AMD Ryzen 7 5800X, 16GB RAM, 1TB SSD, M.2NVME 1TB, 144Hz Monitor 24 inches (Philips) SN: UK02241003829",,05,1,52500.00,52500.00,,A,MD,CCS,"College of Computer Studies",,"Marked: RPCPPE 2025 submitted to Accounting (2026-04-13)",RPCPPE2025-ACCT-SUB
4780,2025-05-00.000-0025-013,"Desktop Computer","AMD Ryzen 7 5800X, 16GB RAM, 1TB SSD, M.2NVME 1TB, 144Hz Monitor 24 inches (Philips) SN: UK02241003807",,05,1,52500.00,52500.00,,A,MD,CCS,"College of Computer Studies",,"Marked: RPCPPE 2025 submitted to Accounting (2026-04-13)",RPCPPE2025-ACCT-SUB
4781,2025-05-00.000-0026-013,Server,"Dell - EMC E75S; SN: 9D7WN44",,05,1,240900.00,240900.00,,D,ell,CCS,"College of Computer Studies","Amar, John","Marked: RPCPPE 2025 submitted to Accounting (2026-04-13)",RPCPPE2025-ACCT-SUB
4782,2025-05-00.000-0009-032,"Desktop Computer","HP - All-in-One 24-cb1049d SN: 8CC434173B",,05,1,50500.00,50500.00,,H,P,CEA,"College of Engineering and Architecture","Vegafria, Christine","Marked: RPCPPE 2025 submitted to Accounting (2026-04-13)",RPCPPE2025-ACCT-SUB
4783,2025-01-00.000-0042-000,"Integrated Service Router","with unified communication, 1 x intergrated Service Router, with 8x5 NBD",,01,1,175000.00,175000.00,,w,ith,,,,"Marked: RPCPPE 2025 submitted to Accounting (2026-04-13)",RPCPPE2025-ACCT-SUB
4784,2025-01-00.000-0043-000,Scanner,"Scanjet Enterprise Flow N9120 fn2; SN: CNL9CAN01G",,01,1,180000.00,180000.00,,S,canjet,,,"Muhat, Wilfredo","Marked: RPCPPE 2025 submitted to Accounting (2026-04-13)",RPCPPE2025-ACCT-SUB
4785,2025-01-00.000-0044-000,"Data Center Rack, 42U","1 x Data Center rack, 42U, 800mm (W) x 1070mm (D), 2 x Power distribution unit, Basic, OU, 16A, IEC309 input, 20 x C13, 4 x C19 outlets, EIA-310D, IEC-60297-2",,01,1,199700.00,199700.00,,,,,,,"Marked: RPCPPE 2025 submitted to Accounting (2026-04-13)",RPCPPE2025-ACCT-SUB
4786,2025-01-00.000-0045-000,"Data Center Rack, 42U","1 x Data Center rack, 42U, 800mm (W) x 1070mm (D), 2 x Power distribution unit, Basic, OU, 16A, IEC309 input, 20 x C13, 4 x C19 outlets, EIA-310D, IEC-60297-2",,01,1,199700.00,199700.00,,,,,,,"Marked: RPCPPE 2025 submitted to Accounting (2026-04-13)",RPCPPE2025-ACCT-SUB
4787,2025-01-00.000-0046-000,"Network attached storage","1 x Network attached storage Appliance, 1 x 16GB RAM Module, 4 x 4TB Enterprise, Capacity HDD, 1 x sliding Railing Kit, Intel",,01,1,200000.00,200000.00,,,,,,,"Marked: RPCPPE 2025 submitted to Accounting (2026-04-13)",RPCPPE2025-ACCT-SUB
4788,2025-05-00.000-0001-026,Printer,"EPSON L15150 SN: X6N7053525",,05,1,54500.00,54500.00,,E,PSON,PLAN,"Planning Unit","Lazo, Mark","Marked: RPCPPE 2025 submitted to Accounting (2026-04-13)",RPCPPE2025-ACCT-SUB
4789,2025-05-00.000-0001-055,"Point of Sale (POS) System","for Coffee Shop, includes Lenovo Tablet - 10.1"" Model: Lenovo TB-X306X SN: HVA18KY4; Money Detector Model: NX-113; Thermal Printer HPRT",,05,1,81500.00,81500.00,,f,or,BOU,"Business Operations Unit",,"Marked: RPCPPE 2025 submitted to Accounting (2026-04-13)",RPCPPE2025-ACCT-SUB
4790,2025-05-00.000-0001-029,"Desktop Computer","All-in-One; ACER - ASPIRE C24-195ES; SN: DQBM4SP00143901B093000",,05,1,52950.00,52950.00,,A,ll-in-One,ARU,"Admission/Registrarship Unit","Teologo, Reiner","Marked: RPCPPE 2025 submitted to Accounting (2026-04-13)",RPCPPE2025-ACCT-SUB
4791,2025-05-00.000-0002-029,"Desktop Computer","All-in-One; ACER - ASPIRE C24-195ES; SN: DQBM4SP00143901B0F3000",,05,1,52950.00,52950.00,,A,ll-in-One,ARU,"Admission/Registrarship Unit","Teologo, Reiner","Marked: RPCPPE 2025 submitted to Accounting (2026-04-13)",RPCPPE2025-ACCT-SUB
4792,2025-05-00.000-0003-029,"Desktop Computer","All-in-One; ACER - ASPIRE C24-195ES; SN: DQBM4SP00143901B053000",,05,1,52950.00,52950.00,,A,ll-in-One,ARU,"Admission/Registrarship Unit","Teologo, Reiner","Marked: RPCPPE 2025 submitted to Accounting (2026-04-13)",RPCPPE2025-ACCT-SUB
4793,2025-01-00.000-0004-032,"Data Acquisition USB Interface","Origin: Italy: DL 1893; SN: 1105683.24",,01,1,233500.00,233500.00,,O,rigin:,CEA,"College of Engineering and Architecture","Vegafria, Christine","Marked: RPCPPE 2025 submitted to Accounting (2026-04-13)",RPCPPE2025-ACCT-SUB
4794,2025-05-00.000-0004-029,"Desktop Computer","All-in-One; ACER - ASPIRE C24-195ES; SN: DQBM4SP00143901B1F3000",,05,1,52950.00,52950.00,,A,ll-in-One,ARU,"Admission/Registrarship Unit","Teologo, Reiner","Marked: RPCPPE 2025 submitted to Accounting (2026-04-13)",RPCPPE2025-ACCT-SUB
4795,2025-01-00.000-0005-032,Printer,"MFP -HP Design jet 36""",,01,1,260000.00,260000.00,,M,FP,CEA,"College of Engineering and Architecture","Vegafria, Christine","Marked: RPCPPE 2025 submitted to Accounting (2026-04-13)",RPCPPE2025-ACCT-SUB
4796,2025-05-00.000-0001-061,"2 Bay Network Attached Storage","Synology - DS723+; SN: 2440TPRY60PEH",,05,1,99500.00,99500.00,,S,ynology,REC,"Records Unit","Grafane, Joyce","Marked: RPCPPE 2025 submitted to Accounting (2026-04-13)",RPCPPE2025-ACCT-SUB
4797,2025-05-00.000-0005-038,Printer,"EPSON L15150 SN: X6N7053520",,05,1,54500.00,54500.00,,E,PSON,CAS,"College of Arts and Sciences",,"Marked: RPCPPE 2025 submitted to Accounting (2026-04-13)",RPCPPE2025-ACCT-SUB
4798,2025-01-00.000-0006-032,"3D Printer","Max 3D Printer; Createbot w/ accs.",,01,1,345000.00,345000.00,,M,ax,CEA,"College of Engineering and Architecture","Vegafria, Christine","Marked: RPCPPE 2025 submitted to Accounting (2026-04-13)",RPCPPE2025-ACCT-SUB
4799,2025-01-00.000-0047-000,"Network and Cabling Infrastructure (Supply, delivery, Installation and commissioning of Fiber Optic Cable (Core Switch)","1 x layer 3 switch, 16 port 10G SFP+ Ports
SN: A960278700076",,01,1,356550.00,356550.00,,,,,,,"Marked: RPCPPE 2025 submitted to Accounting (2026-04-13)",RPCPPE2025-ACCT-SUB
4800,2025-01-00.000-0048-000,"Uninterruptible Power Supply","16.0 Kwatts/20.0 kVA Output power, capacity, 16.0KWatts/20.0 kVA Max",,01,1,400000.00,400000.00,,,,,,,"Marked: RPCPPE 2025 submitted to Accounting (2026-04-13)",RPCPPE2025-ACCT-SUB
4801,2025-01-00.000-0049-000,"Server with Virtualization,","1U Rackmount; 1 x server with virtualization, 1U Rackmountable",,01,1,500000.00,500000.00,,,,,,,"Marked: RPCPPE 2025 submitted to Accounting (2026-04-13)",RPCPPE2025-ACCT-SUB
4802,2025-01-00.000-0050-000,"Server with Virtualization,","1U Rackmount; 1 x server with virtualization, 1U Rackmountable",,01,1,500000.00,500000.00,,,,,,,"Marked: RPCPPE 2025 submitted to Accounting (2026-04-13)",RPCPPE2025-ACCT-SUB
4803,2025-01-00.000-0051-000,"Environemental Monitoring System for Data Center and Automation","1 x Server, Medium Enterprise",,01,1,500000.00,500000.00,,,,,,,"Marked: RPCPPE 2025 submitted to Accounting (2026-04-13)",RPCPPE2025-ACCT-SUB
4804,2025-01-00.000-0052-000,"Hot-spots for students","CPU: Atheros AR7241 400MHz Network",,01,1,605000.00,605000.00,,C,PU:,,,,"Marked: RPCPPE 2025 submitted to Accounting (2026-04-13)",RPCPPE2025-ACCT-SUB
4805,2025-01-00.000-0053-000,"Generator Set with Automatic transfer Switch","20KVA, 240V, 3-phase",,01,1,800000.00,800000.00,,,,,,,"Marked: RPCPPE 2025 submitted to Accounting (2026-04-13)",RPCPPE2025-ACCT-SUB
4806,2025-01-00.000-0054-000,"Fiber Optic Cabling","2000 Meters, 8 Core",,01,1,2500000.00,2500000.00,,,,,,,"Marked: RPCPPE 2025 submitted to Accounting (2026-04-13)",RPCPPE2025-ACCT-SUB
4807,2025-05-00.000-0001-072,Printer,"CISS Factory Made; A3+; EPSON L15150 SN: X6N7053001",,05,1,50609.00,50609.00,,C,ISS,SKM,"Statistical And Knowledge Management Unit","Militante, Sammy","Marked: RPCPPE 2025 submitted to Accounting (2026-04-13)",RPCPPE2025-ACCT-SUB
4808,2025-05-00.000-0103-000,Printer,"Printer- Print, scan, copy, fax with ADF; EPSON Model: L15150; SN: X6N7052299",,05,1,50609.00,50609.00,,P,rinter-,,,"Omayana, Christpeter","Marked: RPCPPE 2025 submitted to Accounting (2026-04-13)",RPCPPE2025-ACCT-SUB
4809,2025-05-00.000-0104-000,Laptop,"ACER - TMP216-51G-53UB SN: NXB18SP019424140DA7600",,05,1,54670.00,54670.00,,A,CER,,,,"Marked: RPCPPE 2025 submitted to Accounting (2026-04-13)",RPCPPE2025-ACCT-SUB
4810,2025-05-00.000-0001-022,Laptop,"ACER - TMP216-51G-53UB SN: NXB18SP019424140B97600",,05,1,54670.00,54670.00,,A,CER,HU,"Health Unit","Cortejo, Pearl","Marked: RPCPPE 2025 submitted to Accounting (2026-04-13)",RPCPPE2025-ACCT-SUB
4811,2025-05-00.000-0001-093,Laptop,"ACER - TMP216-51G-53UB SN: NXB18SP019424140DE7600",,05,1,54670.00,54670.00,,A,CER,SORG,"Student Organizations Unit","Vego, Wilma","Marked: RPCPPE 2025 submitted to Accounting (2026-04-13)",RPCPPE2025-ACCT-SUB
4812,2025-05-00.000-0001-095,Laptop,"ACER - TMP216-51G-53UB SN: NXB18SP004326069B27600",,05,1,54670.00,54670.00,,A,CER,SPUB,"Student Publication Unit",,"Marked: RPCPPE 2025 submitted to Accounting (2026-04-13)",RPCPPE2025-ACCT-SUB
4813,2025-05-00.000-0001-096,Laptop,"ACER - TMP216-51G-53UB SN: NXB18SP004326067D6700",,05,1,54670.00,54670.00,,A,CER,SWEL,"Student Welfare Unit",,"Marked: RPCPPE 2025 submitted to Accounting (2026-04-13)",RPCPPE2025-ACCT-SUB
4814,2025-05-00.000-0001-015,Laptop,"14 in screen 2 OLED 90 hz refresh rate 600 nits HDR peak brightness, intel i5-12500H processor, 8GB DDR4 RAM, 512GB M.2 NVME, Backlit keyboard, 70WHr Battery;Asus - X1605VA-MB262WS SN: R9N0CV12809038E",,05,1,50451.00,50451.00,,,,EXU,"Extension Unit","Muhat, Wilfredo","Marked: RPCPPE 2025 submitted to Accounting (2026-04-13)",RPCPPE2025-ACCT-SUB
4815,2025-05-00.000-0002-015,Laptop,"14 in screen 2 OLED 90 hz refresh rate 600 nits HDR peak brightness, intel i5-12500H processor, 8GB DDR4 RAM, 512GB M.2 NVME, Backlit keyboard, 70WHr Battery; Asus - X1605VA-MB262WS SN: R9N0CV128049385",,05,1,50451.00,50451.00,,,,EXU,"Extension Unit","Muhat, Wilfredo","Marked: RPCPPE 2025 submitted to Accounting (2026-04-13)",RPCPPE2025-ACCT-SUB
4816,2025-05-00.000-0003-015,Laptop,"14 in screen 2 OLED 90 hz refresh rate 600 nits HDR peak brightness, intel i5-12500H processor, 8GB DDR4 RAM, 512GB M.2 NVME, Backlit keyboard, 70WHr Battery; Asus - X1605ZA-MB819WSM SN: S5N0CV179494228",,05,1,50451.00,50451.00,,,,EXU,"Extension Unit","Muhat, Wilfredo","Marked: RPCPPE 2025 submitted to Accounting (2026-04-13)",RPCPPE2025-ACCT-SUB
4817,2025-05-00.000-0004-015,Laptop,"15.6 inches IPS display; AMD ryzen 5; 8GB RAM DDR5; GeForce RTX 2050; 512GB SSD ACER - ANV15-41-R2M0 SN: NHQPGSP002434033427600",,05,1,50451.00,50451.00,,,,EXU,"Extension Unit","Muhat, Wilfredo","Marked: RPCPPE 2025 submitted to Accounting (2026-04-13)",RPCPPE2025-ACCT-SUB
4818,2025-05-00.000-0005-015,Laptop,"15.6 inches IPS display; AMD ryzen 5; 8GB RAM DDR5; GeForce RTX 2050; 512GB SSD ACER - ANV15-41-R2M0 SN: NHQPGSP00243032017600",,05,1,50451.00,50451.00,,,,EXU,"Extension Unit","Muhat, Wilfredo","Marked: RPCPPE 2025 submitted to Accounting (2026-04-13)",RPCPPE2025-ACCT-SUB
4819,2025-05-00.000-0003-080,Laptop,"intel core i7 (3.0GHz); 15.6"" FHD IPS 144 Hz Display; 16GB DDR4 RAM memory; NVIDIA eForce GTX 1650 512GB SSD Storage",,05,1,54670.00,54670.00,,i,ntel,CTE,CIT,"Pastolero, Grace","Marked: RPCPPE 2025 submitted to Accounting (2026-04-13)",RPCPPE2025-ACCT-SUB
4820,2025-05-00.000-0001-045,Printer,"CISS Factory Made; A3+; EPSON L15150 SN: X6N7052926",,05,1,50609.00,50609.00,,C,ISS,FLP,"Office of the Future Leaders of the Philippines","Reyes, Mark","Marked: RPCPPE 2025 submitted to Accounting (2026-04-13)",RPCPPE2025-ACCT-SUB
4821,2025-05-00.000-0005-029,Printer,"print/scan/copy/Fax with ADF; inkjet; automatic duplex printing; prints up to A3+; Touch LCD Screen: 4.3"" with reduction/enlargement/auto-fit function; flatbed colour image scanner; Maximum scan area: 297 x 431.8mm; scan features: scan to memory device/email/computer; Epson - L15150 SN: X6N7053333",,05,1,52950.00,52950.00,,p,rint/scan/copy/Fax,ARU,"Admission/Registrarship Unit","Teologo, Reiner","Marked: RPCPPE 2025 submitted to Accounting (2026-04-13)",RPCPPE2025-ACCT-SUB
4822,2025-05-00.000-0001-028,"DSLR Camera","18-55IS II KIT; Lens X000D_24.2 MP APS-CMOS sensor; DIGIC4+, 9-point AF with 1 center cross type AF point with 64GB SD Card
Camera Lens SN: 4032007342; CANON - EOS R10 SN: 268033001069",,05,1,73950.00,73950.00,,,,LHS,"Laboratory High School","Saylo, Monalie","Marked: RPCPPE 2025 submitted to Accounting (2026-04-13)",RPCPPE2025-ACCT-SUB
4823,2025-05-00.000-0002-028,"Desktop Computer","Intel core i5-14400 2.5GHz; cache 29.50 MB, 64-bit hyperthreading; Chipset Model: H610; Memory: 8GB; Maximum Memory: 32GB; Memory slots: 2; Storage: 512GB SSD; 21.5"" monitor display; ACER - Aspire TC-1785 SN: DTBLNSP00343000FCD9600",,05,1,50595.00,50595.00,,I,ntel,LHS,"Laboratory High School","Saylo, Monalie","Marked: RPCPPE 2025 submitted to Accounting (2026-04-13)",RPCPPE2025-ACCT-SUB
4824,2025-05-00.000-0003-028,"Desktop Computer","Intel core i5-14400 2.5GHz; cache 29.50 MB, 64-bit hyperthreading; Chipset Model: H610; Memory: 8GB; Maximum Memory: 32GB; Memory slots: 2; Storage: 512GB SSD; 21.5"" monitor display; ACER - Aspire TC-1785 SN: DTBLNSP00343000FCE9600",,05,1,50595.00,50595.00,,I,ntel,LHS,"Laboratory High School","Saylo, Monalie","Marked: RPCPPE 2025 submitted to Accounting (2026-04-13)",RPCPPE2025-ACCT-SUB
4825,2025-05-00.000-0004-028,"Desktop Computer","Intel core i5-14400 2.5GHz; cache 29.50 MB, 64-bit hyperthreading; Chipset Model: H610; Memory: 8GB; Maximum Memory: 32GB; Memory slots: 2; Storage: 512GB SSD; 21.5"" monitor display; ACER - Aspire TC-1785 SN: DTBLNSP00343000F359600",,05,1,50595.00,50595.00,,I,ntel,LHS,"Laboratory High School","Saylo, Monalie","Marked: RPCPPE 2025 submitted to Accounting (2026-04-13)",RPCPPE2025-ACCT-SUB
4826,2025-05-00.000-0010-021,UPS,"10KVA, minimum of 100 minutes full load back up time with battery 20pcs 12V 
Battery Model: RTII-BR20009 SN: 310319120E46535500020; KSTAR - UDC9110H-RT SN: 310038110E46535600010",,05,1,79500.00,79500.00,,,,CMS,"College of Maritime Studies",,"Marked: RPCPPE 2025 submitted to Accounting (2026-04-13)",RPCPPE2025-ACCT-SUB
4827,2025-05-00.000-0011-021,UPS,"10KVA, minimum of 100 minutes full load back up time with battery 20pcs 12V 
Battery Model: RTII-BR20009 SN: 310319120E46535500013; KSTAR - UDC9110H-RT SN: 310038110E46535600008",,05,1,79500.00,79500.00,,,,CMS,"College of Maritime Studies",,"Marked: RPCPPE 2025 submitted to Accounting (2026-04-13)",RPCPPE2025-ACCT-SUB
4828,2025-05-00.000-0012-021,"Desktop Computer","Intel Core i5-14400 processor; 8GB DDR4 memory; 512GB M.2 2280 PCI-E Solid State Drive; 1TB 3.5' Hard Drive; 24 inches monitor with keyboard and mouse ACER - Aspire TC-1785; SN: DTBLNSP00344200A379600",,05,1,50500.00,50500.00,,I,ntel,CMS,"College of Maritime Studies",,"Marked: RPCPPE 2025 submitted to Accounting (2026-04-13)",RPCPPE2025-ACCT-SUB
4829,2025-05-00.000-0013-021,"Desktop Computer","Intel Core i5-14400 processor; 8GB DDR4 memory; 512GB M.2 2280 PCI-E Solid State Drive; 1TB 3.5' Hard Drive; 24 inches monitor with keyboard and mouse ACER - Aspire TC-1785; SN: DTBLNSP00344200A359600",,05,1,50500.00,50500.00,,I,ntel,CMS,"College of Maritime Studies",,"Marked: RPCPPE 2025 submitted to Accounting (2026-04-13)",RPCPPE2025-ACCT-SUB
4830,2025-05-00.000-0014-021,"Desktop Computer","Intel Core i5-14400 processor; 8GB DDR4 memory; 512GB M.2 2280 PCI-E Solid State Drive; 1TB 3.5' Hard Drive; 24 inches monitor with keyboard and mouse ACER - Aspire TC-1785; SN: DTBLNSP00344200A389600",,05,1,50500.00,50500.00,,I,ntel,CMS,"College of Maritime Studies",,"Marked: RPCPPE 2025 submitted to Accounting (2026-04-13)",RPCPPE2025-ACCT-SUB
4831,2025-05-00.000-0015-021,"Desktop Computer","Intel Core i5-14400 processor; 8GB DDR4 memory; 512GB M.2 2280 PCI-E Solid State Drive; 1TB 3.5' Hard Drive; 24 inches monitor with keyboard and mouse ACER - Aspire TC-1785; SN: 	DTBLNSP00344200A5B9600",,05,1,50500.00,50500.00,,I,ntel,CMS,"College of Maritime Studies",,"Marked: RPCPPE 2025 submitted to Accounting (2026-04-13)",RPCPPE2025-ACCT-SUB
4832,2025-05-00.000-0016-021,"Desktop Computer","Intel Core i5-14400 processor; 8GB DDR4 memory; 512GB M.2 2280 PCI-E Solid State Drive; 1TB 3.5' Hard Drive; 24 inches monitor with keyboard and mouse ACER - Aspire TC-1785; SN: DTBLNSP00344200A4D9600",,05,1,50500.00,50500.00,,I,ntel,CMS,"College of Maritime Studies",,"Marked: RPCPPE 2025 submitted to Accounting (2026-04-13)",RPCPPE2025-ACCT-SUB
4833,2025-05-00.000-0017-021,"Desktop Computer","Intel Core i5-14400 processor; 8GB DDR4 memory; 512GB M.2 2280 PCI-E Solid State Drive; 1TB 3.5' Hard Drive; 24 inches monitor with keyboard and mouse ACER - Aspire TC-1785; SN: DTBLNSP00344200A419600",,05,1,50500.00,50500.00,,I,ntel,CMS,"College of Maritime Studies",,"Marked: RPCPPE 2025 submitted to Accounting (2026-04-13)",RPCPPE2025-ACCT-SUB
4834,2025-05-00.000-0018-021,"Desktop Computer","Intel Core i5-14400 processor; 8GB DDR4 memory; 512GB M.2 2280 PCI-E Solid State Drive; 1TB 3.5' Hard Drive; 24 inches monitor with keyboard and mouse ACER - Aspire TC-1785; SN: DTBLNSP00344200A2E9600",,05,1,50500.00,50500.00,,I,ntel,CMS,"College of Maritime Studies",,"Marked: RPCPPE 2025 submitted to Accounting (2026-04-13)",RPCPPE2025-ACCT-SUB
4835,2025-05-00.000-0019-021,"Desktop Computer","Intel Core i5-14400 processor; 8GB DDR4 memory; 512GB M.2 2280 PCI-E Solid State Drive; 1TB 3.5' Hard Drive; 24 inches monitor with keyboard and mouse ACER - Aspire TC-1785; SN: DTBLNSP00344200A349600",,05,1,50500.00,50500.00,,I,ntel,CMS,"College of Maritime Studies",,"Marked: RPCPPE 2025 submitted to Accounting (2026-04-13)",RPCPPE2025-ACCT-SUB
4836,2025-05-00.000-0020-021,"Desktop Computer","Intel Core i5-14400 processor; 8GB DDR4 memory; 512GB M.2 2280 PCI-E Solid State Drive; 1TB 3.5' Hard Drive; 24 inches monitor with keyboard and mouse ACER - Aspire TC-1785; SN: DTBLNSP00344200A329600",,05,1,50500.00,50500.00,,I,ntel,CMS,"College of Maritime Studies",,"Marked: RPCPPE 2025 submitted to Accounting (2026-04-13)",RPCPPE2025-ACCT-SUB
4837,2025-05-00.000-0021-021,"Desktop Computer","Intel Core i5-14400 processor; 8GB DDR4 memory; 512GB M.2 2280 PCI-E Solid State Drive; 1TB 3.5' Hard Drive; 24 inches monitor with keyboard and mouse ACER - Aspire TC-1785; SN: DTBLNSP00344200A4E9600",,05,1,50500.00,50500.00,,I,ntel,CMS,"College of Maritime Studies",,"Marked: RPCPPE 2025 submitted to Accounting (2026-04-13)",RPCPPE2025-ACCT-SUB
4838,2025-05-00.000-0022-021,"Desktop Computer","Intel Core i5-14400 processor; 8GB DDR4 memory; 512GB M.2 2280 PCI-E Solid State Drive; 1TB 3.5' Hard Drive; 24 inches monitor with keyboard and mouse ACER - Aspire TC-1785; SN: DTBLNSP00344200A3D9600",,05,1,50500.00,50500.00,,I,ntel,CMS,"College of Maritime Studies",,"Marked: RPCPPE 2025 submitted to Accounting (2026-04-13)",RPCPPE2025-ACCT-SUB
4839,2025-05-00.000-0023-021,"Desktop Computer","Intel Core i5-14400 processor; 8GB DDR4 memory; 512GB M.2 2280 PCI-E Solid State Drive; 1TB 3.5' Hard Drive; 24 inches monitor with keyboard and mouse ACER - Aspire TC-1785; SN: DTBLNSP00344200A399600",,05,1,50500.00,50500.00,,I,ntel,CMS,"College of Maritime Studies",,"Marked: RPCPPE 2025 submitted to Accounting (2026-04-13)",RPCPPE2025-ACCT-SUB
4840,2025-05-00.000-0024-021,"Desktop Computer","Intel Core i5-14400 processor; 8GB DDR4 memory; 512GB M.2 2280 PCI-E Solid State Drive; 1TB 3.5' Hard Drive; 24 inches monitor with keyboard and mouse ACER - Aspire TC-1785; SN: DTBLNSP00344200A3B9600",,05,1,50500.00,50500.00,,I,ntel,CMS,"College of Maritime Studies",,"Marked: RPCPPE 2025 submitted to Accounting (2026-04-13)",RPCPPE2025-ACCT-SUB
4841,2025-05-00.000-0025-021,"Desktop Computer","Intel Core i5-14400 processor; 8GB DDR4 memory; 512GB M.2 2280 PCI-E Solid State Drive; 1TB 3.5' Hard Drive; 24 inches monitor with keyboard and mouse ACER - Aspire TC-1785; SN: DTBLNSP00344200A1C9600",,05,1,50500.00,50500.00,,I,ntel,CMS,"College of Maritime Studies",,"Marked: RPCPPE 2025 submitted to Accounting (2026-04-13)",RPCPPE2025-ACCT-SUB
4842,2025-05-00.000-0026-021,"Desktop Computer","Intel Core i5-14400 processor; 8GB DDR4 memory; 512GB M.2 2280 PCI-E Solid State Drive; 1TB 3.5' Hard Drive; 24 inches monitor with keyboard and mouse ACER - Aspire TC-1785; SN: 	DTBLNSP00344200A2A9600",,05,1,50500.00,50500.00,,I,ntel,CMS,"College of Maritime Studies",,"Marked: RPCPPE 2025 submitted to Accounting (2026-04-13)",RPCPPE2025-ACCT-SUB
4843,2025-05-00.000-0027-021,"Desktop Computer","Intel Core i5-14400 processor; 8GB DDR4 memory; 512GB M.2 2280 PCI-E Solid State Drive; 1TB 3.5' Hard Drive; 24 inches monitor with keyboard and mouse ACER - Aspire TC-1785; SN: DTBLNSP00344200A319600",,05,1,50500.00,50500.00,,I,ntel,CMS,"College of Maritime Studies",,"Marked: RPCPPE 2025 submitted to Accounting (2026-04-13)",RPCPPE2025-ACCT-SUB
4844,2025-05-00.000-0028-021,"Desktop Computer","Intel Core i5-14400 processor; 8GB DDR4 memory; 512GB M.2 2280 PCI-E Solid State Drive; 1TB 3.5' Hard Drive; 24 inches monitor with keyboard and mouse ACER - Aspire TC-1785; SN: DTBLNSP00344200A3F9600",,05,1,50500.00,50500.00,,I,ntel,CMS,"College of Maritime Studies",,"Marked: RPCPPE 2025 submitted to Accounting (2026-04-13)",RPCPPE2025-ACCT-SUB
4845,2025-05-00.000-0029-021,"Desktop Computer","Intel Core i5-14400 processor; 8GB DDR4 memory; 512GB M.2 2280 PCI-E Solid State Drive; 1TB 3.5' Hard Drive; 24 inches monitor with keyboard and mouse ACER - Aspire TC-1785; SN: DTBLNSP00344200A309600",,05,1,50500.00,50500.00,,I,ntel,CMS,"College of Maritime Studies",,"Marked: RPCPPE 2025 submitted to Accounting (2026-04-13)",RPCPPE2025-ACCT-SUB
4846,2025-05-00.000-0030-021,"Desktop Computer","Intel Core i5-14400 processor; 8GB DDR4 memory; 512GB M.2 2280 PCI-E Solid State Drive; 1TB 3.5' Hard Drive; 24 inches monitor with keyboard and mouse ACER - Aspire TC-1785; SN: DTBLNSP00344200A2F9600",,05,1,50500.00,50500.00,,I,ntel,CMS,"College of Maritime Studies",,"Marked: RPCPPE 2025 submitted to Accounting (2026-04-13)",RPCPPE2025-ACCT-SUB
4847,2025-05-00.000-0031-021,"Desktop Computer","Intel Core i5-14400 processor; 8GB DDR4 memory; 512GB M.2 2280 PCI-E Solid State Drive; 1TB 3.5' Hard Drive; 24 inches monitor with keyboard and mouse ACER - Aspire TC-1785; SN: DTBLNSP00344200A429600",,05,1,50500.00,50500.00,,I,ntel,CMS,"College of Maritime Studies",,"Marked: RPCPPE 2025 submitted to Accounting (2026-04-13)",RPCPPE2025-ACCT-SUB
4848,2025-05-00.000-0032-021,"Desktop Computer","Intel Core i5-14400 processor; 8GB DDR4 memory; 512GB M.2 2280 PCI-E Solid State Drive; 1TB 3.5' Hard Drive; 24 inches monitor with keyboard and mouse ACER - Aspire TC-1785; SN: DTBLNSP00344200A369600",,05,1,50500.00,50500.00,,I,ntel,CMS,"College of Maritime Studies",,"Marked: RPCPPE 2025 submitted to Accounting (2026-04-13)",RPCPPE2025-ACCT-SUB
4849,2025-05-00.000-0033-021,"Desktop Computer","Intel Core i5-14400 processor; 8GB DDR4 memory; 512GB M.2 2280 PCI-E Solid State Drive; 1TB 3.5' Hard Drive; 24 inches monitor with keyboard and mouse ACER - Aspire TC-1785; SN: DTBLNSP00344200A2D9600",,05,1,50500.00,50500.00,,I,ntel,CMS,"College of Maritime Studies",,"Marked: RPCPPE 2025 submitted to Accounting (2026-04-13)",RPCPPE2025-ACCT-SUB
4850,2025-05-00.000-0034-021,"Inkjet Printer","A3 Wi-Fi Duplex All-in-One Ink Tank Printer Epson; Epson - L15150 SN: X6N7055131",,05,1,54500.00,54500.00,,A,3,CMS,"College of Maritime Studies",,"Marked: RPCPPE 2025 submitted to Accounting (2026-04-13)",RPCPPE2025-ACCT-SUB
4851,2025-05-00.000-0035-021,UPS,"20KVA, minimum of 100 minutes full load back up time; 3:1 phase, standard unit, PF: 0:9, high efficiency, high power density support 3/1 and 1/1 operation, with RS232/USB/EPO/SNMP multiple communication port, economy version 2 groupsx20pcsx9AH UPS Matching Battery; KSTAR MP31 20K S SMART TOWER ON-LINE; SN: 410038671F28746900001",,05,1,238500.00,238500.00,,,,CMS,"College of Maritime Studies",,"Marked: RPCPPE 2025 submitted to Accounting (2026-04-13)",RPCPPE2025-ACCT-SUB
4852,2025-05-00.000-0001-042,Laptop,"standard (processor: AMD Ryzen 5, 8MB cache, 3.3GHz-4.7GHz clock rate; or higher; Memory: 8GB DDR4-3200MHz, expandable to 32GB; Storage: 1TB NVMe SSD; ACER Model: N23C3 SN: NXEH3SP00M5120CAF53400",,05,1,55000.00,55000.00,,s,tandard,LEC,"Libertad Extension Campus","Bangcaya, Porferio","Marked: RPCPPE 2025 submitted to Accounting (2026-04-13)",RPCPPE2025-ACCT-SUB
4853,2025-05-00.000-0004-080,Laptop,"standard (processor: AMD Ryzen 5, 8MB cache, 3.3GHz-4.7GHz clock rate; or higher; Memory: 8GB DDR4-3200MHz, expandable to 32GB; Storage: 1TB NVMe SSD; ACER Model: N23C3 SN: NXEJ4SP00451104BE93400",,05,1,55000.00,55000.00,,s,tandard,CTE,CIT,"Pastolero, Grace","Marked: RPCPPE 2025 submitted to Accounting (2026-04-13)",RPCPPE2025-ACCT-SUB
4854,2025-05-00.000-0001-077,Laptop,"standard (processor: AMD Ryzen 5, 8MB cache, 3.3GHz-4.7GHz clock rate; or higher; Memory: 8GB DDR4-3200MHz, expandable to 32GB; Storage: 1TB NVMe SSD; ACER Model: N23C3 SN: NXEJ4SP004511031953400",,05,1,55000.00,55000.00,,s,tandard,CYP,"COCON Yearbook Production",,"Marked: RPCPPE 2025 submitted to Accounting (2026-04-13)",RPCPPE2025-ACCT-SUB
4855,2025-05-00.000-0002-009,"Desktop Computer","Intel core i5, 10 cores, E-cores up to 3.40GHz, P-cores up to 4.60GHz, 20MB Intel; Memory 8GB or higher (support up to 32GB), DDR4-SDRAM, 1 slots X 8GB; Storage: 512GB SSD or higher; Graphics: Intel UHD 730 graphics for 13th Generation, Monitor: 23.8"" with 144Hz refresh rate; ACER Veriton X2715G SN: DTR0QSP01Z42100E453000",,05,1,50000.00,50000.00,,I,ntel,CBA,"College of Business Accountancy","Bolivar, Loyda","Marked: RPCPPE 2025 submitted to Accounting (2026-04-13)",RPCPPE2025-ACCT-SUB
4856,2025-05-00.000-0002-053,"Desktop Computer","Intel core i5, 10 cores, E-cores up to 3.40GHz, P-cores up to 4.60GHz, 20MB Intel; Memory 8GB or higher (support up to 32GB), DDR4-SDRAM, 1 slots X 8GB; Storage: 512GB SSD or higher; Graphics: Intel UHD 730 graphics for 13th Generation, Monitor: 23.8"" with 144Hz refresh rate ACER Veriton X2715G SN: DTR0QSP01Z42100E263000",,05,1,50000.00,50000.00,,I,ntel,ICTU,"Information and Communication Technology Unit","Valera, Jacinto","Marked: RPCPPE 2025 submitted to Accounting (2026-04-13)",RPCPPE2025-ACCT-SUB
4857,2025-05-00.000-0027-013,Server,"[Processor(s) Intel Xeon Silver 4210R 2.4G 10C/20T, 9.6GT/s, 13.7M Cache, Turbo, HT (100W) DDR4-2400, CK Memory 8GB RDIM; DELL Power Edge R540 SN: 60PV8G3",,05,1,986000.00,986000.00,,[,Processor(s,CCS,"College of Computer Studies","Amar, John","Marked: RPCPPE 2025 submitted to Accounting (2026-04-13)",RPCPPE2025-ACCT-SUB
4858,2025-05-00.000-0001-017,Laptop,"AMD Ryzen 5 7535HS Processor 8GB DDR5 Memory 1TB M.2 NVme Solid State Drive NVIDIA Geforce RTX 2050 laptop GPU, up to 1670MHz at 60W (70 wit dynamic boost), 4GB GDR6 15.6"" FHD; Asus - FA506NF-HN005W SN: S5NRCX057349217",,05,1,58000.00,58000.00,,A,MD,GU,"Guidance Unit",,"Marked: RPCPPE 2025 submitted to Accounting (2026-04-13)",RPCPPE2025-ACCT-SUB
4859,2025-05-00.000-0005-080,Laptop,"AMD Ryzen 5 7535HS Processor 8GB DDR5 Memory 1TB M.2 NVme Solid State Drive NVIDIA Geforce RTX 2050 laptop GPU, up to 1670MHz at 60W (70 wit dynamic boost), 4GB GDR6 15.6"" FHD; Asus - FA506NF-HN005W SN: S5NRCX05726821E",,05,1,58000.00,58000.00,,A,MD,CTE,CIT,"Pastolero, Grace","Marked: RPCPPE 2025 submitted to Accounting (2026-04-13)",RPCPPE2025-ACCT-SUB
4860,2025-05-00.000-0002-042,Laptop,"AMD Ryzen 5 7535HS Processor 8GB DDR5 Memory 1TB M.2 NVme Solid State Drive NVIDIA Geforce RTX 2050 laptop GPU, up to 1670MHz at 60W (70 wit dynamic boost), 4GB GDR6 15.6"" FHD; Asus - FA506NF-HN005W SN: S5NRCX057328219",,05,1,58000.00,58000.00,,A,MD,LEC,"Libertad Extension Campus","Bangcaya, Porferio","Marked: RPCPPE 2025 submitted to Accounting (2026-04-13)",RPCPPE2025-ACCT-SUB
4861,2025-05-00.000-0001-011,Printer,"All in one Ink Tank Printer; CISS; Epson - L15150 SN: X6N7053458",,05,1,58595.00,58595.00,,A,ll,CIT,"College of Industrial Technology","Francisco, Adrian","Marked: RPCPPE 2025 submitted to Accounting (2026-04-13)",RPCPPE2025-ACCT-SUB
4862,2025-05-00.000-0001-087,Laptop,"Intel Core i5 13420h; 8gb DDR5-5200 RAM; 1TB M.2 NVME SSD; Nvidia Geforce RTX 3050 4GB GDDR6; MSI - Thin 15 B13UCX SN: K2406N0063728",,05,1,62500.00,62500.00,,I,ntel,IMD,"Instructional Materials Development Unit","Casalan, Marvin","Marked: RPCPPE 2025 submitted to Accounting (2026-04-13)",RPCPPE2025-ACCT-SUB
4863,2025-05-00.000-0010-032,Laptop,"Intel Core i5 13420h; 8gb DDR5-5200 RAM; 1TB M.2 NVME SSD; Nvidia Geforce RTX 3050 4GB GDDR6; MSI - Thin 15 B13UCX SN: K2406N0063683",,05,1,62500.00,62500.00,,I,ntel,CEA,"College of Engineering and Architecture","Vegafria, Christine","Marked: RPCPPE 2025 submitted to Accounting (2026-04-13)",RPCPPE2025-ACCT-SUB
4864,2025-05-00.000-0011-032,Laptop,"Intel Core i5 13420h; 8gb DDR5-5200 RAM; 1TB M.2 NVME SSD; Nvidia Geforce RTX 3050 4GB GDDR6; MSI - Thin 15 B13UCX SN: K2406N0063824",,05,1,62500.00,62500.00,,I,ntel,CEA,"College of Engineering and Architecture","Vegafria, Christine","Marked: RPCPPE 2025 submitted to Accounting (2026-04-13)",RPCPPE2025-ACCT-SUB
4865,2025-05-00.000-0003-053,"KVM Console","Statech.com RXCONS1916K; 16 Port Rackmount console w/ 6ft Cables-Integrated KVM Switch w/ 19"" LCD Monitor-Fully Featured 1U LCD KVM Drawer-0SD KVM-Durable 50,000 MTBF-USB + VGA support",,05,1,186500.00,186500.00,,S,tatech.com,ICTU,"Information and Communication Technology Unit","Valera, Jacinto","Marked: RPCPPE 2025 submitted to Accounting (2026-04-13)",RPCPPE2025-ACCT-SUB
4866,2025-05-00.000-0006-029,"Uninterruptible Power Supply","10 kVA, 10 kW conversion, double tower Type DSP Control technology; Ablerex - EVO 10000 SN: MA8243CAK0009",,05,1,167700.00,167700.00,,,,ARU,"Admission/Registrarship Unit","Teologo, Reiner","Marked: RPCPPE 2025 submitted to Accounting (2026-04-13)",RPCPPE2025-ACCT-SUB
4867,2025-05-00.000-0105-000,"DSLR Camera","18-55IS II KIT; Lens X000D_24.2 MP APS-C CMOS Sensor; DIGIC 4+, 9-point AF with 1 Center Cross-Type AF Point; Wi-Fi/NFC; with 64 GB SD Card; with extra battery; Camera Lens SN: 5189003377; Canon EOS 1500D; SN: 878078008818",,05,1,56950.00,56950.00,,,,,,"Gonzaga, Yuri","Marked: RPCPPE 2025 submitted to Accounting (2026-04-13)",RPCPPE2025-ACCT-SUB
4868,2025-05-00.000-0001-097,"LED Fresnel Light","3200 to 5600K; Daylight, Tungsten; CRl 96 TLCl 97;
Bluetloth; AC Power (Cable Included); 100 to 240 VAC, 50 / 60 Hz; 120 W];
GODOX",,05,1,66000.00,66000.00,,,,TPP,"The Prism Publication","Delgado, Shella","Marked: RPCPPE 2025 submitted to Accounting (2026-04-13)",RPCPPE2025-ACCT-SUB
4869,2025-01-00.000-0002-002,"Desktop Computer","branded, processor; Intel core i5; quad-core (3M cache, 3.1GHz) Memory: 8GB DDR4 SDRAM memory; Display: 19.5"" LED display, USB Keyboard & USB optical mouse, storage: 1TB SSD; with UPS 650VA ACER - Aspire TC-1785 SN: DTBLNSP003507004349600",,01,1,50000.00,50000.00,,b,randed,AU,"Accounting Unit","Train, Sarah","Marked: RPCPPE 2025 submitted to Accounting (2026-04-13)",RPCPPE2025-ACCT-SUB
4870,2025-01-00.000-0003-002,"Desktop Computer","branded, processor; Intel core i5; quad-core (3M cache, 3.1GHz) Memory: 8GB DDR4 SDRAM memory; Display: 19.5"" LED display, USB Keyboard & USB optical mouse, storage: 1TB SSD; with UPS 650VA ACER - Aspire TC-1785 SN: DTBLNSP003507004259600",,01,1,50000.00,50000.00,,b,randed,AU,"Accounting Unit","Train, Sarah","Marked: RPCPPE 2025 submitted to Accounting (2026-04-13)",RPCPPE2025-ACCT-SUB
4871,2025-01-00.000-0004-002,"Desktop Computer","branded, processor; Intel core i5; quad-core (3M cache, 3.1GHz) Memory: 8GB DDR4 SDRAM memory; Display: 19.5"" LED display, USB Keyboard & USB optical mouse, storage: 1TB SSD; with UPS 650VA ACER - Aspire TC-1785 SN: DTBLNSP0035070043B9600",,01,1,50000.00,50000.00,,b,randed,AU,"Accounting Unit","Train, Sarah","Marked: RPCPPE 2025 submitted to Accounting (2026-04-13)",RPCPPE2025-ACCT-SUB
4872,2025-01-00.000-0055-000,"Desktop Computer","branded, processor; Intel core i5; quad-core (3M cache, 3.1GHz) Memory: 8GB DDR4 SDRAM memory; Display: 19.5"" LED display, USB Keyboard & USB optical mouse, storage: 1TB SSD; with UPS 650VA ACER - Aspire TC-1785 SN: DTBLNSP003507003BC9600",,01,1,50000.00,50000.00,,b,randed,,,,"Marked: RPCPPE 2025 submitted to Accounting (2026-04-13)",RPCPPE2025-ACCT-SUB
4873,2025-01-00.000-0056-000,"Desktop Computer","branded, processor; Intel core i5; quad-core (3M cache, 3.1GHz) Memory: 8GB DDR4 SDRAM memory; Display: 19.5"" LED display, USB Keyboard & USB optical mouse, storage: 1TB SSD; with UPS 650VA ACER - Aspire TC-1785 SN: DTBLNSP003507003A99600",,01,1,50000.00,50000.00,,b,randed,,,,"Marked: RPCPPE 2025 submitted to Accounting (2026-04-13)",RPCPPE2025-ACCT-SUB
4874,2025-01-00.000-0057-000,"Desktop Computer","branded, processor; Intel core i5; quad-core (3M cache, 3.1GHz) Memory: 8GB DDR4 SDRAM memory; Display: 19.5"" LED display, USB Keyboard & USB optical mouse, storage: 1TB SSD; with UPS 650VA ACER - Aspire TC-1785 SN: DTBLNSP0035070043C9600",,01,1,50000.00,50000.00,,b,randed,,,,"Marked: RPCPPE 2025 submitted to Accounting (2026-04-13)",RPCPPE2025-ACCT-SUB
4875,2025-01-00.000-0001-006,"Desktop Computer","branded, processor; Intel core i5; quad-core (3M cache, 3.1GHz) Memory: 8GB DDR4 SDRAM memory; Display: 19.5"" LED display, USB Keyboard & USB optical mouse, storage: 1TB SSD; with UPS 650VA ACER - Aspire TC-1785 SN: DTBLNSP003507003AB9600",,01,1,50000.00,50000.00,,b,randed,BU,"Budget Unit","Berdin, Anna","Marked: RPCPPE 2025 submitted to Accounting (2026-04-13)",RPCPPE2025-ACCT-SUB
4876,2025-01-00.000-0001-043,"Desktop Computer","branded, processor; Intel core i5; quad-core (3M cache, 3.1GHz) Memory: 8GB DDR4 SDRAM memory; Display: 19.5"" LED display, USB Keyboard & USB optical mouse, storage: 1TB SSD; with UPS 650VA ACER - Aspire TC-1785 SN: DTBLNSP003507003B49600",,01,1,50000.00,50000.00,,b,randed,EAU,"External Affairs Unit","Villavert, Shecky","Marked: RPCPPE 2025 submitted to Accounting (2026-04-13)",RPCPPE2025-ACCT-SUB
4877,2025-01-00.000-0002-018,"Desktop Computer","branded, processor; Intel core i5; quad-core (3M cache, 3.1GHz) Memory: 8GB DDR4 SDRAM memory; Display: 19.5"" LED display, USB Keyboard & USB optical mouse, storage: 1TB SSD; with UPS 650VA ACER - Aspire TC-1785 SN: DTBLNSP003507003C19600",,01,1,50000.00,50000.00,,b,randed,HRU,"Human Resource Unit",,"Marked: RPCPPE 2025 submitted to Accounting (2026-04-13)",RPCPPE2025-ACCT-SUB
4878,2025-01-00.000-0001-020,"Desktop Computer","branded, processor; Intel core i5; quad-core (3M cache, 3.1GHz) Memory: 8GB DDR4 SDRAM memory; Display: 19.5"" LED display, USB Keyboard & USB optical mouse, storage: 1TB SSD; with UPS 650VA ACER - Aspire TC-1785 SN: DTBLNSP003507003B19600",,01,1,50000.00,50000.00,,b,randed,LEG,"legal Unit","Filasol, Elizabeth","Marked: RPCPPE 2025 submitted to Accounting (2026-04-13)",RPCPPE2025-ACCT-SUB
4879,2025-01-00.000-0002-020,"Desktop Computer","branded, processor; Intel core i5; quad-core (3M cache, 3.1GHz) Memory: 8GB DDR4 SDRAM memory; Display: 19.5"" LED display, USB Keyboard & USB optical mouse, storage: 1TB SSD; with UPS 650VA ACER - Aspire TC-1785 SN: DTBLNSP003507003B39600",,01,1,50000.00,50000.00,,b,randed,LEG,"legal Unit","Filasol, Elizabeth","Marked: RPCPPE 2025 submitted to Accounting (2026-04-13)",RPCPPE2025-ACCT-SUB
4880,2025-01-00.000-0001-005,"Desktop Computer","branded, processor; Intel core i5; quad-core (3M cache, 3.1GHz) Memory: 8GB DDR4 SDRAM memory; Display: 19.5"" LED display, USB Keyboard & USB optical mouse, storage: 1TB SSD; with UPS 650VA ACER - Aspire TC-1785 SN: DTBLNSP003507004149600",,01,1,50000.00,50000.00,,b,randed,OBS,"Office of the Board Secretary","Teologo, Reiner","Marked: RPCPPE 2025 submitted to Accounting (2026-04-13)",RPCPPE2025-ACCT-SUB
4881,2025-01-00.000-0001-089,"Desktop Computer","branded, processor; Intel core i5; quad-core (3M cache, 3.1GHz) Memory: 8GB DDR4 SDRAM memory; Display: 19.5"" LED display, USB Keyboard & USB optical mouse, storage: 1TB SSD; with UPS 650VA ACER - Aspire TC-1785 SN: DTBLNSP003507003BD9600",,01,1,50000.00,50000.00,,b,randed,PMU,"Project Management Unit","Abellon, Vincent","Marked: RPCPPE 2025 submitted to Accounting (2026-04-13)",RPCPPE2025-ACCT-SUB
4882,2025-01-00.000-0058-000,"Desktop Computer","branded, processor; Intel core i5; quad-core (3M cache, 3.1GHz) Memory: 8GB DDR4 SDRAM memory; Display: 19.5"" LED display, USB Keyboard & USB optical mouse, storage: 1TB SSD; with UPS 650VA ACER - Aspire TC-1785 SN: DTBLNSP003507003FF9600",,01,1,50000.00,50000.00,,b,randed,,,"Crespo, Pablo","Marked: RPCPPE 2025 submitted to Accounting (2026-04-13)",RPCPPE2025-ACCT-SUB
4883,2025-01-00.000-0059-000,"Desktop Computer","branded, processor; Intel core i5; quad-core (3M cache, 3.1GHz) Memory: 8GB DDR4 SDRAM memory; Display: 19.5"" LED display, USB Keyboard & USB optical mouse, storage: 1TB SSD; with UPS 650VA ACER - Aspire TC-1785 SN: DTBLNSP003507004079600",,01,1,50000.00,50000.00,,b,randed,,,"Crespo, Pablo","Marked: RPCPPE 2025 submitted to Accounting (2026-04-13)",RPCPPE2025-ACCT-SUB
4884,2025-01-00.000-0001-054,"Desktop Computer","branded, processor; Intel core i5; quad-core (3M cache, 3.1GHz) Memory: 8GB DDR4 SDRAM memory; Display: 19.5"" LED display, USB Keyboard & USB optical mouse, storage: 1TB SSD; with UPS 650VA ACER - Aspire TC-1785 SN: DTBLNSP003507004019600",,01,1,50000.00,50000.00,,b,randed,QUA,"Quality Assurance Unit",,"Marked: RPCPPE 2025 submitted to Accounting (2026-04-13)",RPCPPE2025-ACCT-SUB
4885,2025-01-00.000-0002-054,"Desktop Computer","branded, processor; Intel core i5; quad-core (3M cache, 3.1GHz) Memory: 8GB DDR4 SDRAM memory; Display: 19.5"" LED display, USB Keyboard & USB optical mouse, storage: 1TB SSD; with UPS 650VA ACER - Aspire TC-1785 SN: DTBLNSP003507003AC9600",,01,1,50000.00,50000.00,,b,randed,QUA,"Quality Assurance Unit",,"Marked: RPCPPE 2025 submitted to Accounting (2026-04-13)",RPCPPE2025-ACCT-SUB
4886,2025-01-00.000-0003-054,"Desktop Computer","branded, processor; Intel core i5; quad-core (3M cache, 3.1GHz) Memory: 8GB DDR4 SDRAM memory; Display: 19.5"" LED display, USB Keyboard & USB optical mouse, storage: 1TB SSD; with UPS 650VA ACER - Aspire TC-1785 SN: DTBLNSP003507003F59600",,01,1,50000.00,50000.00,,b,randed,QUA,"Quality Assurance Unit",,"Marked: RPCPPE 2025 submitted to Accounting (2026-04-13)",RPCPPE2025-ACCT-SUB
4887,2025-01-00.000-0001-061,"Desktop Computer","branded, processor; Intel core i5; quad-core (3M cache, 3.1GHz) Memory: 8GB DDR4 SDRAM memory; Display: 19.5"" LED display, USB Keyboard & USB optical mouse, storage: 1TB SSD; with UPS 650VA ACER - Aspire TC-1785 SN: DTBLNSP003507004469600",,01,1,50000.00,50000.00,,b,randed,REC,"Records Unit","Grafane, Joyce","Marked: RPCPPE 2025 submitted to Accounting (2026-04-13)",RPCPPE2025-ACCT-SUB
4888,2025-01-00.000-0060-000,"Desktop Computer","branded, processor; Intel core i5; quad-core (3M cache, 3.1GHz) Memory: 8GB DDR4 SDRAM memory; Display: 19.5"" LED display, USB Keyboard & USB optical mouse, storage: 1TB SSD; with UPS 650VA ACER - Aspire TC-1785 SN: DTBLNSP0035070042B9600",,01,1,50000.00,50000.00,,b,randed,,,,"Marked: RPCPPE 2025 submitted to Accounting (2026-04-13)",RPCPPE2025-ACCT-SUB
4889,2025-01-00.000-0061-000,"Desktop Computer","branded, processor; Intel core i5; quad-core (3M cache, 3.1GHz) Memory: 8GB DDR4 SDRAM memory; Display: 19.5"" LED display, USB Keyboard & USB optical mouse, storage: 1TB SSD; with UPS 650VA ACER - Aspire TC-1785 SN: DTBLNSP003507003909600",,01,1,50000.00,50000.00,,b,randed,,,,"Marked: RPCPPE 2025 submitted to Accounting (2026-04-13)",RPCPPE2025-ACCT-SUB
4890,2025-01-00.000-0062-000,"Desktop Computer","branded, processor; Intel core i5; quad-core (3M cache, 3.1GHz) Memory: 8GB DDR4 SDRAM memory; Display: 19.5"" LED display, USB Keyboard & USB optical mouse, storage: 1TB SSD; with UPS 650VA ACER - Aspire TC-1785 SN: DTBLNSP003507004139600",,01,1,50000.00,50000.00,,b,randed,,,,"Marked: RPCPPE 2025 submitted to Accounting (2026-04-13)",RPCPPE2025-ACCT-SUB
4891,2025-01-00.000-0063-000,"Desktop Computer","branded, processor; Intel core i5; quad-core (3M cache, 3.1GHz) Memory: 8GB DDR4 SDRAM memory; Display: 19.5"" LED display, USB Keyboard & USB optical mouse, storage: 1TB SSD; with UPS 650VA ACER - Aspire TC-1785 SN: DTBLNSP003507003AA9600",,01,1,50000.00,50000.00,,b,randed,,,,"Marked: RPCPPE 2025 submitted to Accounting (2026-04-13)",RPCPPE2025-ACCT-SUB
4892,2025-01-00.000-0064-000,"Desktop Computer","branded, processor; Intel core i5; quad-core (3M cache, 3.1GHz) Memory: 8GB DDR4 SDRAM memory; Display: 19.5"" LED display, USB Keyboard & USB optical mouse, storage: 1TB SSD; with UPS 650VA ACER - Aspire TC-1785 SN: DTBLNSP003507003A89600",,01,1,50000.00,50000.00,,b,randed,,,,"Marked: RPCPPE 2025 submitted to Accounting (2026-04-13)",RPCPPE2025-ACCT-SUB
4893,2025-01-00.000-0065-000,"Desktop Computer","branded, processor; Intel core i5; quad-core (3M cache, 3.1GHz) Memory: 8GB DDR4 SDRAM memory; Display: 19.5"" LED display, USB Keyboard & USB optical mouse, storage: 1TB SSD; with UPS 650VA ACER - Aspire TC-1785 SN: DTBLNSP003507003B29600",,01,1,50000.00,50000.00,,b,randed,,,,"Marked: RPCPPE 2025 submitted to Accounting (2026-04-13)",RPCPPE2025-ACCT-SUB
4894,2025-01-00.000-0066-000,"Desktop Computer","branded, processor; Intel core i5; quad-core (3M cache, 3.1GHz) Memory: 8GB DDR4 SDRAM memory; Display: 19.5"" LED display, USB Keyboard & USB optical mouse, storage: 1TB SSD; with UPS 650VA ACER - Aspire TC-1785 SN: DTBLNSP003507003EE9600",,01,1,50000.00,50000.00,,b,randed,,,,"Marked: RPCPPE 2025 submitted to Accounting (2026-04-13)",RPCPPE2025-ACCT-SUB
4895,2025-01-00.000-0067-000,"Desktop Computer","branded, processor; Intel core i5; quad-core (3M cache, 3.1GHz) Memory: 8GB DDR4 SDRAM memory; Display: 19.5"" LED display, USB Keyboard & USB optical mouse, storage: 1TB SSD; with UPS 650VA ACER - Aspire TC-1785 SN: DTBLNSP003507004459600",,01,1,50000.00,50000.00,,b,randed,,,,"Marked: RPCPPE 2025 submitted to Accounting (2026-04-13)",RPCPPE2025-ACCT-SUB
4896,2025-01-00.000-0068-000,"Desktop Computer","branded, processor; Intel core i5; quad-core (3M cache, 3.1GHz) Memory: 8GB DDR4 SDRAM memory; Display: 19.5"" LED display, USB Keyboard & USB optical mouse, storage: 1TB SSD; with UPS 650VA ACER - Aspire TC-1785 SN: DTBLNSP003507004329600",,01,1,50000.00,50000.00,,b,randed,,,,"Marked: RPCPPE 2025 submitted to Accounting (2026-04-13)",RPCPPE2025-ACCT-SUB
4897,2025-01-00.000-0069-000,"Desktop Computer","branded, processor; Intel core i5; quad-core (3M cache, 3.1GHz) Memory: 8GB DDR4 SDRAM memory; Display: 19.5"" LED display, USB Keyboard & USB optical mouse, storage: 1TB SSD; with UPS 650VA ACER - Aspire TC-1785 SN: DTBLNSP003507004069600",,01,1,50000.00,50000.00,,b,randed,,,,"Marked: RPCPPE 2025 submitted to Accounting (2026-04-13)",RPCPPE2025-ACCT-SUB
4898,2025-01-00.000-0070-000,"Desktop Computer","branded, processor; Intel core i5; quad-core (3M cache, 3.1GHz) Memory: 8GB DDR4 SDRAM memory; Display: 19.5"" LED display, USB Keyboard & USB optical mouse, storage: 1TB SSD; with UPS 650VA ACER - Aspire TC-1785 SN: DTBLNSP003507003B79600",,01,1,50000.00,50000.00,,b,randed,,,,"Marked: RPCPPE 2025 submitted to Accounting (2026-04-13)",RPCPPE2025-ACCT-SUB
4899,2025-01-00.000-0071-000,"Desktop Computer","branded, processor; Intel core i5; quad-core (3M cache, 3.1GHz) Memory: 8GB DDR4 SDRAM memory; Display: 19.5"" LED display, USB Keyboard & USB optical mouse, storage: 1TB SSD; with UPS 650VA ACER - Aspire TC-1785 SN: DTBLNSP0035070042D9600",,01,1,50000.00,50000.00,,b,randed,,,,"Marked: RPCPPE 2025 submitted to Accounting (2026-04-13)",RPCPPE2025-ACCT-SUB
4900,2025-01-00.000-0001-026,"Desktop Computer","branded; processor: i7-13700KF; NVIDIA GeForce RTX 4080 16GB; 16GB DDR4 U-DIMM; 1TB M.2 2280 NVMe 4.0 SSD; Power Supply: 750W; Monitor: 24.5""; Keyboard and Mouse; BOSSTON tower case; Asus - S501MER-714700006WSM SN: T2PFWT000849068",,01,1,189895.00,189895.00,,b,randed,PLAN,"Planning Unit","Lazo, Mark","Marked: RPCPPE 2025 submitted to Accounting (2026-04-13)",RPCPPE2025-ACCT-SUB
4901,2025-01-00.000-0002-026,"Desktop Computer","branded; processor: i7-13700KF; NVIDIA GeForce RTX 4080 16GB; 16GB DDR4 U-DIMM; 1TB M.2 2280 NVMe 4.0 SSD; Power Supply: 750W; Monitor: 24.5""; Keyboard and Mouse; BOSSTON tower case; Asus - S501MER-714700006WSM SN: T2PFWT000881064",,01,1,189895.00,189895.00,,b,randed,PLAN,"Planning Unit","Lazo, Mark","Marked: RPCPPE 2025 submitted to Accounting (2026-04-13)",RPCPPE2025-ACCT-SUB
4902,2025-01-00.000-0072-000,Printer,"CISS Factory Made; Print Scan Copy Fax with ADF; Epson - L15150 SN: X6N7058566",,01,1,55600.00,55600.00,,C,ISS,,,,"Marked: RPCPPE 2025 submitted to Accounting (2026-04-13)",RPCPPE2025-ACCT-SUB
4903,2025-01-00.000-0001-025,Printer,"CISS Factory Made; Print Scan Copy Fax with ADF; Epson - L15150 SN: X6N7057991",,01,1,55600.00,55600.00,,C,ISS,GSU,"General Services Unit",,"Marked: RPCPPE 2025 submitted to Accounting (2026-04-13)",RPCPPE2025-ACCT-SUB
4904,2025-01-00.000-0001-099,Printer,"CISS Factory Made; Print Scan Copy Fax with ADF; Epson - L15150 SN: X6N7057361",,01,1,55600.00,55600.00,,C,ISS,IAUD,"Internal Audit","Piansay, Alwin","Marked: RPCPPE 2025 submitted to Accounting (2026-04-13)",RPCPPE2025-ACCT-SUB
4905,2025-01-00.000-0003-020,Printer,"CISS Factory Made; Print Scan Copy Fax with ADF; Epson - L15150 SN: X6N7058564",,01,1,55600.00,55600.00,,C,ISS,LEG,"legal Unit","Filasol, Elizabeth","Marked: RPCPPE 2025 submitted to Accounting (2026-04-13)",RPCPPE2025-ACCT-SUB
4906,2025-01-00.000-0003-026,Printer,"CISS Factory Made; Print Scan Copy Fax with ADF; Epson - L15150 SN: X6N7057352",,01,1,55600.00,55600.00,,C,ISS,PLAN,"Planning Unit","Lazo, Mark","Marked: RPCPPE 2025 submitted to Accounting (2026-04-13)",RPCPPE2025-ACCT-SUB
4907,2025-01-00.000-0004-054,Printer,"CISS Factory Made; Print Scan Copy Fax with ADF; Epson - L15150 SN: X6N7057989",,01,1,55600.00,55600.00,,C,ISS,QUA,"Quality Assurance Unit",,"Marked: RPCPPE 2025 submitted to Accounting (2026-04-13)",RPCPPE2025-ACCT-SUB
4908,2025-01-00.000-0001-034,Printer,"CISS Factory Made; Print Scan Copy Fax with ADF; Epson - L15150 SN: X6N7051691",,01,1,55600.00,55600.00,,C,ISS,VPAF,"VP for Admin & Finance","Delgado, Shella","Marked: RPCPPE 2025 submitted to Accounting (2026-04-13)",RPCPPE2025-ACCT-SUB
4909,2025-01-00.000-0001-019,Laptop,"Intel CoreTM Ultra 9 Processor 185H 2.3 GHz (24MB Cache, up to 5.1GHz, 16 cores, 22 threads) and 32GB LPDDR5x memory. Dual Screen laptop with two full-size OLED touchscreen, with dual 14-inch 3K OLED 120 Hz display. Touch screen with stylus support. 2TB M.2 NVMeTM PCle 4.0 SSD. Included Accessories- Stylus, sleeve, laptop bag, power charger.",,01,1,155000.00,155000.00,,I,ntel,IU,"Information Unit","Sola, Saredith","Marked: RPCPPE 2025 submitted to Accounting (2026-04-13)",RPCPPE2025-ACCT-SUB
4910,2025-01-00.000-0001-053,Laptop,"Intel core i5, 12MB cache, 2.1GHz-4.6GHz Clock Rate; Memory: 8GB DDR4-3200MHz, expandable to 32GB; Storage: 1TB NVMe SSD; MSI - Thin 15 B13UCX SN: K2406N0023758",,01,1,50500.00,50500.00,,I,ntel,ICTU,"Information and Communication Technology Unit","Valera, Jacinto","Marked: RPCPPE 2025 submitted to Accounting (2026-04-13)",RPCPPE2025-ACCT-SUB
4911,2025-01-00.000-0002-053,Laptop,"Intel core i5, 12MB cache, 2.1GHz-4.6GHz Clock Rate; Memory: 8GB DDR4-3200MHz, expandable to 32GB; Storage: 1TB NVMe SSD; MSI - Thin 15 B13UCX SN: K2406N0023899",,01,1,50500.00,50500.00,,I,ntel,ICTU,"Information and Communication Technology Unit","Valera, Jacinto","Marked: RPCPPE 2025 submitted to Accounting (2026-04-13)",RPCPPE2025-ACCT-SUB
4912,2025-01-00.000-0005-002,Laptop,"Intel core i5, 12MB cache, 2.1GHz-4.6GHz Clock Rate; Memory: 8GB DDR4-3200MHz, expandable to 32GB; Storage: 1TB NVMe SSD; MSI - Thin 15 B13UCX SN: K2406N0023807",,01,1,50500.00,50500.00,,I,ntel,AU,"Accounting Unit","Train, Sarah","Marked: RPCPPE 2025 submitted to Accounting (2026-04-13)",RPCPPE2025-ACCT-SUB
4913,2025-01-00.000-0002-006,Laptop,"Intel core i5, 12MB cache, 2.1GHz-4.6GHz Clock Rate; Memory: 8GB DDR4-3200MHz, expandable to 32GB; Storage: 1TB NVMe SSD; MSI - Thin 15 B13UCX SN: K2406N0023807",,01,1,50500.00,50500.00,,I,ntel,BU,"Budget Unit","Berdin, Anna","Marked: RPCPPE 2025 submitted to Accounting (2026-04-13)",RPCPPE2025-ACCT-SUB
4914,2025-01-00.000-0001-007,Laptop,"Intel core i5, 12MB cache, 2.1GHz-4.6GHz Clock Rate; Memory: 8GB DDR4-3200MHz, expandable to 32GB; Storage: 1TB NVMe SSD; MSI - Thin 15 B13UCX SN: K2406N0023590",,01,1,50500.00,50500.00,,I,ntel,CU,"Cash Unit","Vegafria, Christine","Marked: RPCPPE 2025 submitted to Accounting (2026-04-13)",RPCPPE2025-ACCT-SUB
4915,2025-01-00.000-0001-057,Laptop,"Intel core i5, 12MB cache, 2.1GHz-4.6GHz Clock Rate; Memory: 8GB DDR4-3200MHz, expandable to 32GB; Storage: 1TB NVMe SSD; MSI - Thin 15 B13UCX SN: K2406N0023814",,01,1,50500.00,50500.00,,I,ntel,CSS,"Civil Security Services Unit",,"Marked: RPCPPE 2025 submitted to Accounting (2026-04-13)",RPCPPE2025-ACCT-SUB
4916,2025-01-00.000-0001-017,Laptop,"Intel core i5, 12MB cache, 2.1GHz-4.6GHz Clock Rate; Memory: 8GB DDR4-3200MHz, expandable to 32GB; Storage: 1TB NVMe SSD; MSI - Thin 15 B13UCX SN: K2406N0023755",,01,1,50500.00,50500.00,,I,ntel,GU,"Guidance Unit",,"Marked: RPCPPE 2025 submitted to Accounting (2026-04-13)",RPCPPE2025-ACCT-SUB
4917,2025-01-00.000-0002-025,Laptop,"Intel core i5, 12MB cache, 2.1GHz-4.6GHz Clock Rate; Memory: 8GB DDR4-3200MHz, expandable to 32GB; Storage: 1TB NVMe SSD; MSI - Thin 15 B13UCX SN: K2406N0023919",,01,1,50500.00,50500.00,,I,ntel,GSU,"General Services Unit",,"Marked: RPCPPE 2025 submitted to Accounting (2026-04-13)",RPCPPE2025-ACCT-SUB
4918,2025-01-00.000-0003-025,Laptop,"Intel core i5, 12MB cache, 2.1GHz-4.6GHz Clock Rate; Memory: 8GB DDR4-3200MHz, expandable to 32GB; Storage: 1TB NVMe SSD; MSI - Thin 15 B13UCX SN: K2406N0023809",,01,1,50500.00,50500.00,,I,ntel,GSU,"General Services Unit",,"Marked: RPCPPE 2025 submitted to Accounting (2026-04-13)",RPCPPE2025-ACCT-SUB
4919,2025-01-00.000-0004-025,Laptop,"Intel core i5, 12MB cache, 2.1GHz-4.6GHz Clock Rate; Memory: 8GB DDR4-3200MHz, expandable to 32GB; Storage: 1TB NVMe SSD; MSI - Thin 15 B13UCX SN: K2406N0023819",,01,1,50500.00,50500.00,,I,ntel,GSU,"General Services Unit",,"Marked: RPCPPE 2025 submitted to Accounting (2026-04-13)",RPCPPE2025-ACCT-SUB
4920,2025-01-00.000-0003-018,Laptop,"Intel core i5, 12MB cache, 2.1GHz-4.6GHz Clock Rate; Memory: 8GB DDR4-3200MHz, expandable to 32GB; Storage: 1TB NVMe SSD; MSI - Thin 15 B13UCX SN: K2406N0023740",,01,1,50500.00,50500.00,,I,ntel,HRU,"Human Resource Unit",,"Marked: RPCPPE 2025 submitted to Accounting (2026-04-13)",RPCPPE2025-ACCT-SUB
4921,2025-01-00.000-0002-099,Laptop,"Intel core i5, 12MB cache, 2.1GHz-4.6GHz Clock Rate; Memory: 8GB DDR4-3200MHz, expandable to 32GB; Storage: 1TB NVMe SSD; MSI - Thin 15 B13UCX SN: K2406N0023745",,01,1,50500.00,50500.00,,I,ntel,IAUD,"Internal Audit","Piansay, Alwin","Marked: RPCPPE 2025 submitted to Accounting (2026-04-13)",RPCPPE2025-ACCT-SUB
4922,2025-01-00.000-0003-099,Laptop,"Intel core i5, 12MB cache, 2.1GHz-4.6GHz Clock Rate; Memory: 8GB DDR4-3200MHz, expandable to 32GB; Storage: 1TB NVMe SSD; MSI - Thin 15 B13UCX SN: K2406N0023812",,01,1,50500.00,50500.00,,I,ntel,IAUD,"Internal Audit","Piansay, Alwin","Marked: RPCPPE 2025 submitted to Accounting (2026-04-13)",RPCPPE2025-ACCT-SUB
4923,2025-01-00.000-0004-099,Laptop,"Intel core i5, 12MB cache, 2.1GHz-4.6GHz Clock Rate; Memory: 8GB DDR4-3200MHz, expandable to 32GB; Storage: 1TB NVMe SSD; MSI - Thin 15 B13UCX SN: K2406N0023794",,01,1,50500.00,50500.00,,I,ntel,IAUD,"Internal Audit","Piansay, Alwin","Marked: RPCPPE 2025 submitted to Accounting (2026-04-13)",RPCPPE2025-ACCT-SUB
4924,2025-01-00.000-0005-099,Laptop,"Intel core i5, 12MB cache, 2.1GHz-4.6GHz Clock Rate; Memory: 8GB DDR4-3200MHz, expandable to 32GB; Storage: 1TB NVMe SSD; MSI - Thin 15 B13UCX SN: K2406N0024269",,01,1,50500.00,50500.00,,I,ntel,IAUD,"Internal Audit","Piansay, Alwin","Marked: RPCPPE 2025 submitted to Accounting (2026-04-13)",RPCPPE2025-ACCT-SUB
4925,2025-01-00.000-0006-099,Laptop,"Intel core i5, 12MB cache, 2.1GHz-4.6GHz Clock Rate; Memory: 8GB DDR4-3200MHz, expandable to 32GB; Storage: 1TB NVMe SSD; MSI - Thin 15 B13UCX SN: K2406N0023916",,01,1,50500.00,50500.00,,I,ntel,IAUD,"Internal Audit","Piansay, Alwin","Marked: RPCPPE 2025 submitted to Accounting (2026-04-13)",RPCPPE2025-ACCT-SUB
4926,2025-01-00.000-0002-019,Laptop,"Intel core i5, 12MB cache, 2.1GHz-4.6GHz Clock Rate; Memory: 8GB DDR4-3200MHz, expandable to 32GB; Storage: 1TB NVMe SSD; MSI - Thin 15 B13UCX SN: K2406N0023808",,01,1,50500.00,50500.00,,I,ntel,IU,"Information Unit","Sola, Saredith","Marked: RPCPPE 2025 submitted to Accounting (2026-04-13)",RPCPPE2025-ACCT-SUB
4927,2025-01-00.000-0004-020,Laptop,"Intel core i5, 12MB cache, 2.1GHz-4.6GHz Clock Rate; Memory: 8GB DDR4-3200MHz, expandable to 32GB; Storage: 1TB NVMe SSD; MSI - Thin 15 B13UCX SN: K2406N0023947",,01,1,50500.00,50500.00,,I,ntel,LEG,"legal Unit","Filasol, Elizabeth","Marked: RPCPPE 2025 submitted to Accounting (2026-04-13)",RPCPPE2025-ACCT-SUB
4928,2025-01-00.000-0002-005,Laptop,"Intel core i5, 12MB cache, 2.1GHz-4.6GHz Clock Rate; Memory: 8GB DDR4-3200MHz, expandable to 32GB; Storage: 1TB NVMe SSD; MSI - Thin 15 B13UCX SN: K2406N0023817",,01,1,50500.00,50500.00,,I,ntel,OBS,"Office of the Board Secretary","Teologo, Reiner","Marked: RPCPPE 2025 submitted to Accounting (2026-04-13)",RPCPPE2025-ACCT-SUB
4929,2025-01-00.000-0002-089,Laptop,"Intel core i5, 12MB cache, 2.1GHz-4.6GHz Clock Rate; Memory: 8GB DDR4-3200MHz, expandable to 32GB; Storage: 1TB NVMe SSD; MSI - Thin 15 B13UCX SN: K2406N0023810",,01,1,50500.00,50500.00,,I,ntel,PMU,"Project Management Unit","Abellon, Vincent","Marked: RPCPPE 2025 submitted to Accounting (2026-04-13)",RPCPPE2025-ACCT-SUB
4930,2025-01-00.000-0002-050,Laptop,"Intel core i5, 12MB cache, 2.1GHz-4.6GHz Clock Rate; Memory: 8GB DDR4-3200MHz, expandable to 32GB; Storage: 1TB NVMe SSD; MSI - Thin 15 B13UCX SN: K2406N0023821",,01,1,50500.00,50500.00,,I,ntel,PU,"Procurement Unit","Alejandro, Allen","Marked: RPCPPE 2025 submitted to Accounting (2026-04-13)",RPCPPE2025-ACCT-SUB
4931,2025-01-00.000-0003-050,Laptop,"Intel core i5, 12MB cache, 2.1GHz-4.6GHz Clock Rate; Memory: 8GB DDR4-3200MHz, expandable to 32GB; Storage: 1TB NVMe SSD; MSI - Thin 15 B13UCX SN: K2406N0023752",,01,1,50500.00,50500.00,,I,ntel,PU,"Procurement Unit","Alejandro, Allen","Marked: RPCPPE 2025 submitted to Accounting (2026-04-13)",RPCPPE2025-ACCT-SUB
4932,2025-01-00.000-0005-054,Laptop,"Intel core i5, 12MB cache, 2.1GHz-4.6GHz Clock Rate; Memory: 8GB DDR4-3200MHz, expandable to 32GB; Storage: 1TB NVMe SSD; MSI - Thin 15 B13UCX SN: K2406N0023823",,01,1,50500.00,50500.00,,I,ntel,QUA,"Quality Assurance Unit",,"Marked: RPCPPE 2025 submitted to Accounting (2026-04-13)",RPCPPE2025-ACCT-SUB
4933,2025-01-00.000-0002-061,Laptop,"Intel core i5, 12MB cache, 2.1GHz-4.6GHz Clock Rate; Memory: 8GB DDR4-3200MHz, expandable to 32GB; Storage: 1TB NVMe SSD; MSI - Thin 15 B13UCX SN: K2406N0023684",,01,1,50500.00,50500.00,,I,ntel,REC,"Records Unit","Grafane, Joyce","Marked: RPCPPE 2025 submitted to Accounting (2026-04-13)",RPCPPE2025-ACCT-SUB
4934,2025-01-00.000-0073-000,Laptop,"Intel core i5, 12MB cache, 2.1GHz-4.6GHz Clock Rate; Memory: 8GB DDR4-3200MHz, expandable to 32GB; Storage: 1TB NVMe SSD; MSI - Thin 15 B13UCX SN: K2406N0023754",,01,1,50500.00,50500.00,,I,ntel,,,,"Marked: RPCPPE 2025 submitted to Accounting (2026-04-13)",RPCPPE2025-ACCT-SUB
4935,2025-01-00.000-0074-000,Laptop,"Intel core i5, 12MB cache, 2.1GHz-4.6GHz Clock Rate; Memory: 8GB DDR4-3200MHz, expandable to 32GB; Storage: 1TB NVMe SSD; MSI - Thin 15 B13UCX SN: K2406N0023792",,01,1,50500.00,50500.00,,I,ntel,,,,"Marked: RPCPPE 2025 submitted to Accounting (2026-04-13)",RPCPPE2025-ACCT-SUB
4936,2025-01-00.000-0075-000,Laptop,"Intel core i5, 12MB cache, 2.1GHz-4.6GHz Clock Rate; Memory: 8GB DDR4-3200MHz, expandable to 32GB; Storage: 1TB NVMe SSD; MSI - Thin 15 B13UCX SN: K2406N0023797",,01,1,50500.00,50500.00,,I,ntel,,,,"Marked: RPCPPE 2025 submitted to Accounting (2026-04-13)",RPCPPE2025-ACCT-SUB
4937,2025-01-00.000-0076-000,Laptop,"Intel core i5, 12MB cache, 2.1GHz-4.6GHz Clock Rate; Memory: 8GB DDR4-3200MHz, expandable to 32GB; Storage: 1TB NVMe SSD; MSI - Thin 15 B13UCX SN: K2406N0023811",,01,1,50500.00,50500.00,,I,ntel,,,"Delgado, Shella","Marked: RPCPPE 2025 submitted to Accounting (2026-04-13)",RPCPPE2025-ACCT-SUB
4938,2025-01-00.000-0077-000,Laptop,"Intel core i5, 12MB cache, 2.1GHz-4.6GHz Clock Rate; Memory: 8GB DDR4-3200MHz, expandable to 32GB; Storage: 1TB NVMe SSD; MSI - Thin 15 B13UCX SN: K2406N0023826",,01,1,50500.00,50500.00,,I,ntel,,,,"Marked: RPCPPE 2025 submitted to Accounting (2026-04-13)",RPCPPE2025-ACCT-SUB
4939,2025-01-00.000-0078-000,Laptop,"Intel core i5, 12MB cache, 2.1GHz-4.6GHz Clock Rate; Memory: 8GB DDR4-3200MHz, expandable to 32GB; Storage: 1TB NVMe SSD; MSI - Thin 15 B13UCX SN: K2406N0023759",,01,1,50500.00,50500.00,,I,ntel,,,,"Marked: RPCPPE 2025 submitted to Accounting (2026-04-13)",RPCPPE2025-ACCT-SUB
4940,2025-01-00.000-0079-000,Laptop,"Intel core i5, 12MB cache, 2.1GHz-4.6GHz Clock Rate; Memory: 8GB DDR4-3200MHz, expandable to 32GB; Storage: 1TB NVMe SSD; MSI - Thin 15 B13UCX SN: K2406N0023829",,01,1,50500.00,50500.00,,I,ntel,,,,"Marked: RPCPPE 2025 submitted to Accounting (2026-04-13)",RPCPPE2025-ACCT-SUB
4941,2025-01-00.000-0080-000,Laptop,"Intel core i5, 12MB cache, 2.1GHz-4.6GHz Clock Rate; Memory: 8GB DDR4-3200MHz, expandable to 32GB; Storage: 1TB NVMe SSD; MSI - Thin 15 B13UCX SN: K2406N0023816",,01,1,50500.00,50500.00,,I,ntel,,,,"Marked: RPCPPE 2025 submitted to Accounting (2026-04-13)",RPCPPE2025-ACCT-SUB
4942,2025-01-00.000-0081-000,Laptop,"Intel core i5, 12MB cache, 2.1GHz-4.6GHz Clock Rate; Memory: 8GB DDR4-3200MHz, expandable to 32GB; Storage: 1TB NVMe SSD; MSI - Thin 15 B13UCX SN: K2406N0023786",,01,1,50500.00,50500.00,,I,ntel,,,,"Marked: RPCPPE 2025 submitted to Accounting (2026-04-13)",RPCPPE2025-ACCT-SUB
4943,2025-01-00.000-0082-000,Laptop,"Intel core i5, 12MB cache, 2.1GHz-4.6GHz Clock Rate; Memory: 8GB DDR4-3200MHz, expandable to 32GB; Storage: 1TB NVMe SSD; MSI - Thin 15 B13UCX SN: K2406N0023789",,01,1,50500.00,50500.00,,I,ntel,,,,"Marked: RPCPPE 2025 submitted to Accounting (2026-04-13)",RPCPPE2025-ACCT-SUB
4944,2025-01-00.000-0083-000,Laptop,"Intel core i5, 12MB cache, 2.1GHz-4.6GHz Clock Rate; Memory: 8GB DDR4-3200MHz, expandable to 32GB; Storage: 1TB NVMe SSD; MSI - Thin 15 B13UCX SN: K2406N0023795",,01,1,50500.00,50500.00,,I,ntel,,,,"Marked: RPCPPE 2025 submitted to Accounting (2026-04-13)",RPCPPE2025-ACCT-SUB
4945,2025-01-00.000-0084-000,Laptop,"Intel core i5, 12MB cache, 2.1GHz-4.6GHz Clock Rate; Memory: 8GB DDR4-3200MHz, expandable to 32GB; Storage: 1TB NVMe SSD; MSI - Thin 15 B13UCX SN: K2406N0023831",,01,1,50500.00,50500.00,,I,ntel,,,,"Marked: RPCPPE 2025 submitted to Accounting (2026-04-13)",RPCPPE2025-ACCT-SUB
4946,2025-01-00.000-0007-099,"DSLR Camera","camera with accessories kit; LENS X00D_24.2 MP APS-C; 24.2MP CMOS DX 23.5 x 15.6mm. Lens AF-S NIKKOR 18-140mm SN: 20341517; NIKON D7200 SN: 9400805",,01,1,53850.00,53850.00,2025-04-14,c,amera,IAUD,"Internal Audit","Piansay, Alwin","Marked: RPCPPE 2025 submitted to Accounting (2026-04-13)",RPCPPE2025-ACCT-SUB
4947,2025-01-00.000-0005-025,"LED WALL","1X3mx2.5m P3.91; Outdoor fixed LED display; 30 pcs panel 500mmx500mm; Front and back service access spare parts; Power supply, 6 pcs.; Spare Nova receiving card: 6 pcs; Spare Module: 8 pcs; 1 10KVA AVR; 60 meters Communication cable; 1 lot fixed wall mount bracket; 75m-2.0mm 2c #14 2c Royal Cord; Primeled - P3.91-13S",,01,2,1080000.00,2160000.00,2025-03-19,,,GSU,"General Services Unit",,"Marked: RPCPPE 2025 submitted to Accounting (2026-04-13)",RPCPPE2025-ACCT-SUB
4948,2025-01-00.000-0006-025,"LED Screen with Cabinet","indoor/outdoor LEDWALL 2.5Mx2m; P 3.91 Indoor Full Color Led Screen; Module Specification: Pixel Pitch: 3.91mm; Pixel Configuration: SMD2121; Module Resolution: 64x64pixels; Scan code:1/16 scan; Module Size 250mmx250mm; Cabinet Specification: Cabinet Size (WxHxD) 500mmx500mmx85mm; Cabinet Quantity (WxH): 5pcs x 4pcs; 1 unit Video Processors; 1 Lot Power Cables; Circuit breaker for LED Screen Main Supply; 1 lot customized rack 5KVA AVR for power supply; 1 lot fabricated wall bracket for LED screen; 1 lot communication/signal cable, 30m communication cable; 30m HDMI cable with booster; 75m-2.0mm 2c #14 2c royal cord",,01,1,750000.00,750000.00,,i,ndoor/outdoor,GSU,"General Services Unit",,"Marked: RPCPPE 2025 submitted to Accounting (2026-04-13)",RPCPPE2025-ACCT-SUB
4949,2025-01-00.000-0007-025,Laptop,"Intel core i5-12500H; memory: 16GB DDR4; storage: 512 GB NVMe SSD; Graphics: NVIDIA GeForce; ACER - TMP216-51G-52D6; SN: NXB18SP00D5232F85A7600",,01,1,57850.00,57850.00,2025-12-18,I,ntel,GSU,"General Services Unit",,"Marked: RPCPPE 2025 submitted to Accounting (2026-04-13)",RPCPPE2025-ACCT-SUB
4950,2025-01-00.000-0008-025,Laptop,"Intel core i5-12500H; memory: 16GB DDR4; storage: 512 GB NVMe SSD; Graphics: NVIDIA GeForce; ACER - TMP216-51G-52D6; SN: NXB18SP00D5232F7D37600",,01,1,57850.00,57850.00,2025-12-18,I,ntel,GSU,"General Services Unit",,"Marked: RPCPPE 2025 submitted to Accounting (2026-04-13)",RPCPPE2025-ACCT-SUB
4951,2025-01-00.000-0003-006,"Desktop Computer","All In One; Intel Core i5-1340P; 16gb DDR4 RAM; 512 GB SSD; 23.8' Wide View Angle Monitor w/ Full HD 1080P; Intel UHD Graphics; ACER - C24-1851 SN: DQBKPSP00751500E873000",,01,1,69000.00,69000.00,,A,ll,BU,"Budget Unit","Berdin, Anna","Marked: RPCPPE 2025 submitted to Accounting (2026-04-13)",RPCPPE2025-ACCT-SUB
4952,2025-01-00.000-0004-026,"Desktop Computer","All in one; Intel Core Ultra 7; 8gb DDR5 RAM; 512gb SSD; Intel Graphics; 27' Wide Angle Monitor with Full HD 1080P; ACER - C27-195ES SN: DQBMGSP001524009DF3000",,01,1,50600.00,50600.00,2025-12-18,A,ll,PLAN,"Planning Unit","Lazo, Mark","Marked: RPCPPE 2025 submitted to Accounting (2026-04-13)",RPCPPE2025-ACCT-SUB
4953,2025-01-00.000-0005-026,Laptop,"Intel core i5-12500H; memory: 16GB DDR4; storage: 512 GB NVMe SSD; Graphics: NVIDIA GeForce; ACER - TMP216-51G-52D6; SN: NXB18SP00D5232F80A7600",,01,1,57850.00,57850.00,2025-12-18,I,ntel,PLAN,"Planning Unit","Lazo, Mark","Marked: RPCPPE 2025 submitted to Accounting (2026-04-13)",RPCPPE2025-ACCT-SUB
4954,2025-01-00.000-0001-088,Laptop,"Intel core i5-12500H; memory: 8GB DDR4; storage: 1TB NVMe SSD; Graphics: NVIDIA GeForce; ACER - TMP216-51G-52D6; SN: NXB18SP00D5232F84B7600",,01,1,59800.00,59800.00,2025-12-18,I,ntel,LMU,"Laboratory Management Unit",,"Marked: RPCPPE 2025 submitted to Accounting (2026-04-13)",RPCPPE2025-ACCT-SUB
4955,2025-01-00.000-0085-000,Laptop,"Intel core i5-12500H; memory: 8GB DDR4; storage: 1TB NVMe SSD; Graphics: NVIDIA GeForce; ACER - TMP216-51G-52D6; SN: NXB18SP00D5232F8807600",,01,1,59800.00,59800.00,2025-12-18,I,ntel,,,,"Marked: RPCPPE 2025 submitted to Accounting (2026-04-13)",RPCPPE2025-ACCT-SUB
4956,2025-01-00.000-0086-000,Laptop,"Intel core i5-12500H; memory: 8GB DDR4; storage: 1TB NVMe SSD; Graphics: NVIDIA GeForce; ACER - TMP216-51G-52D6; SN: NXB18SP00D5232F8917600",,01,1,59800.00,59800.00,2025-12-18,I,ntel,,,,"Marked: RPCPPE 2025 submitted to Accounting (2026-04-13)",RPCPPE2025-ACCT-SUB
4957,2025-01-00.000-0002-057,Laptop,"Intel core i5-12500H; memory: 8GB DDR4; storage: 1TB NVMe SSD; Graphics: NVIDIA GeForce; ACER - TMP216-51G-52D6; SN: NXB18SP00D5232F8287600",,01,1,59800.00,59800.00,2025-12-18,I,ntel,CSS,"Civil Security Services Unit",,"Marked: RPCPPE 2025 submitted to Accounting (2026-04-13)",RPCPPE2025-ACCT-SUB
4958,2025-01-00.000-0087-000,Laptop,"Intel core i5-12500H; memory: 8GB DDR4; storage: 1TB NVMe SSD; Graphics: NVIDIA GeForce; ACER - TMP216-51G-52D6; SN: NXB18SP00D5232F8187600",,01,1,59800.00,59800.00,2025-12-18,I,ntel,,,,"Marked: RPCPPE 2025 submitted to Accounting (2026-04-13)",RPCPPE2025-ACCT-SUB
4959,2025-01-00.000-0088-000,Laptop,"Intel core i5-12500H; memory: 8GB DDR4; storage: 1TB NVMe SSD; Graphics: NVIDIA GeForce; ACER - TMP216-51G-52D6; SN: NXB18SP00D5232F85F7600",,01,1,59800.00,59800.00,2025-12-18,I,ntel,,,,"Marked: RPCPPE 2025 submitted to Accounting (2026-04-13)",RPCPPE2025-ACCT-SUB
4960,2025-01-00.000-0089-000,Printer,"factory made; print; scan; copy; fax with ADF; print speed of up to 25.0 rpm; Prints up to A3+; Automatic Duplex Printing; Ultra-high page yield of 7,500 pages(black) and 6,000 pages (color); Wi-Fi; EPSON L15150 SN: X6N7068198",,01,1,55000.00,55000.00,2025-12-18,f,actory,,,,"Marked: RPCPPE 2025 submitted to Accounting (2026-04-13)",RPCPPE2025-ACCT-SUB
4961,2025-01-00.000-0090-000,"Photocopier Machine","Heavy Duty multi-function digital copier A3 9copy, print and colored scan; with ARDF (Automatic Reverse Document Feeder; with single tray; bypass tray; FUJIFILM - D-B590 SN: 464776",,01,1,111600.00,111600.00,2025-12-18,H,eavy,,,,"Marked: RPCPPE 2025 submitted to Accounting (2026-04-13)",RPCPPE2025-ACCT-SUB
4962,2025-01-00.000-0001-074,Printer,"factory made; print; scan; copy; fax with ADF; print speed of up to 25.0 rpm; Prints up to A3+; Automatic Duplex Printing; Ultra-high page yield of 7,500 pages(black) and 6,000 pages (color); Wi-Fi; with free initial consumables; Epson - L15150 SN: 	X6N7059125",,01,1,55000.00,55000.00,2025-12-18,f,actory,ASU,"Assessment Unit","Conato, Alexis","Marked: RPCPPE 2025 submitted to Accounting (2026-04-13)",RPCPPE2025-ACCT-SUB
4963,2004-01-02.990-0001-031,Fence,"70 Span 3 x 3 meters ( repaired 325.64 sq. m. 5/10/2024)",1.06.02.990.00,01,1,1789757.60,1789757.60,2004-01-01,,,SPM,"Supply and Property Management Unit",,"Marked: RPCPPE 2025 submitted to Accounting (2026-04-13)",RPCPPE2025-ACCT-SUB
4964,2025-01-02.990-0001-031,Fence,"81 x 156 sq. m.",1.06.02.990.00,01,1,898000.00,898000.00,,,,SPM,"Supply and Property Management Unit",,"Marked: RPCPPE 2025 submitted to Accounting (2026-04-13)",RPCPPE2025-ACCT-SUB
4965,2025-01-02.990-0002-031,Roadway,,1.06.02.990.00,01,1,847560.00,847560.00,,,,SPM,"Supply and Property Management Unit",,"Marked: RPCPPE 2025 submitted to Accounting (2026-04-13)",RPCPPE2025-ACCT-SUB
4966,2025-01-02.990-0003-031,"Physical Health & Wellness Facility","6,048 sq.m",1.06.02.990.00,01,1,8851483.33,8851483.33,,,,SPM,"Supply and Property Management Unit",,"Marked: RPCPPE 2025 submitted to Accounting (2026-04-13)",RPCPPE2025-ACCT-SUB
4967,2025-01-02.990-0004-031,"Entrance of Physical Health Wellness Facility","0.072 sq.m",1.06.02.990.00,01,1,148466.98,148466.98,,,,SPM,"Supply and Property Management Unit",,"Marked: RPCPPE 2025 submitted to Accounting (2026-04-13)",RPCPPE2025-ACCT-SUB
4968,2025-05-00.000-0106-031,"Drainage System",,,05,1,1834126.13,1834126.13,,,,SPM,"Supply and Property Management Unit",,"Marked: RPCPPE 2025 submitted to Accounting (2026-04-13)",RPCPPE2025-ACCT-SUB
4969,2025-05-00.000-0107-031,"Rehab of UA drainage (side of Covered Gym) 2nd payment",,,05,1,1316688.58,1316688.58,,,,SPM,"Supply and Property Management Unit",,"Marked: RPCPPE 2025 submitted to Accounting (2026-04-13)",RPCPPE2025-ACCT-SUB
4970,2025-05-00.000-0108-031,"Const of pavement, pathwalk & drainage","A=230 sq.m.; front of Supply Office (9/21/18)",,05,1,2031404.31,2031404.31,,A,=230,SPM,"Supply and Property Management Unit",,"Marked: RPCPPE 2025 submitted to Accounting (2026-04-13)",RPCPPE2025-ACCT-SUB
4971,2025-05-00.000-0109-031,"Const of pavement, pathwalk & drainage","A=320 sq.m.; front of UA Canteen (9/21/18)",,05,1,0.00,0.00,,A,=320,SPM,"Supply and Property Management Unit",,"Marked: RPCPPE 2025 submitted to Accounting (2026-04-13)",RPCPPE2025-ACCT-SUB
4972,2025-05-00.000-0110-031,"Const of pavement, pathwalk & drainage","A=962 sq.m.; front of old GEB to Gate-2",,05,1,0.00,0.00,,A,=962,SPM,"Supply and Property Management Unit",,"Marked: RPCPPE 2025 submitted to Accounting (2026-04-13)",RPCPPE2025-ACCT-SUB
4973,2025-05-00.000-0111-031,"Land Improvement form Architecture Building to Gate 3 (Provision for Pathwalk)",,,05,1,375945.29,375945.29,,,,SPM,"Supply and Property Management Unit",,"Marked: RPCPPE 2025 submitted to Accounting (2026-04-13)",RPCPPE2025-ACCT-SUB
4974,2025-05-00.000-0112-031,"Landscaping of Old GEB Lawn","A=1,028.42 sq.m.",,05,1,1909677.54,1909677.54,,A,=1,SPM,"Supply and Property Management Unit",,"Marked: RPCPPE 2025 submitted to Accounting (2026-04-13)",RPCPPE2025-ACCT-SUB
4975,1204-05-00.000-0001-031,"Landscaping at the front of perimeter fence along national road (carabao grass front of center gate)","327 sq.m.",,05,1,188393.42,188393.42,1204-02-12,,,SPM,"Supply and Property Management Unit",,"Marked: RPCPPE 2025 submitted to Accounting (2026-04-13)",RPCPPE2025-ACCT-SUB
4976,2025-05-00.000-0113-031,"Construction of road network (pool area)","749 sq.m. w/ slope protection",,05,1,2803675.72,2803675.72,,,,SPM,"Supply and Property Management Unit",,"Marked: RPCPPE 2025 submitted to Accounting (2026-04-13)",RPCPPE2025-ACCT-SUB
4977,2025-05-00.000-0114-031,"Construction of sports training center phase 2 (retaining wall north side)","299.3 sq. m.",,05,1,995668.66,995668.66,,,,SPM,"Supply and Property Management Unit",,"Marked: RPCPPE 2025 submitted to Accounting (2026-04-13)",RPCPPE2025-ACCT-SUB
4978,2025-05-00.000-0115-031,"Perimeter fence and drainage system along national road phase IV (shed extension and walk rays)-Repair","274.434 sq.m. ; front gate",,05,1,795891.77,795891.77,,,,SPM,"Supply and Property Management Unit",,"Marked: RPCPPE 2025 submitted to Accounting (2026-04-13)",RPCPPE2025-ACCT-SUB
4979,2025-01-02.990-0005-031,"Sports Training Center (Swimming pool Including contiguous)","1250 sq.m.",1.06.02.990.00,01,1,24999784.35,24999784.35,,,,SPM,"Supply and Property Management Unit",,"Marked: RPCPPE 2025 submitted to Accounting (2026-04-13)",RPCPPE2025-ACCT-SUB
4980,2025-01-01.010-0001-031,"Title No. N-4808","Lot No. 683 - 272 sq. meters @ P0.28/sq.m.",1.06.01.010.00,01,1,111520.00,111520.00,,L,ot,SPM,"Supply and Property Management Unit",,"Marked: RPCPPE 2025 submitted to Accounting (2026-04-13)",RPCPPE2025-ACCT-SUB
4981,2025-01-01.010-0002-031,"Title No. N-4809","Lot No. 690 - 225 sq. meters @ P0.19/sq.m.",1.06.01.010.00,01,1,81000.00,81000.00,,L,ot,SPM,"Supply and Property Management Unit",,"Marked: RPCPPE 2025 submitted to Accounting (2026-04-13)",RPCPPE2025-ACCT-SUB
4982,2025-01-01.010-0003-031,"Title No. N-4810","Lot No. 684 - 284 sq. meters @ P0.20",1.06.01.010.00,01,1,116440.00,116440.00,,L,ot,SPM,"Supply and Property Management Unit",,"Marked: RPCPPE 2025 submitted to Accounting (2026-04-13)",RPCPPE2025-ACCT-SUB
4983,2025-01-01.010-0004-031,"Title No. N-4811","Lot No. 675 - 29,544 sq. meters @ P0.04",1.06.01.010.00,01,1,3610749.20,3610749.20,,L,ot,SPM,"Supply and Property Management Unit",,"Marked: RPCPPE 2025 submitted to Accounting (2026-04-13)",RPCPPE2025-ACCT-SUB
4984,2025-01-01.010-0005-031,"Title No. N-4812","Lot No. 691 - 1767 sq. meters @ P0.20/sq.m.",1.06.01.010.00,01,1,636120.00,636120.00,,L,ot,SPM,"Supply and Property Management Unit",,"Marked: RPCPPE 2025 submitted to Accounting (2026-04-13)",RPCPPE2025-ACCT-SUB
4985,2025-01-01.010-0006-031,"Title No. N-4813","Lot No. 680 - 1554 sq. meters @ P0.14/sq.m.",1.06.01.010.00,01,1,637140.00,637140.00,,L,ot,SPM,"Supply and Property Management Unit",,"Marked: RPCPPE 2025 submitted to Accounting (2026-04-13)",RPCPPE2025-ACCT-SUB
4986,2025-01-01.010-0007-031,"Title No. N-4814","Lot No. 679 - 42,685 sq. meters @ P0.12/sq.m.",1.06.01.010.00,01,1,15366600.00,15366600.00,,L,ot,SPM,"Supply and Property Management Unit",,"Marked: RPCPPE 2025 submitted to Accounting (2026-04-13)",RPCPPE2025-ACCT-SUB
4987,2025-01-01.010-0008-031,"Title No. N-4826","Lot No. 8863 - 6310 sq. meters @ P0.10/sq.m.",1.06.01.010.00,01,1,2587100.00,2587100.00,,L,ot,SPM,"Supply and Property Management Unit",,"Marked: RPCPPE 2025 submitted to Accounting (2026-04-13)",RPCPPE2025-ACCT-SUB
4988,2025-01-01.010-0009-031,"Title No. N-4814","Lot No. 682 - 213 sq. meters @ P0.14/sq.m.",1.06.01.010.00,01,1,87330.00,87330.00,,L,ot,SPM,"Supply and Property Management Unit",,"Marked: RPCPPE 2025 submitted to Accounting (2026-04-13)",RPCPPE2025-ACCT-SUB
4989,2025-01-01.010-0010-031,"Title No. N-4826","Lot No. 8864 - 2142 sq. meters @ P0.10/sq.m.",1.06.01.010.00,01,1,771120.00,771120.00,,L,ot,SPM,"Supply and Property Management Unit",,"Marked: RPCPPE 2025 submitted to Accounting (2026-04-13)",RPCPPE2025-ACCT-SUB
4990,2025-01-01.010-0011-031,"Title No. N-5641","Lot No. 674 - 9577 sq. meters @ P0.30/sq.m.",1.06.01.010.00,01,1,517816.80,517816.80,,L,ot,SPM,"Supply and Property Management Unit",,"Marked: RPCPPE 2025 submitted to Accounting (2026-04-13)",RPCPPE2025-ACCT-SUB
4991,2025-05-00.000-0116-031,"Title No. N-4814","8,670 sq. m.",,05,1,12000000.00,12000000.00,,,,SPM,"Supply and Property Management Unit",,"Marked: RPCPPE 2025 submitted to Accounting (2026-04-13)",RPCPPE2025-ACCT-SUB
4992,1988-01-00.000-0001-000,Bandsaw,"26"" dia (Taiwan made) Hinoki Mac 9068",,01,1,54360.00,54360.00,1988-09-30,,,,,,"Marked: RPCPPE 2025 submitted to Accounting (2026-04-13)",RPCPPE2025-ACCT-SUB
4993,2025-01-00.000-0010-021,"Universal Milling Machine","Model X8126 0183",,01,1,330000.00,330000.00,,M,odel,CMS,"College of Maritime Studies",,"Marked: RPCPPE 2025 submitted to Accounting (2026-04-13)",RPCPPE2025-ACCT-SUB
4994,2025-01-00.000-0091-000,"Wood Shaper","Sears/Craftsman 2HP Motor 110V; Model: 113239420 w/ 15 pos. Cutter",,01,1,58900.00,58900.00,,S,ears/Craftsman,,,,"Marked: RPCPPE 2025 submitted to Accounting (2026-04-13)",RPCPPE2025-ACCT-SUB
4995,2025-01-00.000-0092-000,"Vacuum Pump","Rubinair High Vacuum Pump 220v 3/4HP M-15142",,01,1,55000.00,55000.00,,R,ubinair,,,,"Marked: RPCPPE 2025 submitted to Accounting (2026-04-13)",RPCPPE2025-ACCT-SUB
4996,2025-01-00.000-0093-000,"Concrete Mixer","8 HP RX80C Kobota Diesel Engine",,01,1,61000.00,61000.00,,,,,,,"Marked: RPCPPE 2025 submitted to Accounting (2026-04-13)",RPCPPE2025-ACCT-SUB
4997,2025-01-00.000-0011-021,"Radial Drilling Machine","35mm. dia. drill cap. Y-Drill; VCT 216; PARKWAY",,01,1,185000.00,185000.00,,,,CMS,"College of Maritime Studies",,"Marked: RPCPPE 2025 submitted to Accounting (2026-04-13)",RPCPPE2025-ACCT-SUB
4998,2025-01-00.000-0012-021,"Radial Drilling Machine","35mm. dia. drill cap. Y-Drill; VCT 216;",,01,1,185000.00,185000.00,,,,CMS,"College of Maritime Studies",,"Marked: RPCPPE 2025 submitted to Accounting (2026-04-13)",RPCPPE2025-ACCT-SUB
4999,2025-01-00.000-0013-021,"Radial Drilling Machine","35mm. dia. drill cap. Y-Drill; VCT 215; PARKWAY",,01,1,185000.00,185000.00,,,,CMS,"College of Maritime Studies",,"Marked: RPCPPE 2025 submitted to Accounting (2026-04-13)",RPCPPE2025-ACCT-SUB
5000,2025-01-00.000-0014-021,"Marine Engine","5 cylinder (Recon) w/ complete accessories 260HP; Low speed 800-900 RPM for dismantling purposes (MATSUE) brand",,01,1,375000.00,375000.00,,,,CMS,"College of Maritime Studies",,"Marked: RPCPPE 2025 submitted to Accounting (2026-04-13)",RPCPPE2025-ACCT-SUB
5001,2025-01-00.000-0015-021,"Steam Turbine","Reconditioned w/ generator",,01,1,185000.00,185000.00,,R,econditioned,CMS,"College of Maritime Studies",,"Marked: RPCPPE 2025 submitted to Accounting (2026-04-13)",RPCPPE2025-ACCT-SUB
5002,2025-01-00.000-0016-021,"Lathe Machine","HOWA STRONG; 1500; G10-1",,01,1,957350.00,957350.00,,H,OWA,CMS,"College of Maritime Studies",,"Marked: RPCPPE 2025 submitted to Accounting (2026-04-13)",RPCPPE2025-ACCT-SUB
5003,2025-01-00.000-0017-021,"Lathe Machine","(TUDA) 1500rpm; Chuck size-16""",,01,1,731000.00,731000.00,,(,TUDA,CMS,"College of Maritime Studies",,"Marked: RPCPPE 2025 submitted to Accounting (2026-04-13)",RPCPPE2025-ACCT-SUB
5004,2025-01-00.000-0018-021,"Generator Set","6 D.S. Diesel Water Cool 60KVA Generator w/ control Panel Board; 1 phase, 2 phase, 3 phase (TAIYO); SP 2623",,01,1,740500.00,740500.00,,,,CMS,"College of Maritime Studies",,"Marked: RPCPPE 2025 submitted to Accounting (2026-04-13)",RPCPPE2025-ACCT-SUB
5005,2025-01-00.000-0007-032,"Universal Testing Machine","Computer Display; Hydraulic S/N: 13098816",,01,1,950000.00,950000.00,,C,omputer,CEA,"College of Engineering and Architecture",,"Marked: RPCPPE 2025 submitted to Accounting (2026-04-13)",RPCPPE2025-ACCT-SUB
5006,2025-01-00.000-0094-000,Chainsaw,"Original; Made from Germany; NEWEST SN: 120356011",,01,1,71900.00,71900.00,,O,riginal,,,,"Marked: RPCPPE 2025 submitted to Accounting (2026-04-13)",RPCPPE2025-ACCT-SUB
5007,2025-01-00.000-0095-000,Chainsaw,"Original; Made from Germany; SN: S177829121",,01,1,71900.00,71900.00,,O,riginal,,,,"Marked: RPCPPE 2025 submitted to Accounting (2026-04-13)",RPCPPE2025-ACCT-SUB
5008,2025-01-00.000-0096-000,Chainsaw,"Brand STIHL Model M5720 Original; Made from Germany; SN: S177829109",,01,1,71900.00,71900.00,,B,rand,,,,"Marked: RPCPPE 2025 submitted to Accounting (2026-04-13)",RPCPPE2025-ACCT-SUB
5009,2025-01-00.000-0008-032,"Mini Lathe Machine","550 watts; 120V/60Hz",,01,1,94000.00,94000.00,,,,CEA,"College of Engineering and Architecture","Vegafria, Christine","Marked: RPCPPE 2025 submitted to Accounting (2026-04-13)",RPCPPE2025-ACCT-SUB
5010,2025-01-00.000-0009-032,"Function Generator","Rigol DG 3061A; SN: DG3G103900554",,01,1,113900.00,113900.00,,R,igol,CEA,"College of Engineering and Architecture","Vegafria, Christine","Marked: RPCPPE 2025 submitted to Accounting (2026-04-13)",RPCPPE2025-ACCT-SUB
5011,2025-01-00.000-0010-032,"Portable Welding Machine","Brand: Powercraft; Model: PIW 315i (Arc 315) SN: 160302622",,01,1,50000.00,50000.00,,B,rand:,CEA,"College of Engineering and Architecture","Vegafria, Christine","Marked: RPCPPE 2025 submitted to Accounting (2026-04-13)",RPCPPE2025-ACCT-SUB
5012,2025-01-00.000-0011-032,"Mig welding Machine","Brand: Powercraft Model: PMW 250i (Taurus 250) SN: 160650340",,01,1,55000.00,55000.00,,B,rand:,CEA,"College of Engineering and Architecture","Vegafria, Christine","Marked: RPCPPE 2025 submitted to Accounting (2026-04-13)",RPCPPE2025-ACCT-SUB
5013,2025-01-00.000-0012-032,"TIG Welding Machine","Brand: Powercraft Model:PTAD 200i (Omega 200) No SN:",,01,1,55000.00,55000.00,,B,rand:,CEA,"College of Engineering and Architecture","Vegafria, Christine","Marked: RPCPPE 2025 submitted to Accounting (2026-04-13)",RPCPPE2025-ACCT-SUB
5014,2025-01-00.000-0013-032,"TIG Welding Machine","Brand: Powercraft Model:PTAD 200i (Omega 200) No SN:",,01,1,55000.00,55000.00,,B,rand:,CEA,"College of Engineering and Architecture","Vegafria, Christine","Marked: RPCPPE 2025 submitted to Accounting (2026-04-13)",RPCPPE2025-ACCT-SUB
5015,2025-01-00.000-0014-032,"Portable Welding Machine","Brand: Powercraft; Model: PIW 315i (Arc 315) SN: 160302624",,01,1,50000.00,50000.00,,B,rand:,CEA,"College of Engineering and Architecture","Vegafria, Christine","Marked: RPCPPE 2025 submitted to Accounting (2026-04-13)",RPCPPE2025-ACCT-SUB
5016,1905-01-00.000-0001-032,"Mig welding Machine","Brand: Powercraft Model: PMW 250i (Taurus 250) SN: 160650354",,01,1,55000.00,55000.00,1905-07-08,B,rand:,CEA,"College of Engineering and Architecture","Vegafria, Christine","Marked: RPCPPE 2025 submitted to Accounting (2026-04-13)",RPCPPE2025-ACCT-SUB
5017,2025-01-00.000-0097-000,"Portable Welding Machine","Brand: Powercraft; Model: PIW 315i (Arc 315)",,01,1,50000.00,50000.00,,B,rand:,,,,"Marked: RPCPPE 2025 submitted to Accounting (2026-04-13)",RPCPPE2025-ACCT-SUB
5018,2025-01-00.000-0002-009,"Washing Machine","with dryer; Samsung;SN: ORCR5ABA900168",,01,1,65000.00,65000.00,,w,ith,CBA,"College of Business Accountancy","Lagarto, Cyril","Marked: RPCPPE 2025 submitted to Accounting (2026-04-13)",RPCPPE2025-ACCT-SUB
5019,2025-01-00.000-0098-000,"Edging Sewing Machine","Siruba brand; 747F-514M2-24 SN: TH180903376",,01,1,72000.00,72000.00,,S,iruba,,,,"Marked: RPCPPE 2025 submitted to Accounting (2026-04-13)",RPCPPE2025-ACCT-SUB
5020,2025-01-00.000-0099-000,"Edging Sewing Machine","Siruba brand; 747F-514M2-24; SN: TH180903149",,01,1,72000.00,72000.00,,S,iruba,,,,"Marked: RPCPPE 2025 submitted to Accounting (2026-04-13)",RPCPPE2025-ACCT-SUB
5021,2025-01-00.000-0019-021,"Lathe Machine","Wakenkiko SN: 5387 7.10ft; length of bed 5.6ft, swing of bed; chuck length 9""; 3 jaw",,01,1,239000.00,239000.00,,W,akenkiko,CMS,"College of Maritime Studies",,"Marked: RPCPPE 2025 submitted to Accounting (2026-04-13)",RPCPPE2025-ACCT-SUB
5022,2025-01-00.000-0100-000,"Wood Lathe Machine","Model: YXL 700mm cap HINOKI",,01,1,58700.00,58700.00,,M,odel:,,,,"Marked: RPCPPE 2025 submitted to Accounting (2026-04-13)",RPCPPE2025-ACCT-SUB
5023,2001-01-00.000-0001-000,Saw,"Tilting Arbor Scoring w/ table; Model TAS-12SCS; Taiwan brand new S/N: 000523",,01,1,845000.00,845000.00,2001-04-04,T,ilting,,,,"Marked: RPCPPE 2025 submitted to Accounting (2026-04-13)",RPCPPE2025-ACCT-SUB
5024,2025-01-00.000-0020-021,"Air Compressor","3 stage w/ 15HP Engine Yanmar; SN-7-0-1639",,01,1,290000.00,290000.00,,,,CMS,"College of Maritime Studies",,"Marked: RPCPPE 2025 submitted to Accounting (2026-04-13)",RPCPPE2025-ACCT-SUB
5025,2025-01-00.000-0021-021,"Marine Generating Set","125 KVA, control panel board; Nissan SN:34288 Model UD63 SN:320410",,01,1,890000.00,890000.00,,,,CMS,"College of Maritime Studies",,"Marked: RPCPPE 2025 submitted to Accounting (2026-04-13)",RPCPPE2025-ACCT-SUB
5026,2025-01-00.000-0022-021,"Diesel Engine","6LD Yanmar; No. FX4FO964 Japan",,01,1,350000.00,350000.00,,,,CMS,"College of Maritime Studies",,"Marked: RPCPPE 2025 submitted to Accounting (2026-04-13)",RPCPPE2025-ACCT-SUB
5027,2025-01-00.000-0101-000,"Welding Machine","B-310; 300 amps; Japan (Daiden)",,01,1,69950.00,69950.00,,B,310,,,,"Marked: RPCPPE 2025 submitted to Accounting (2026-04-13)",RPCPPE2025-ACCT-SUB
5028,2025-01-00.000-0102-000,"Pneumatic Overarm Router","Model LS-555E, SN-010456 (Taiwan)",,01,1,298000.00,298000.00,,M,odel,,,,"Marked: RPCPPE 2025 submitted to Accounting (2026-04-13)",RPCPPE2025-ACCT-SUB
5029,2025-01-00.000-0103-000,"Horizontal Boring Machine","Model HS 5310 SN: 020555 Chen Sheng",,01,1,200000.00,200000.00,,M,odel,,,,"Marked: RPCPPE 2025 submitted to Accounting (2026-04-13)",RPCPPE2025-ACCT-SUB
5030,2025-01-00.000-0104-000,"Vac Table Top Vacuum Packaging Machine","Model: TC-240",,01,1,156500.00,156500.00,,M,odel:,,,"Raymaro, Marie","Marked: RPCPPE 2025 submitted to Accounting (2026-04-13)",RPCPPE2025-ACCT-SUB
5031,2025-01-00.000-0105-000,"Preferred Pack ""All-in-One"" Hi-Speed L-Sealer & Shrink Tunnel","Model: P76ST",,01,1,141000.00,141000.00,,M,odel:,,,"Raymaro, Marie","Marked: RPCPPE 2025 submitted to Accounting (2026-04-13)",RPCPPE2025-ACCT-SUB
5032,2025-01-00.000-0106-000,"Generator Set","Iveco brand; 300KVA; 3 phase; 240V; 60Hz; 80% power factor and with brand new batteries and soundproof enclosure; Italy",,01,1,2100000.00,2100000.00,,I,veco,,,,"Marked: RPCPPE 2025 submitted to Accounting (2026-04-13)",RPCPPE2025-ACCT-SUB
5033,2025-01-00.000-0107-000,"Portable Welding Machine","Brand: Powercraft; Model: PIW 315i (Arc 315) SN: 160302638",,01,1,50000.00,50000.00,,B,rand:,,,,"Marked: RPCPPE 2025 submitted to Accounting (2026-04-13)",RPCPPE2025-ACCT-SUB
5034,2025-01-00.000-0108-000,"Mig welding Machine","Brand: Powercraft Model: PMW 250i (Taurus 250)",,01,1,55000.00,55000.00,,B,rand:,,,,"Marked: RPCPPE 2025 submitted to Accounting (2026-04-13)",RPCPPE2025-ACCT-SUB
5035,2025-01-00.000-0109-000,"TIG Welding Machine","Brand: Powercraft Model:PTAD 200i (Omega 200) No SN:",,01,1,55000.00,55000.00,,B,rand:,,,,"Marked: RPCPPE 2025 submitted to Accounting (2026-04-13)",RPCPPE2025-ACCT-SUB
5036,2025-05-00.000-0036-021,"Lathe Machine","Variable Speed Bench; CJ0618A; SP2102,350mm",,05,1,100380.00,100380.00,,V,ariable,CMS,"College of Maritime Studies",,"Marked: RPCPPE 2025 submitted to Accounting (2026-04-13)",RPCPPE2025-ACCT-SUB
5037,2025-05-00.000-0037-021,"Lathe Machine","Variable Speed Bench SP2102, 250mm",,05,1,135940.00,135940.00,,V,ariable,CMS,"College of Maritime Studies",,"Marked: RPCPPE 2025 submitted to Accounting (2026-04-13)",RPCPPE2025-ACCT-SUB
5038,2025-05-00.000-0038-021,"Lathe Machine","Variable Speed Bench; C6; SP2105, 550mm",,05,1,133980.00,133980.00,,V,ariable,CMS,"College of Maritime Studies",,"Marked: RPCPPE 2025 submitted to Accounting (2026-04-13)",RPCPPE2025-ACCT-SUB
5039,2025-05-00.000-0117-000,"Welding Machine","Japan (Daiden) B-310 S/N: FE9470081",,05,1,65000.00,65000.00,,J,apan,,,,"Marked: RPCPPE 2025 submitted to Accounting (2026-04-13)",RPCPPE2025-ACCT-SUB
5040,2025-05-00.000-0039-021,"Welding Machine","Japan (Daiden) B-310 S/N: 0070087",,05,1,65000.00,65000.00,,J,apan,CMS,"College of Maritime Studies",,"Marked: RPCPPE 2025 submitted to Accounting (2026-04-13)",RPCPPE2025-ACCT-SUB
5041,2025-05-00.000-0040-021,"Welding Machine","Japan (Daiden) B-310 S/N: 0070029",,05,1,65000.00,65000.00,,J,apan,CMS,"College of Maritime Studies",,"Marked: RPCPPE 2025 submitted to Accounting (2026-04-13)",RPCPPE2025-ACCT-SUB
5042,2025-05-00.000-0041-021,"Shaper Machine","5HP; Japan; UCHIDA",,05,1,70000.00,70000.00,,,,CMS,"College of Maritime Studies",,"Marked: RPCPPE 2025 submitted to Accounting (2026-04-13)",RPCPPE2025-ACCT-SUB
5043,2025-05-00.000-0118-000,"Welding Machine","Daiden M: B-3101V S/N: FE02070118",,05,1,75000.00,75000.00,,D,aiden,,,,"Marked: RPCPPE 2025 submitted to Accounting (2026-04-13)",RPCPPE2025-ACCT-SUB
5044,2025-05-00.000-0042-021,"Welding Machine","300 amps. Daiden B310 SN: 0070028",,05,1,75000.00,75000.00,,,,CMS,"College of Maritime Studies",,"Marked: RPCPPE 2025 submitted to Accounting (2026-04-13)",RPCPPE2025-ACCT-SUB
5045,2025-05-00.000-0043-021,"Welding Machine","160 amps w/ accessories (SATO)",,05,1,55000.00,55000.00,,,,CMS,"College of Maritime Studies",,"Marked: RPCPPE 2025 submitted to Accounting (2026-04-13)",RPCPPE2025-ACCT-SUB
5046,2025-05-00.000-0119-000,"Wood Lathe Machine","37""; Model: 55-4507-2 (Mastercraft)",,05,1,198000.00,198000.00,,,,,,,"Marked: RPCPPE 2025 submitted to Accounting (2026-04-13)",RPCPPE2025-ACCT-SUB
5047,2025-05-00.000-0044-021,"Arc Welding Machine","Electrical DC arc; Model: Bluthunder 403; Italy (Miller) SN-MD282493D",,05,1,249200.00,249200.00,,E,lectrical,CMS,"College of Maritime Studies","Samillano, Rowen","Marked: RPCPPE 2025 submitted to Accounting (2026-04-13)",RPCPPE2025-ACCT-SUB
5048,2025-05-00.000-0045-021,"Pyth Welding Machine","TIG/MMA; Model: XMT-425VS; US made; (Miller) SN-MC341371U",,05,1,499088.00,499088.00,,T,IG/MMA,CMS,"College of Maritime Studies","Samillano, Rowen","Marked: RPCPPE 2025 submitted to Accounting (2026-04-13)",RPCPPE2025-ACCT-SUB
5049,2025-05-00.000-0120-000,"Welding Machine","300amp; Japan (Daiden)",,05,1,69950.00,69950.00,,,,,,"Abellon, Vincent","Marked: RPCPPE 2025 submitted to Accounting (2026-04-13)",RPCPPE2025-ACCT-SUB
5050,2025-07-00.000-0001-000,"Twin Rip Saw","trs-1, single phase motor electric(VICTOR), 12'' dia x 40TCT(2pcs) 1200 slats/day 2.4 meters",,07,1,200000.00,200000.00,,t,rs-1,,,,"Marked: RPCPPE 2025 submitted to Accounting (2026-04-13)",RPCPPE2025-ACCT-SUB
5051,2015-05-00.000-0001-000,"Intra Oral Camera","with monitor; Resolution: 2.0 megapixel Image Sensor: Sonu Super HAD color 1/4"" CCD; Dimensions (LxWxH): 220 x 25 x 27mm; Weight: 50g; Monitor: Display:15'' TFT LCD Power Input: AC 100~240V, 50/60, 50/60HZ; Power Output: DC 12V = 4A; Dimension (LxWxH): 385 x5.5 x 365mm ; Weight: 3.24kg",,05,1,77900.00,77900.00,2015-10-30,w,ith,,,"Cortejo, Pearl","Marked: RPCPPE 2025 submitted to Accounting (2026-04-13)",RPCPPE2025-ACCT-SUB
5052,2025-05-00.000-0121-000,"Dental Periapical X-Ray","Model: ZLY-T-01;X-Ray Tube; SN: 1703018",,05,1,125000.00,125000.00,,M,odel:,,,"Cortejo, Pearl","Marked: RPCPPE 2025 submitted to Accounting (2026-04-13)",RPCPPE2025-ACCT-SUB
5053,2025-05-00.000-0122-000,"Extra Oral Dental Aerosol Suction System","with Aerodynamic DC brushless motor 220 watts with digital display panel (RD50)",,05,1,53333.00,53333.00,,w,ith,,,"Cortejo, Pearl","Marked: RPCPPE 2025 submitted to Accounting (2026-04-13)",RPCPPE2025-ACCT-SUB
5054,2025-05-00.000-0123-000,"Dental Chair Unit","Full motorized; Rotatable glass spitfoon, Best Excellency Synthetic",,05,1,266666.67,266666.67,,F,ull,,,"Cortejo, Pearl","Marked: RPCPPE 2025 submitted to Accounting (2026-04-13)",RPCPPE2025-ACCT-SUB
5055,2024-05-00.000-0001-000,"CPR Dummy Set","(family, realistic looking manikinpulse with a pinch-able nose and fully formed neck portion that allows for a carotid check with easy-to-insert lung bag, adequate upper chest sizing facilitates AED training with visual anatomy 'landmarks"" such as a navel and ribcage, with head-tilt capacity, with clicker mechanism); Prestan",,05,1,56350.00,56350.00,2024-12-13,(,family,,,"Cortejo, Pearl","Marked: RPCPPE 2025 submitted to Accounting (2026-04-13)",RPCPPE2025-ACCT-SUB
5056,2024-05-00.000-0002-000,CCTV,"32 Channel H.265 Digital Video Recorder; 25 units IP Camera HKVISION - DS-7732NXI-K4 SN: FF7234731",,05,1,352780.31,352780.31,2024-06-18,,,,,,"Marked: RPCPPE 2025 submitted to Accounting (2026-04-13)",RPCPPE2025-ACCT-SUB
5057,2019-01-00.000-0001-000,Vehicle,"Nissan NV350 15 STR. MT 2.5-DIESEL",,01,1,1640000.00,1640000.00,2019-11-11,N,issan,,,,"Marked: RPCPPE 2025 submitted to Accounting (2026-04-13)",RPCPPE2025-ACCT-SUB
5058,2025-05-00.000-0124-000,Vehicle,"Nissan Sentra, Super Touring (SGF-695)",,05,1,530000.00,530000.00,,N,issan,,,"Bangcaya, Porferio","Marked: RPCPPE 2025 submitted to Accounting (2026-04-13)",RPCPPE2025-ACCT-SUB
5059,2025-05-00.000-0125-000,Vehicle,"VAN Toyota Hi-Ace Commuter (SGF-524",,05,1,1244000.00,1244000.00,,V,AN,,,,"Marked: RPCPPE 2025 submitted to Accounting (2026-04-13)",RPCPPE2025-ACCT-SUB
5060,2025-05-00.000-0126-000,Vehicle,"Mitsubishi Montero Sport GLX (SJU-413)",,05,1,1472000.00,1472000.00,,M,itsubishi,,,,"Marked: RPCPPE 2025 submitted to Accounting (2026-04-13)",RPCPPE2025-ACCT-SUB
5061,2025-05-00.000-0127-000,Vehicle,"Isuzu-Elf, Dside w/ tabular canopy (064404)",,05,1,480000.00,480000.00,,I,suzu-Elf,,,,"Marked: RPCPPE 2025 submitted to Accounting (2026-04-13)",RPCPPE2025-ACCT-SUB
5062,2025-05-00.000-0128-000,Vehicle,"Multicab - Suzuki (JDH-624)",,05,1,178000.00,178000.00,,M,ulticab,,,,"Marked: RPCPPE 2025 submitted to Accounting (2026-04-13)",RPCPPE2025-ACCT-SUB
5063,2025-05-00.000-0129-000,Vehicle,"Kinglong Bus, white (131207)",,05,1,4998000.00,4998000.00,,K,inglong,,,,"Marked: RPCPPE 2025 submitted to Accounting (2026-04-13)",RPCPPE2025-ACCT-SUB
5064,2025-05-00.000-0130-000,Vehicle,"Pick-up (Nissan) F5E 069",,05,1,1790000.00,1790000.00,,P,ick-up,,,,"Marked: RPCPPE 2025 submitted to Accounting (2026-04-13)",RPCPPE2025-ACCT-SUB
5065,2025-05-00.000-0131-000,Vehicle,"Van Toyota Hi-Ace Commuter S8I 732",,05,1,2150000.00,2150000.00,,V,an,,,,"Marked: RPCPPE 2025 submitted to Accounting (2026-04-13)",RPCPPE2025-ACCT-SUB
5066,2025-05-00.000-0003-042,Vehicle,"Toyota Revo: Model GXL; Diesel, Color-apple green; Frame No. LF80-11475; Engine No. 21-9703052 Plate No. SGF-829",,05,1,761150.00,761150.00,,T,oyota,LEC,"Libertad Extension Campus","Bangcaya, Porferio","Marked: RPCPPE 2025 submitted to Accounting (2026-04-13)",RPCPPE2025-ACCT-SUB
5067,2005-01-00.000-0001-000,"Photocopier Machine","Gestetner MP 2001L; Model: D16029308; SN: E343M850304",,01,1,58000.00,58000.00,2005-07-05,G,estetner,,,"Teologo, Jocy","Marked: RPCPPE 2025 submitted to Accounting (2026-04-13)",RPCPPE2025-ACCT-SUB
5068,2025-01-00.000-0110-000,"Safety Vault","Defender; Model 3016-B",,01,1,82000.00,82000.00,,D,efender,,,"Maghari, Christy","Marked: RPCPPE 2025 submitted to Accounting (2026-04-13)",RPCPPE2025-ACCT-SUB
5069,2025-01-00.000-0111-000,Aircon,"Samsung; 2.5HP Wall Mounted Inverter SN: Q0E4PDBCA00033A, Q0PNPDCD900106W",,01,2,118196.00,236392.00,,S,amsung,,,"Abellon, Vincent","Marked: RPCPPE 2025 submitted to Accounting (2026-04-13)",RPCPPE2025-ACCT-SUB
5070,2025-01-00.000-0112-000,Aircon,"5 tonner (Carrier) SN: 0469157",,01,1,124900.00,124900.00,,,,,,"Abellon, Vincent","Marked: RPCPPE 2025 submitted to Accounting (2026-04-13)",RPCPPE2025-ACCT-SUB
5071,2025-01-00.000-0113-000,Aircon,"5 tonner (Carrier) SN: 0469068",,01,1,124900.00,124900.00,,,,,,"Abellon, Vincent","Marked: RPCPPE 2025 submitted to Accounting (2026-04-13)",RPCPPE2025-ACCT-SUB
5072,2025-01-00.000-0114-000,Aircon,"5 tonner (Carrier) SN: 0469092",,01,1,124900.00,124900.00,,,,,,"Abellon, Vincent","Marked: RPCPPE 2025 submitted to Accounting (2026-04-13)",RPCPPE2025-ACCT-SUB
5073,2025-01-00.000-0115-000,Aircon,"5 tonner (Carrier) SN: 0469097",,01,1,124900.00,124900.00,,,,,,"Abellon, Vincent","Marked: RPCPPE 2025 submitted to Accounting (2026-04-13)",RPCPPE2025-ACCT-SUB
5074,2025-01-00.000-0116-000,Aircon,"5 tonner (Carrier) SN: 0469036",,01,1,124900.00,124900.00,,,,,,"Abellon, Vincent","Marked: RPCPPE 2025 submitted to Accounting (2026-04-13)",RPCPPE2025-ACCT-SUB
5075,2025-01-00.000-0117-000,"Photocopier Machine","with ARDF; Gestetner MP2014AD SN: G618M550097",,01,1,54500.00,54500.00,,w,ith,,,,"Marked: RPCPPE 2025 submitted to Accounting (2026-04-13)",RPCPPE2025-ACCT-SUB
5076,2025-01-00.000-0118-000,"Photocopier Machine","with ARDF; Gestetner MP2014AD SN: G618M550098",,01,1,54500.00,54500.00,,w,ith,,,,"Marked: RPCPPE 2025 submitted to Accounting (2026-04-13)",RPCPPE2025-ACCT-SUB
5077,2025-01-00.000-0119-000,"Photocopier Machine","with ARDF; Gestetner MP2014AD SN: G617M950034",,01,1,54500.00,54500.00,,w,ith,,,"Atienza, Susan","Marked: RPCPPE 2025 submitted to Accounting (2026-04-13)",RPCPPE2025-ACCT-SUB
5078,2025-01-00.000-0120-000,"Photocopier Machine","with ARDF; Gestetner MP2014AD SN: G617M950386",,01,1,54500.00,54500.00,,w,ith,,,"Grafane, Joyce","Marked: RPCPPE 2025 submitted to Accounting (2026-04-13)",RPCPPE2025-ACCT-SUB
5079,2025-01-00.000-0121-000,"Photocopier Machine","with ARDF; Gestetner MP2014AD SN: G618M550094",,01,1,54500.00,54500.00,,w,ith,,,"Teologo, Jocy","Marked: RPCPPE 2025 submitted to Accounting (2026-04-13)",RPCPPE2025-ACCT-SUB
5080,2025-01-00.000-0122-000,"Photocopier Machine","with ARDF; Gestetner MP2001L SN: E346M550018",,01,1,79000.00,79000.00,,w,ith,,,"Bangcaya, Porferio","Marked: RPCPPE 2025 submitted to Accounting (2026-04-13)",RPCPPE2025-ACCT-SUB
5081,2025-01-00.000-0123-000,"Photocopier Machine","with ARDF; Gestetner MP2014AD SN: G617M750155",,01,1,54500.00,54500.00,,w,ith,,,"Escoton, Cheryl","Marked: RPCPPE 2025 submitted to Accounting (2026-04-13)",RPCPPE2025-ACCT-SUB
5082,2025-01-00.000-0006-013,Airconditioner,"3 ton; floor mounted; Kolin, Outdoor: 20221805-14144; Indoor: 20211801-13643",,01,1,84650.00,84650.00,,,,CCS,"College of Computer Studies",,"Marked: RPCPPE 2025 submitted to Accounting (2026-04-13)",RPCPPE2025-ACCT-SUB
5083,2025-01-00.000-0007-013,Airconditioner,"3 ton; floor mounted; Kolin, Outdoor: SN: 20221805-14147; Indoor: 20211806-14435",,01,1,84650.00,84650.00,,,,CCS,"College of Computer Studies",,"Marked: RPCPPE 2025 submitted to Accounting (2026-04-13)",RPCPPE2025-ACCT-SUB
5084,2025-01-00.000-0008-013,Airconditioner,"3 ton; floor mounted; Kolin, Outdoor: SN: 20221805-13796 Indoor: 20211801-13739",,01,1,84650.00,84650.00,,,,CCS,"College of Computer Studies",,"Marked: RPCPPE 2025 submitted to Accounting (2026-04-13)",RPCPPE2025-ACCT-SUB
5085,2025-01-00.000-0124-000,Aircon,"Wall Mounted-DAIKIN 2.5 HP SN: E012583",,01,1,53900.00,53900.00,,W,all,,,,"Marked: RPCPPE 2025 submitted to Accounting (2026-04-13)",RPCPPE2025-ACCT-SUB
5086,2025-01-00.000-0125-000,Aircon,"Wall Mounted-DAIKIN 2.5 HP SN: E009159",,01,1,53900.00,53900.00,,W,all,,,,"Marked: RPCPPE 2025 submitted to Accounting (2026-04-13)",RPCPPE2025-ACCT-SUB
5087,2025-01-00.000-0126-000,Aircon,"Wall Mounted-DAIKIN 2.5 HP SN: E012502",,01,1,53900.00,53900.00,,W,all,,,"Bangcaya, Porferio","Marked: RPCPPE 2025 submitted to Accounting (2026-04-13)",RPCPPE2025-ACCT-SUB
5088,2025-01-00.000-0127-000,Aircon,"Wall Mounted-DAIKIN 2.5 HP SN: E010708",,01,1,53900.00,53900.00,,W,all,,,"Bangcaya, Porferio","Marked: RPCPPE 2025 submitted to Accounting (2026-04-13)",RPCPPE2025-ACCT-SUB
5089,2025-01-00.000-0001-028,Aircon,"5 tonner; split type; floor mounted; Koppel SN: KL273089",,01,1,103320.00,103320.00,,,,LHS,"Laboratory High School","Saylo, Monalie","Marked: RPCPPE 2025 submitted to Accounting (2026-04-13)",RPCPPE2025-ACCT-SUB
5090,2025-01-00.000-0023-021,Aircon,"split type 3 tonner; Kolin SN: 20211807-15269",,01,1,76100.00,76100.00,,s,plit,CMS,"College of Maritime Studies",,"Marked: RPCPPE 2025 submitted to Accounting (2026-04-13)",RPCPPE2025-ACCT-SUB
5091,2018-01-00.000-0001-021,Aircon,"split type 3 tonner; Kolin SN: 20211807-15282",,01,1,76100.00,76100.00,2018-12-05,s,plit,CMS,"College of Maritime Studies",,"Marked: RPCPPE 2025 submitted to Accounting (2026-04-13)",RPCPPE2025-ACCT-SUB
5092,2025-01-00.000-0024-021,Aircon,"split type 3 tonner; Kolin SN: 20211807-15277",,01,1,76100.00,76100.00,,s,plit,CMS,"College of Maritime Studies",,"Marked: RPCPPE 2025 submitted to Accounting (2026-04-13)",RPCPPE2025-ACCT-SUB
5093,2025-01-00.000-0025-021,Aircon,"split type 3 tonner; Kolin SN: 20211806-14244",,01,1,76100.00,76100.00,,s,plit,CMS,"College of Maritime Studies",,"Marked: RPCPPE 2025 submitted to Accounting (2026-04-13)",RPCPPE2025-ACCT-SUB
5094,2025-01-00.000-0009-013,Aircon,"5 tonner, split type; floor mounted; Koppel SN: KL273088",,01,1,103320.00,103320.00,,,,CCS,"College of Computer Studies",,"Marked: RPCPPE 2025 submitted to Accounting (2026-04-13)",RPCPPE2025-ACCT-SUB
5095,2025-01-00.000-0010-013,Aircon,"6 tonner, split type; floor mounted; Koppel SN: LL323286",,01,1,103320.00,103320.00,,,,CCS,"College of Computer Studies",,"Marked: RPCPPE 2025 submitted to Accounting (2026-04-13)",RPCPPE2025-ACCT-SUB
5096,2025-01-00.000-0011-013,"Television Set","LED 50"" Smart TV; LG 50UK 6300 PTE SN: 807INJL4Z228",,01,1,54990.00,54990.00,,L,ED,CCS,"College of Computer Studies","SERMENO, JASON","Marked: RPCPPE 2025 submitted to Accounting (2026-04-13)",RPCPPE2025-ACCT-SUB
5097,2025-01-00.000-0012-013,"Television Set","LED 50"" Smart TV; LG 50UK 6300 PTE SN: 805INGQ1D216",,01,1,54990.00,54990.00,,L,ED,CCS,"College of Computer Studies","SERMENO, JASON","Marked: RPCPPE 2025 submitted to Accounting (2026-04-13)",RPCPPE2025-ACCT-SUB
5098,2025-01-00.000-0128-000,"Television Set","LED 50"" Smart TV; LG 50UK 6300 PTE SN: 805INDP3M210",,01,1,54990.00,54990.00,,L,ED,,,"Bangcaya, Porferio","Marked: RPCPPE 2025 submitted to Accounting (2026-04-13)",RPCPPE2025-ACCT-SUB
5099,2025-01-00.000-0129-000,"Television Set","LED 50"" Smart TV; LG 50UK 6300 PTE SN: 807INJL10021",,01,1,54990.00,54990.00,,L,ED,,,"Bangcaya, Porferio","Marked: RPCPPE 2025 submitted to Accounting (2026-04-13)",RPCPPE2025-ACCT-SUB
5100,2025-01-00.000-0130-000,Aircon,"Everest, 3 tonner; Inverter; floor mounted SN: 340624293018719060041",,01,1,100168.00,100168.00,,E,verest,,,"Teologo, Jocy","Marked: RPCPPE 2025 submitted to Accounting (2026-04-13)",RPCPPE2025-ACCT-SUB
5101,2025-01-00.000-0131-000,Aircon,"Everest; 5 tonner inverter; floor mounted SN: 340719813098C210160019",,01,1,137436.00,137436.00,,E,verest,,,,"Marked: RPCPPE 2025 submitted to Accounting (2026-04-13)",RPCPPE2025-ACCT-SUB
5102,2025-01-00.000-0132-000,Aircon,"Everest; 5 tonner inverter; floor mounted SN: 340719813098C210160015",,01,1,137436.00,137436.00,,E,verest,,,"Abellon, Vincent","Marked: RPCPPE 2025 submitted to Accounting (2026-04-13)",RPCPPE2025-ACCT-SUB
5103,2025-01-00.000-0133-000,Aircon,"Everest; 5 tonner inverter; floor mounted SN: 340719813098C210160012",,01,1,137436.00,137436.00,,E,verest,,,"Abellon, Vincent","Marked: RPCPPE 2025 submitted to Accounting (2026-04-13)",RPCPPE2025-ACCT-SUB
5104,2025-01-00.000-0134-000,Aircon,"Everest; 5 tonner inverter; floor mounted SN: 340719813098C210160027",,01,1,137436.00,137436.00,,E,verest,,,"Abellon, Vincent","Marked: RPCPPE 2025 submitted to Accounting (2026-04-13)",RPCPPE2025-ACCT-SUB
5105,2025-01-00.000-0135-000,Aircon,"Everest; 5 tonner inverter; floor mounted SN: ,340719813098C210160016",,01,1,137436.00,137436.00,,E,verest,,,"Abellon, Vincent","Marked: RPCPPE 2025 submitted to Accounting (2026-04-13)",RPCPPE2025-ACCT-SUB
5106,2025-01-00.000-0001-067,Aircon,"Everest; 5 tonner inverter; floor mounted SN: 340719813098C210160018",,01,1,137436.00,137436.00,,E,verest,SWK,"Sentro ng Wika at Kultura","Denosta, Mahalia","Marked: RPCPPE 2025 submitted to Accounting (2026-04-13)",RPCPPE2025-ACCT-SUB
5107,2025-01-00.000-0136-000,Aircon,"5 tonner, floor mounted; Everest; SN: 2401248060163190160010",,01,1,191000.00,191000.00,,,,,,,"Marked: RPCPPE 2025 submitted to Accounting (2026-04-13)",RPCPPE2025-ACCT-SUB
5108,2025-01-00.000-0137-000,"LED SCREEN WITH CABINET (ABRAM)","2.5M x 2M P 3.91 Indoor Full Color Led Screen: Module Specification; Pixel Pitch 3.91mm. Pixel Configuration: SMD2121; Module Resolution:64x64pixels; Scan Mode: 1/16 scan, Module Size: (WxH); 5pcs x 4pcs., Pixels Resolution (WxH): 896dotsx640dots, Brightness:?800cd/m2, Refresh Rates?384HZ, Viewing Angle: H: 140v: 120 Input Voltage: 200-240V, Max, Power Consumption: 600W/m2, Avg. Power Consumption: 200W/m@. IP Grade: IP43, Cabinet Material: die-casting aluminum. Includes: 1 unit video processors, 1 lot power cables, circuit breaker for LED Screen main supply, 1 lot customized rack with 5KVA AVR for power supply, 1 lot fabricated wall bracket for LED screen, 1 lot communication/signal cable, 1 lot additional fabricated mobile stand to combine the exixting LED screen for outdoor use",,01,1,810204.00,810204.00,,,,,,"Vedeja, Josephine","Marked: RPCPPE 2025 submitted to Accounting (2026-04-13)",RPCPPE2025-ACCT-SUB
5109,2025-01-00.000-0015-032,"LED TV","55 inch, 4K Smart Google TV- TCL Model: 55P635; SN: 2401ALY209160B02038",,01,1,50010.00,50010.00,,,,CEA,"College of Engineering and Architecture","Vegafria, Christine","Marked: RPCPPE 2025 submitted to Accounting (2026-04-13)",RPCPPE2025-ACCT-SUB
5110,2025-01-00.000-0016-032,"LED TV","55 inch, 4K Smart Google TV- TCL Model: 55P635; SN: 2401ALY209160B02028",,01,1,50010.00,50010.00,,,,CEA,"College of Engineering and Architecture","Vegafria, Christine","Marked: RPCPPE 2025 submitted to Accounting (2026-04-13)",RPCPPE2025-ACCT-SUB
5111,2025-01-00.000-0017-032,"LED TV","55 inch, 4K Smart Google TV- TCL Model: 55P635; SN: 2401ALY209160B02036",,01,1,50010.00,50010.00,,,,CEA,"College of Engineering and Architecture","Vegafria, Christine","Marked: RPCPPE 2025 submitted to Accounting (2026-04-13)",RPCPPE2025-ACCT-SUB
5112,2025-01-00.000-0018-032,"LED TV","55 inch, 4K Smart Google TV- TCL Model: 55P635; SN: 2401ALY209179C00907",,01,1,50010.00,50010.00,,,,CEA,"College of Engineering and Architecture","Vegafria, Christine","Marked: RPCPPE 2025 submitted to Accounting (2026-04-13)",RPCPPE2025-ACCT-SUB
5113,2025-01-00.000-0019-032,"LED TV","55 inch, 4K Smart Google TV- TCL Model: 55P635; SN: 2401ALY209179C00952",,01,1,50010.00,50010.00,,,,CEA,"College of Engineering and Architecture","Vegafria, Christine","Marked: RPCPPE 2025 submitted to Accounting (2026-04-13)",RPCPPE2025-ACCT-SUB
5114,2025-01-00.000-0020-032,"LED TV","55 inch, 4K Smart Google TV- TCL Model: 55P635; SN: 2401ALY209179C00476",,01,1,50010.00,50010.00,,,,CEA,"College of Engineering and Architecture","Vegafria, Christine","Marked: RPCPPE 2025 submitted to Accounting (2026-04-13)",RPCPPE2025-ACCT-SUB
5115,2025-01-00.000-0021-032,"LED TV","55 inch, 4K Smart Google TV- TCL Model: 55P635; SN: 2401ALY209179C00485",,01,1,50010.00,50010.00,,,,CEA,"College of Engineering and Architecture","Vegafria, Christine","Marked: RPCPPE 2025 submitted to Accounting (2026-04-13)",RPCPPE2025-ACCT-SUB
5116,2025-01-00.000-0022-032,"LED TV","55 inch, 4K Smart Google TV- TCL Model: 55P635; SN: 2401ALY209179C00936",,01,1,50010.00,50010.00,,,,CEA,"College of Engineering and Architecture","Vegafria, Christine","Marked: RPCPPE 2025 submitted to Accounting (2026-04-13)",RPCPPE2025-ACCT-SUB
5117,2025-01-00.000-0023-032,"LED TV","55 inch, 4K Smart Google TV- TCL Model: 55P635; SN: 2401ALY209160B02189",,01,1,50010.00,50010.00,,,,CEA,"College of Engineering and Architecture","Vegafria, Christine","Marked: RPCPPE 2025 submitted to Accounting (2026-04-13)",RPCPPE2025-ACCT-SUB
5118,2025-01-00.000-0024-032,"LED TV","55 inch, 4K Smart Google TV- TCL Model: 55P635; SN: 2401ALY209160B02195",,01,1,50010.00,50010.00,,,,CEA,"College of Engineering and Architecture","Vegafria, Christine","Marked: RPCPPE 2025 submitted to Accounting (2026-04-13)",RPCPPE2025-ACCT-SUB
5119,2025-01-00.000-0025-032,"LED TV","55 inch, 4K Smart Google TV- TCL Model: 55P635; SN: 2401ALY209179C00905",,01,1,50010.00,50010.00,,,,CEA,"College of Engineering and Architecture","Vegafria, Christine","Marked: RPCPPE 2025 submitted to Accounting (2026-04-13)",RPCPPE2025-ACCT-SUB
5120,2025-01-00.000-0026-032,"LED TV","55 inch, 4K Smart Google TV- TCL Model: 55P635; SN: 2401ALY209179C00144",,01,1,50010.00,50010.00,,,,CEA,"College of Engineering and Architecture","Vegafria, Christine","Marked: RPCPPE 2025 submitted to Accounting (2026-04-13)",RPCPPE2025-ACCT-SUB
5121,2025-01-00.000-0027-032,"LED TV","55 inch, 4K Smart Google TV- TCL Model: 55P635; SN: 2401ALY209179C00662",,01,1,50010.00,50010.00,,,,CEA,"College of Engineering and Architecture","Vegafria, Christine","Marked: RPCPPE 2025 submitted to Accounting (2026-04-13)",RPCPPE2025-ACCT-SUB
5122,2025-01-00.000-0028-032,"LED TV","55 inch, 4K Smart Google TV- TCL Model: 55P635; SN: 2401ALY209160B02041",,01,1,50010.00,50010.00,,,,CEA,"College of Engineering and Architecture","Vegafria, Christine","Marked: RPCPPE 2025 submitted to Accounting (2026-04-13)",RPCPPE2025-ACCT-SUB
5123,2025-01-00.000-0001-081,"LED TV","55 inch, 4K Smart Google TV- TCL Model: 55P635; SN: 2401ALY209179C00841",,01,1,50010.00,50010.00,,,,CCJE,"College of Criminal Justice Education","Aurillo, Elden","Marked: RPCPPE 2025 submitted to Accounting (2026-04-13)",RPCPPE2025-ACCT-SUB
5124,2025-01-00.000-0002-081,"LED TV","55 inch, 4K Smart Google TV- TCL Model: 55P635; SN: 2401ALY209160B02041",,01,1,50010.00,50010.00,,,,CCJE,"College of Criminal Justice Education","Aurillo, Elden","Marked: RPCPPE 2025 submitted to Accounting (2026-04-13)",RPCPPE2025-ACCT-SUB
5125,2025-01-00.000-0003-081,"LED TV","55 inch, 4K Smart Google TV- TCL Model: 55P635; SN: 2401ALY209179C00154",,01,1,50010.00,50010.00,,,,CCJE,"College of Criminal Justice Education","Aurillo, Elden","Marked: RPCPPE 2025 submitted to Accounting (2026-04-13)",RPCPPE2025-ACCT-SUB
5126,2025-01-00.000-0004-081,"LED TV","55 inch, 4K Smart Google TV- TCL Model: 55P635; SN: 2401ALY209179C00937",,01,1,50010.00,50010.00,,,,CCJE,"College of Criminal Justice Education","Aurillo, Elden","Marked: RPCPPE 2025 submitted to Accounting (2026-04-13)",RPCPPE2025-ACCT-SUB
5127,2025-01-00.000-0005-081,"LED TV","55 inch, 4K Smart Google TV- TCL Model: 55P635; SN: 2401ALY209179C00931",,01,1,50010.00,50010.00,,,,CCJE,"College of Criminal Justice Education","Aurillo, Elden","Marked: RPCPPE 2025 submitted to Accounting (2026-04-13)",RPCPPE2025-ACCT-SUB
5128,2025-01-00.000-0006-081,"LED TV","55 inch, 4K Smart Google TV- TCL Model: 55P635; SN: 2401ALY209179C00923",,01,1,50010.00,50010.00,,,,CCJE,"College of Criminal Justice Education","Aurillo, Elden","Marked: RPCPPE 2025 submitted to Accounting (2026-04-13)",RPCPPE2025-ACCT-SUB
5129,2025-01-00.000-0007-081,"LED TV","55 inch, 4K Smart Google TV- TCL Model: 55P635; SN: 2401ALY209160B02250",,01,1,50010.00,50010.00,,,,CCJE,"College of Criminal Justice Education","Aurillo, Elden","Marked: RPCPPE 2025 submitted to Accounting (2026-04-13)",RPCPPE2025-ACCT-SUB
5130,2025-01-00.000-0002-028,"LED TV","55 inch, 4K Smart Google TV- TCL Model: 55P635; SN: 2401ALY209160B02058",,01,1,50010.00,50010.00,,,,LHS,"Laboratory High School","Saylo, Monalie","Marked: RPCPPE 2025 submitted to Accounting (2026-04-13)",RPCPPE2025-ACCT-SUB
5131,2025-01-00.000-0003-028,"LED TV","55 inch, 4K Smart Google TV- TCL Model: 55P635; SN: 2401ALY209160B02183",,01,1,50010.00,50010.00,,,,LHS,"Laboratory High School","Saylo, Monalie","Marked: RPCPPE 2025 submitted to Accounting (2026-04-13)",RPCPPE2025-ACCT-SUB
5132,2025-01-00.000-0002-080,"LED TV","55 inch, 4K Smart Google TV- TCL Model: 55P635; SN: 2401ALY209160B02190",,01,1,50010.00,50010.00,,,,CTE,CIT,"Pastolero, Grace","Marked: RPCPPE 2025 submitted to Accounting (2026-04-13)",RPCPPE2025-ACCT-SUB
5133,2025-01-00.000-0003-080,"LED TV","55 inch, 4K Smart Google TV- TCL Model: 55P635; SN: 2401ALY209160B02037",,01,1,50010.00,50010.00,,,,CTE,CIT,"Pastolero, Grace","Marked: RPCPPE 2025 submitted to Accounting (2026-04-13)",RPCPPE2025-ACCT-SUB
5134,2025-01-00.000-0004-080,"LED TV","55 inch, 4K Smart Google TV- TCL Model: 55P635; SN: 2401ALY209160B02252",,01,1,50010.00,50010.00,,,,CTE,CIT,"Pastolero, Grace","Marked: RPCPPE 2025 submitted to Accounting (2026-04-13)",RPCPPE2025-ACCT-SUB
5135,2025-01-00.000-0005-080,"LED TV","55 inch, 4K Smart Google TV- TCL Model: 55P635; SN: 2401ALY209160B02191",,01,1,50010.00,50010.00,,,,CTE,CIT,"Pastolero, Grace","Marked: RPCPPE 2025 submitted to Accounting (2026-04-13)",RPCPPE2025-ACCT-SUB
5136,2025-01-00.000-0006-080,"LED TV","56 inch, 4K Smart Google TV- TCL Model: 55P635; SN: 2401ALY209160B02105",,01,1,50010.00,50010.00,,,,CTE,CIT,"Pastolero, Grace","Marked: RPCPPE 2025 submitted to Accounting (2026-04-13)",RPCPPE2025-ACCT-SUB
5137,2025-01-00.000-0002-038,"LED TV","55 inch, 4K Smart Google TV- TCL Model: 55P635; SN: 2401ALY209179C00946",,01,1,50010.00,50010.00,,,,CAS,"College of Arts and Sciences",,"Marked: RPCPPE 2025 submitted to Accounting (2026-04-13)",RPCPPE2025-ACCT-SUB
5138,2025-01-00.000-0003-038,"LED TV","55 inch, 4K Smart Google TV- TCL Model: 55P635; SN: 2401ALY209179C00138",,01,1,50010.00,50010.00,,,,CAS,"College of Arts and Sciences",,"Marked: RPCPPE 2025 submitted to Accounting (2026-04-13)",RPCPPE2025-ACCT-SUB
5139,2025-01-00.000-0004-038,"LED TV","55 inch, 4K Smart Google TV- TCL Model: 55P635; SN: 2401ALY209179C00473",,01,1,50010.00,50010.00,,,,CAS,"College of Arts and Sciences",,"Marked: RPCPPE 2025 submitted to Accounting (2026-04-13)",RPCPPE2025-ACCT-SUB
5140,2025-01-00.000-0005-038,"LED TV","55 inch, 4K Smart Google TV- TCL Model: 55P635; SN: 2401ALY209160B02245",,01,1,50010.00,50010.00,,,,CAS,"College of Arts and Sciences",,"Marked: RPCPPE 2025 submitted to Accounting (2026-04-13)",RPCPPE2025-ACCT-SUB
5141,2025-01-00.000-0006-038,"LED TV","55 inch, 4K Smart Google TV- TCL Model: 55P635; SN: 2401ALY209179C00951",,01,1,50010.00,50010.00,,,,CAS,"College of Arts and Sciences",,"Marked: RPCPPE 2025 submitted to Accounting (2026-04-13)",RPCPPE2025-ACCT-SUB
5142,2025-01-00.000-0007-038,"LED TV","55 inch, 4K Smart Google TV- TCL Model: 55P635; SN: 2401ALY209160B02044",,01,1,50010.00,50010.00,,,,CAS,"College of Arts and Sciences",,"Marked: RPCPPE 2025 submitted to Accounting (2026-04-13)",RPCPPE2025-ACCT-SUB
5143,2025-01-00.000-0008-038,"LED TV","55 inch, 4K Smart Google TV- TCL Model: 55P635; SN: 2401ALY209160B02046",,01,1,50010.00,50010.00,,,,CAS,"College of Arts and Sciences",,"Marked: RPCPPE 2025 submitted to Accounting (2026-04-13)",RPCPPE2025-ACCT-SUB
5144,2025-01-00.000-0009-038,"LED TV","55 inch, 4K Smart Google TV- TCL Model: 55P635; SN: 2401ALY209160B02057",,01,1,50010.00,50010.00,,,,CAS,"College of Arts and Sciences",,"Marked: RPCPPE 2025 submitted to Accounting (2026-04-13)",RPCPPE2025-ACCT-SUB
5145,2025-01-00.000-0010-038,"LED TV","55 inch, 4K Smart Google TV- TCL Model: 55P635; SN: 2401ALY209160B02186",,01,1,50010.00,50010.00,,,,CAS,"College of Arts and Sciences",,"Marked: RPCPPE 2025 submitted to Accounting (2026-04-13)",RPCPPE2025-ACCT-SUB
5146,2025-01-00.000-0003-009,"LED TV","55 inch, 4K Smart Google TV- TCL Model: 55P635; SN: 2401ALY209179C00924",,01,1,50010.00,50010.00,,,,CBA,"College of Business Accountancy","Bolivar, Loyda","Marked: RPCPPE 2025 submitted to Accounting (2026-04-13)",RPCPPE2025-ACCT-SUB
5147,2025-01-00.000-0004-009,"LED TV","55 inch, 4K Smart Google TV- TCL Model: 55P635; SN: 2401ALY209179C00891",,01,1,50010.00,50010.00,,,,CBA,"College of Business Accountancy","Bolivar, Loyda","Marked: RPCPPE 2025 submitted to Accounting (2026-04-13)",RPCPPE2025-ACCT-SUB
5148,2025-01-00.000-0005-009,"LED TV","55 inch, 4K Smart Google TV- TCL Model: 55P635; SN: 2401ALY209179C00908",,01,1,50010.00,50010.00,,,,CBA,"College of Business Accountancy","Bolivar, Loyda","Marked: RPCPPE 2025 submitted to Accounting (2026-04-13)",RPCPPE2025-ACCT-SUB
5149,2025-01-00.000-0006-009,"LED TV","55 inch, 4K Smart Google TV- TCL Model: 55P635; SN: 2401ALY209179C00878",,01,1,50010.00,50010.00,,,,CBA,"College of Business Accountancy","Bolivar, Loyda","Marked: RPCPPE 2025 submitted to Accounting (2026-04-13)",RPCPPE2025-ACCT-SUB
5150,2025-01-00.000-0007-009,"LED TV","55 inch, 4K Smart Google TV- TCL Model: 55P635; SN: 2401ALY209179C00805",,01,1,50010.00,50010.00,,,,CBA,"College of Business Accountancy","Bolivar, Loyda","Marked: RPCPPE 2025 submitted to Accounting (2026-04-13)",RPCPPE2025-ACCT-SUB
5151,2025-01-00.000-0008-009,"LED TV","55 inch, 4K Smart Google TV- TCL Model: 55P635; SN: 2401ALY209179C00470",,01,1,50010.00,50010.00,,,,CBA,"College of Business Accountancy","Bolivar, Loyda","Marked: RPCPPE 2025 submitted to Accounting (2026-04-13)",RPCPPE2025-ACCT-SUB
5152,2025-01-00.000-0009-009,"LED TV","55 inch, 4K Smart Google TV- TCL Model: 55P635; SN: 2401ALY209179C00930",,01,1,50010.00,50010.00,,,,CBA,"College of Business Accountancy","Bolivar, Loyda","Marked: RPCPPE 2025 submitted to Accounting (2026-04-13)",RPCPPE2025-ACCT-SUB
5153,2025-01-00.000-0010-009,"LED TV","55 inch, 4K Smart Google TV- TCL Model: 55P635; SN: 2401ALY209179C00911",,01,1,50010.00,50010.00,,,,CBA,"College of Business Accountancy","Bolivar, Loyda","Marked: RPCPPE 2025 submitted to Accounting (2026-04-13)",RPCPPE2025-ACCT-SUB
5154,2025-01-00.000-0011-009,"LED TV","55 inch, 4K Smart Google TV- TCL Model: 55P635; SN: 2401ALY209179C00917",,01,1,50010.00,50010.00,,,,CBA,"College of Business Accountancy","Bolivar, Loyda","Marked: RPCPPE 2025 submitted to Accounting (2026-04-13)",RPCPPE2025-ACCT-SUB
5155,2025-01-00.000-0013-013,"LED TV","55 inch, 4K Smart Google TV- TCL Model: 55P635; SN: 2401ALY209179C00469",,01,1,50010.00,50010.00,,,,CCS,"College of Computer Studies",,"Marked: RPCPPE 2025 submitted to Accounting (2026-04-13)",RPCPPE2025-ACCT-SUB
5156,2025-01-00.000-0014-013,"LED TV","55 inch, 4K Smart Google TV- TCL Model: 55P635; SN: 2401ALY209179C00803",,01,1,50010.00,50010.00,,,,CCS,"College of Computer Studies",,"Marked: RPCPPE 2025 submitted to Accounting (2026-04-13)",RPCPPE2025-ACCT-SUB
5157,2025-01-00.000-0015-013,"LED TV","55 inch, 4K Smart Google TV- TCL Model: 55P635; SN: 2401ALY209160B02142",,01,1,50010.00,50010.00,,,,CCS,"College of Computer Studies",,"Marked: RPCPPE 2025 submitted to Accounting (2026-04-13)",RPCPPE2025-ACCT-SUB
5158,2025-01-00.000-0016-013,"LED TV","55 inch, 4K Smart Google TV- TCL Model: 55P635; SN: 2401ALY209179C00894",,01,1,50010.00,50010.00,,,,CCS,"College of Computer Studies",,"Marked: RPCPPE 2025 submitted to Accounting (2026-04-13)",RPCPPE2025-ACCT-SUB
5159,2025-01-00.000-0017-013,"LED TV","55 inch, 4K Smart Google TV- TCL Model: 55P635; SN: 2401ALY209179C00142",,01,1,50010.00,50010.00,,,,CCS,"College of Computer Studies",,"Marked: RPCPPE 2025 submitted to Accounting (2026-04-13)",RPCPPE2025-ACCT-SUB
5160,2025-01-00.000-0018-013,"LED TV","55 inch, 4K Smart Google TV- TCL Model: 55P635; SN: 2401ALY209179C00143",,01,1,50010.00,50010.00,,,,CCS,"College of Computer Studies",,"Marked: RPCPPE 2025 submitted to Accounting (2026-04-13)",RPCPPE2025-ACCT-SUB
5161,2025-01-00.000-0019-013,"LED TV","55 inch, 4K Smart Google TV- TCL Model: 55P635; SN: 2401ALY209160B02106",,01,1,50010.00,50010.00,,,,CCS,"College of Computer Studies",,"Marked: RPCPPE 2025 submitted to Accounting (2026-04-13)",RPCPPE2025-ACCT-SUB
5162,2025-01-00.000-0020-013,"LED TV","55 inch, 4K Smart Google TV- TCL Model: 55P635; SN: 2401ALY209179C00240",,01,1,50010.00,50010.00,,,,CCS,"College of Computer Studies",,"Marked: RPCPPE 2025 submitted to Accounting (2026-04-13)",RPCPPE2025-ACCT-SUB
5163,2025-01-00.000-0021-013,"LED TV","55 inch, 4K Smart Google TV- TCL Model: 55P635; SN: 2401ALY209179C00478",,01,1,50010.00,50010.00,,,,CCS,"College of Computer Studies",,"Marked: RPCPPE 2025 submitted to Accounting (2026-04-13)",RPCPPE2025-ACCT-SUB
5164,2025-01-00.000-0138-000,"LED TV","55 inch, 4K Smart Google TV- TCL Model: 55P635; SN: 2401ALY209160B02140",,01,1,50010.00,50010.00,,,,,,"Farparan, Lilian","Marked: RPCPPE 2025 submitted to Accounting (2026-04-13)",RPCPPE2025-ACCT-SUB
5165,2025-01-00.000-0139-000,"LED TV","55 inch, 4K Smart Google TV- TCL Model: 55P635; SN: 2401ALY209160B02182",,01,1,50010.00,50010.00,,,,,,"Farparan, Lilian","Marked: RPCPPE 2025 submitted to Accounting (2026-04-13)",RPCPPE2025-ACCT-SUB
5166,2025-01-00.000-0140-000,"LED TV","55 inch, 4K Smart Google TV- TCL Model: 55P635; SN: 2401ALY209160B02469",,01,1,50010.00,50010.00,,,,,,"Farparan, Lilian","Marked: RPCPPE 2025 submitted to Accounting (2026-04-13)",RPCPPE2025-ACCT-SUB
5167,2025-01-00.000-0141-000,"LED TV","55 inch, 4K Smart Google TV- TCL Model: 55P635; SN: 2401ALY209179C00933",,01,1,50010.00,50010.00,,,,,,"Farparan, Lilian","Marked: RPCPPE 2025 submitted to Accounting (2026-04-13)",RPCPPE2025-ACCT-SUB
5168,2025-01-00.000-0142-000,"LED TV","55 inch, 4K Smart Google TV- TCL Model: 55P635; SN: 2401ALY209160B02187",,01,1,50010.00,50010.00,,,,,,"Farparan, Lilian","Marked: RPCPPE 2025 submitted to Accounting (2026-04-13)",RPCPPE2025-ACCT-SUB
5169,2025-01-00.000-0143-000,"LED TV","55 inch, 4K Smart Google TV- TCL Model: 55P635; SN: 2401ALY209160B02192",,01,1,50010.00,50010.00,,,,,,"Farparan, Lilian","Marked: RPCPPE 2025 submitted to Accounting (2026-04-13)",RPCPPE2025-ACCT-SUB
5170,2025-01-00.000-0144-000,"LED TV","55 inch, 4K Smart Google TV- TCL Model: 55P635; SN: 2401ALY210070B00998",,01,1,50010.00,50010.00,,,,,,"Farparan, Lilian","Marked: RPCPPE 2025 submitted to Accounting (2026-04-13)",RPCPPE2025-ACCT-SUB
5171,2025-01-00.000-0145-000,"LED TV","55 inch, 4K Smart Google TV- TCL Model: 55P635; SN: 2401ALY209160B02196",,01,1,50010.00,50010.00,,,,,,"Farparan, Lilian","Marked: RPCPPE 2025 submitted to Accounting (2026-04-13)",RPCPPE2025-ACCT-SUB
5172,2025-01-00.000-0146-000,"LED TV","55 inch, 4K Smart Google TV- TCL Model: 55P635; SN: 2401ALY209160B02143",,01,1,50010.00,50010.00,,,,,,"Farparan, Lilian","Marked: RPCPPE 2025 submitted to Accounting (2026-04-13)",RPCPPE2025-ACCT-SUB
5173,2025-01-00.000-0147-000,"LED TV","55 inch, 4K Smart Google TV- TCL Model: 55P635; SN: 2401ALY209160B02029",,01,1,50010.00,50010.00,,,,,,"Bangcaya, Porferio","Marked: RPCPPE 2025 submitted to Accounting (2026-04-13)",RPCPPE2025-ACCT-SUB
5174,2025-01-00.000-0148-000,"LED TV","55 inch, 4K Smart Google TV- TCL Model: 55P635; SN: 2401ALY209179C00922",,01,1,50010.00,50010.00,,,,,,"Bangcaya, Porferio","Marked: RPCPPE 2025 submitted to Accounting (2026-04-13)",RPCPPE2025-ACCT-SUB
5175,2025-01-00.000-0149-000,"LED TV","55 inch, 4K Smart Google TV- TCL Model: 55P635; SN: 2401ALY209160B02181",,01,1,50010.00,50010.00,,,,,,"Bangcaya, Porferio","Marked: RPCPPE 2025 submitted to Accounting (2026-04-13)",RPCPPE2025-ACCT-SUB
5176,2025-01-00.000-0150-000,"LED TV","55 inch, 4K Smart Google TV- TCL Model: 55P635; SN: 2401ALY209160B02040",,01,1,50010.00,50010.00,,,,,,"Bangcaya, Porferio","Marked: RPCPPE 2025 submitted to Accounting (2026-04-13)",RPCPPE2025-ACCT-SUB
5177,2025-01-00.000-0151-000,"LED TV","55 inch, 4K Smart Google TV- TCL Model: 55P635; SN: 2401ALY209160B02034",,01,1,50010.00,50010.00,,,,,,"Cabagay, Julrey","Marked: RPCPPE 2025 submitted to Accounting (2026-04-13)",RPCPPE2025-ACCT-SUB
5178,2025-01-00.000-0152-000,"LED TV","55 inch, 4K Smart Google TV- TCL Model: 55P635; SN: 2401ALY209160B02372",,01,1,50010.00,50010.00,,,,,,"Cabagay, Julrey","Marked: RPCPPE 2025 submitted to Accounting (2026-04-13)",RPCPPE2025-ACCT-SUB
5179,2025-01-00.000-0153-000,"LED TV","55 inch, 4K Smart Google TV- TCL Model: 55P635; SN: 2401ALY209160B02033",,01,1,50010.00,50010.00,,,,,,"Cabagay, Julrey","Marked: RPCPPE 2025 submitted to Accounting (2026-04-13)",RPCPPE2025-ACCT-SUB
5180,2025-01-00.000-0154-000,"LED TV","55 inch, 4K Smart Google TV- TCL Model: 55P635; SN: 2401ALY209179C00941",,01,1,50010.00,50010.00,,,,,,"Cabagay, Julrey","Marked: RPCPPE 2025 submitted to Accounting (2026-04-13)",RPCPPE2025-ACCT-SUB
5181,2025-01-00.000-0155-000,"LED TV","55 inch, 4K Smart Google TV- TCL Model: 55P635; SN: 2401ALY209179C00915",,01,1,50010.00,50010.00,,,,,,"Cabagay, Julrey","Marked: RPCPPE 2025 submitted to Accounting (2026-04-13)",RPCPPE2025-ACCT-SUB
5182,2025-01-00.000-0026-021,"TV with Customized Whiteboard","55 inch, 4K Smart Google TV- TCL Model: 55P635; SN: 2401ALY209160B02185",,01,1,61000.00,61000.00,,,,CMS,"College of Maritime Studies",,"Marked: RPCPPE 2025 submitted to Accounting (2026-04-13)",RPCPPE2025-ACCT-SUB
5183,2025-01-00.000-0027-021,"TV with Customized Whiteboard","55 inch, 4K Smart Google TV- TCL Model: 55P635; SN: 2401ALY209160B02032",,01,1,61000.00,61000.00,,,,CMS,"College of Maritime Studies",,"Marked: RPCPPE 2025 submitted to Accounting (2026-04-13)",RPCPPE2025-ACCT-SUB
5184,2025-01-00.000-0028-021,"TV with Customized Whiteboard","55 inch, 4K Smart Google TV- TCL Model: 55P635; SN: 2401ALY209160B02260",,01,1,61000.00,61000.00,,,,CMS,"College of Maritime Studies",,"Marked: RPCPPE 2025 submitted to Accounting (2026-04-13)",RPCPPE2025-ACCT-SUB
5185,2025-01-00.000-0029-021,"TV with Customized Whiteboard","55 inch, 4K Smart Google TV- TCL Model: 55P635; SN: 2401ALY209160B02259",,01,1,61000.00,61000.00,,,,CMS,"College of Maritime Studies",,"Marked: RPCPPE 2025 submitted to Accounting (2026-04-13)",RPCPPE2025-ACCT-SUB
5186,2025-01-00.000-0030-021,"TV with Customized Whiteboard","55 inch, 4K Smart Google TV- TCL Model: 55P635; SN: 2401ALY209179C00929",,01,1,61000.00,61000.00,,,,CMS,"College of Maritime Studies",,"Marked: RPCPPE 2025 submitted to Accounting (2026-04-13)",RPCPPE2025-ACCT-SUB
5187,2025-01-00.000-0012-009,TV,"75' UHD 4K Smart Television - SAMSUNG Model: UA75CU7000G SN: 0NWE3NNX100123",,01,1,82000.00,82000.00,,,,CBA,"College of Business Accountancy","Bolivar, Loyda","Marked: RPCPPE 2025 submitted to Accounting (2026-04-13)",RPCPPE2025-ACCT-SUB
5188,2025-01-00.000-0013-009,TV,"75' UHD 4K Smart Television - SAMSUNG Model: UA75CU7000G SN: 0NWE3NNX100076",,01,1,82000.00,82000.00,,,,CBA,"College of Business Accountancy","Bolivar, Loyda","Marked: RPCPPE 2025 submitted to Accounting (2026-04-13)",RPCPPE2025-ACCT-SUB
5189,2025-01-00.000-0029-032,TV,"75' UHD 4K Smart Television - SAMSUNG Model: UA75CU7000G SN: 0NWE3NNX100061",,01,1,82000.00,82000.00,,,,CEA,"College of Engineering and Architecture","Vegafria, Christine","Marked: RPCPPE 2025 submitted to Accounting (2026-04-13)",RPCPPE2025-ACCT-SUB
5190,2025-01-00.000-0022-013,TV,"75' UHD 4K Smart Television - SAMSUNG Model: UA75CU7000G SN: 0NWE3NNX100077",,01,1,82000.00,82000.00,,,,CCS,"College of Computer Studies",,"Marked: RPCPPE 2025 submitted to Accounting (2026-04-13)",RPCPPE2025-ACCT-SUB
5191,2025-01-00.000-0156-000,TV,"75' UHD 4K Smart Television - SAMSUNG Model: UA75CU7000G SN: 0NWE3NNX100104",,01,1,82000.00,82000.00,,,,,,"Farparan, Lilian","Marked: RPCPPE 2025 submitted to Accounting (2026-04-13)",RPCPPE2025-ACCT-SUB
5192,2025-01-00.000-0157-000,TV,"75' UHD 4K Smart Television - SAMSUNG Model: UA75CU7000G SN: 0NWE3NNX100074",,01,1,82000.00,82000.00,,,,,,"Farparan, Lilian","Marked: RPCPPE 2025 submitted to Accounting (2026-04-13)",RPCPPE2025-ACCT-SUB
5193,2025-01-00.000-0008-081,TV,"75' UHD 4K Smart Television - SAMSUNG Model: UA75CU7000G SN: 0NWE3NNX100083",,01,1,82000.00,82000.00,,,,CCJE,"College of Criminal Justice Education","Aurillo, Elden","Marked: RPCPPE 2025 submitted to Accounting (2026-04-13)",RPCPPE2025-ACCT-SUB
5194,2025-01-00.000-0011-038,TV,"75' UHD 4K Smart Television - SAMSUNG Model: UA75CU7000G SN: 0NWE3NNX100113",,01,1,82000.00,82000.00,,,,CAS,"College of Arts and Sciences",,"Marked: RPCPPE 2025 submitted to Accounting (2026-04-13)",RPCPPE2025-ACCT-SUB
5195,2025-01-00.000-0031-021,TV,"75' UHD 4K Smart Television - SAMSUNG Model: UA75CU7000G SN: 0NWE3NNWB00080",,01,1,82000.00,82000.00,,,,CMS,"College of Maritime Studies",,"Marked: RPCPPE 2025 submitted to Accounting (2026-04-13)",RPCPPE2025-ACCT-SUB
5196,2025-01-00.000-0004-028,TV,"75' UHD 4K Smart Television - SAMSUNG Model: UA75CU7000G SN: 0NWE3NNX100075",,01,1,82000.00,82000.00,,,,LHS,"Laboratory High School","Saylo, Monalie","Marked: RPCPPE 2025 submitted to Accounting (2026-04-13)",RPCPPE2025-ACCT-SUB
5197,2025-01-00.000-0007-080,TV,"75' UHD 4K Smart Television - SAMSUNG Model: UA75CU7000G SN: 0NWE3NNX100080",,01,1,82000.00,82000.00,,,,CTE,CIT,"Pastolero, Grace","Marked: RPCPPE 2025 submitted to Accounting (2026-04-13)",RPCPPE2025-ACCT-SUB
5198,2025-01-00.000-0158-000,TV,"75' UHD 4K Smart Television - SAMSUNG Model: UA75CU7000G SN: 0NWE3NNX100072",,01,1,82000.00,82000.00,,,,,,"Bangcaya, Porferio","Marked: RPCPPE 2025 submitted to Accounting (2026-04-13)",RPCPPE2025-ACCT-SUB
5199,2025-01-00.000-0159-000,TV,"75' UHD 4K Smart Television - SAMSUNG Model: UA75CU7000G SN: 0NWE3NNX100110",,01,1,82000.00,82000.00,,,,,,"Cabagay, Julrey","Marked: RPCPPE 2025 submitted to Accounting (2026-04-13)",RPCPPE2025-ACCT-SUB
5200,2025-01-00.000-0009-025,"CONFERENCE PROJECTIVE MEDIA EQUIPMENT(DAHUA INTERACTICE WHITEBOARD LCH75-MC410-B","75 inch touchscreen, 3,840 x 2,160 pixels, 400 cd/m2 brigthness, Plug and Play Android apps, easy-to use interface and built-in Apps, built-in camera and microphone for interactive conference, HDMI, USB or type-C compatible, split-screen presentation capability, picture-in picture function, multi-touch support for up to 20 mutli; MODEL: DHI-LCH75-MC410-B; SN: AA00E8BPGT00045",,01,1,110000.00,110000.00,,,,GSU,"General Services Unit",,"Marked: RPCPPE 2025 submitted to Accounting (2026-04-13)",RPCPPE2025-ACCT-SUB
5201,2024-01-00.000-0001-033,"LED WALL","""SET- (ABRAM) 4Mx2.5M P3.91 INDOOR FULL COLORED LED DISPLAY
Includes:
40 pcs. 500mmx500mmx87mm LED display cabinet
2 pcs Novastar all in one video processors. 
SN: 2KUA03C07W0A10003277
SN: 2KUA03C07W0A10003347
8 pcs. 250mmx250mm spare module
4 pcs. Spare power supply
4 pcs spare nova receiver
8 pcs. 0.5M hanging beam
1-unit AVR- 10KVA (STAVCI)
75M 2.Omm2 (14#) 2C Royal Cord
2 pcs 30m heavy duty HDMI""",,01,1,1587500.00,1587500.00,2024-09-30,"""",SET-,VPAA,"VP for Academic Affairs","Viesca, Catherine","Marked: RPCPPE 2025 submitted to Accounting (2026-04-13)",RPCPPE2025-ACCT-SUB
5202,2024-01-00.000-0001-032,"Smart TV","65"" UHD 4K, refresh rate 60Hz, SAMSUNG - UA65DU7000G SN: 0U4A3NEX301051",,01,1,57450.00,57450.00,2024-09-30,,,CEA,"College of Engineering and Architecture","Vegafria, Christine","Marked: RPCPPE 2025 submitted to Accounting (2026-04-13)",RPCPPE2025-ACCT-SUB
5203,2024-01-00.000-0001-011,"Smart TV","65"" UHD 4K, refresh rate 60Hz, SAMSUNG - UA65DU7000G SN: 0U4A3NEX300587",,01,1,57450.00,57450.00,2024-09-30,,,CIT,"College of Industrial Technology","Farparan, Lilian","Marked: RPCPPE 2025 submitted to Accounting (2026-04-13)",RPCPPE2025-ACCT-SUB
5204,2025-05-00.000-0132-000,"Photocopier Machine","Sharp, AR5618; SN: 33003128",,05,1,59680.00,59680.00,,S,harp,,,,"Marked: RPCPPE 2025 submitted to Accounting (2026-04-13)",RPCPPE2025-ACCT-SUB
5205,2025-05-00.000-0133-000,Aircon,"Kolin KFM-7001E; 5 Tonner; SN: 10771405-10718; 10771308-10419 10771405-10718; 10771308-10419",,05,2,214000.00,428000.00,,K,olin,,,"Serrato, Armila","Marked: RPCPPE 2025 submitted to Accounting (2026-04-13)",RPCPPE2025-ACCT-SUB
5206,2025-05-00.000-0028-013,Aircon,"KoliN KFM-400FIJ (1) SN: indoor: 10631306-14354; indoor: 10631306-14356",,05,2,154150.00,308300.00,,K,oliN,CCS,"College of Computer Studies",,"Marked: RPCPPE 2025 submitted to Accounting (2026-04-13)",RPCPPE2025-ACCT-SUB
5207,2025-05-00.000-0001-054,"Photocopier Machine","Multifunction Sharp M26N; SN: 45038879",,05,1,162735.00,162735.00,,M,ultifunction,QUA,"Quality Assurance Unit","Pajarillo, Dr.Dolorosa","Marked: RPCPPE 2025 submitted to Accounting (2026-04-13)",RPCPPE2025-ACCT-SUB
5208,2025-05-00.000-0029-013,Aircon,"split type; 5.0 TR 60 BTU; Floor mounted; 3 phase; 220V; 60 cycles (Carrier) SN: 42BFEFSUCAR05TEER10PC-0488006",,05,1,127000.00,127000.00,,s,plit,CCS,"College of Computer Studies",,"Marked: RPCPPE 2025 submitted to Accounting (2026-04-13)",RPCPPE2025-ACCT-SUB
5209,2025-05-00.000-0134-000,"Photocopier Machine","Model: iR2116J, SN: (21)DHR07528 Canon",,05,1,94000.00,94000.00,,M,odel:,,,,"Marked: RPCPPE 2025 submitted to Accounting (2026-04-13)",RPCPPE2025-ACCT-SUB
5210,2025-05-00.000-0135-000,"Photocopier Machine","Model MP-1600L (Gestetner) 3 in 1",,05,1,120000.00,120000.00,,M,odel,,,,"Marked: RPCPPE 2025 submitted to Accounting (2026-04-13)",RPCPPE2025-ACCT-SUB
5211,2025-05-00.000-0136-000,"Digital Copier","3-in-1 (Printer, Copier, Scanner) Gestetner; MP- 1600Le; SN-L6986250494",,05,1,85000.00,85000.00,,,,,,"Farparan, Lilian","Marked: RPCPPE 2025 submitted to Accounting (2026-04-13)",RPCPPE2025-ACCT-SUB
5212,2025-05-00.000-0030-013,Aircon,"3 tonner, split type (Panasonic) Model: CU-PC3611KQ; SN: no sn",,05,1,69000.00,69000.00,,,,CCS,"College of Computer Studies",,"Marked: RPCPPE 2025 submitted to Accounting (2026-04-13)",RPCPPE2025-ACCT-SUB
5213,2025-05-00.000-0031-013,Aircon,"4 tonner, split type (Panasonic) Model: CU-PC3611KQ; SN: 7735000140,",,05,1,69000.00,69000.00,,,,CCS,"College of Computer Studies",,"Marked: RPCPPE 2025 submitted to Accounting (2026-04-13)",RPCPPE2025-ACCT-SUB
5214,2025-05-00.000-0032-013,Aircon,"5 tonner, split type (Panasonic) Model: CU-PC3611KQ; SN: , 7735000135",,05,1,69000.00,69000.00,,,,CCS,"College of Computer Studies",,"Marked: RPCPPE 2025 submitted to Accounting (2026-04-13)",RPCPPE2025-ACCT-SUB
5215,2025-05-00.000-0003-009,Television,"40""; Flatscreen (LCD)",,05,1,70000.00,70000.00,,,,CBA,"College of Business Accountancy","Viesca, Catherine","Marked: RPCPPE 2025 submitted to Accounting (2026-04-13)",RPCPPE2025-ACCT-SUB
5216,2025-05-00.000-0137-000,"Copy Printer Machine","Model: DX-2430; SN:D215Z900597 (Gestetner)",,05,1,125000.00,125000.00,,M,odel:,,,,"Marked: RPCPPE 2025 submitted to Accounting (2026-04-13)",RPCPPE2025-ACCT-SUB
5217,2025-05-00.000-0138-000,"Television Set w/ Home Theater","TV-37"" LCD; Model: LA37B530P7R (Samsung); /N: AZ8E3DG7300751; AZ8E3DGZ300773; Home Theater-Model: DAV-DZ270 (Sony); S/N: 4130970; 4130747; model: LA37B530P7R; SN:",,05,1,61000.00,61000.00,,T,"V-37""",,,,"Marked: RPCPPE 2025 submitted to Accounting (2026-04-13)",RPCPPE2025-ACCT-SUB
5218,2025-05-00.000-0006-038,"Television Set w/ Home Theater","TV-37"" LCD; Model: LA37B530P7R (Samsung); /N: AZ8E3DG7300751; AZ8E3DGZ300773; Home Theater-Model: DAV-DZ270 (Sony); S/N: 4130970; 4130747; model: ; SN: AZ8E3DGZ300751Y",,05,1,61000.00,61000.00,,T,"V-37""",CAS,"College of Arts and Sciences",,"Marked: RPCPPE 2025 submitted to Accounting (2026-04-13)",RPCPPE2025-ACCT-SUB
5219,2025-05-00.000-0139-000,Aircon,"3 Tonner, split type floor mounted (Carrier); ASBFE600BA; SN: 42BFEFSUCAR05TEER17PC-1126905",,05,1,137000.00,137000.00,,,,,,,"Marked: RPCPPE 2025 submitted to Accounting (2026-04-13)",RPCPPE2025-ACCT-SUB
5220,2025-05-00.000-0033-013,Aircon,"5 tonner, floor mounted, split type; Model FP=53ASBFE600 (Carrier); Outdoor-38ASBCDUCAR05TKXK10PC-0426069; 0426075, SN: Indoor - 42BFEFSUCAR05TEER10PC-04880006; SN: Indoor - 42BFEFSUCAR05TEER10PC-0487886",,05,2,188000.00,376000.00,,,,CCS,"College of Computer Studies",,"Marked: RPCPPE 2025 submitted to Accounting (2026-04-13)",RPCPPE2025-ACCT-SUB
5221,2025-05-00.000-0140-000,Aircon,"3 tonner, split type; floor mounted; Model: ASBFM360BA (Carrier)SN; Indoor 42BFEFSAUCAR03TEAR10PC-0498405",,05,1,112000.00,112000.00,,,,,,"Serrato, Armila","Marked: RPCPPE 2025 submitted to Accounting (2026-04-13)",RPCPPE2025-ACCT-SUB
5222,2025-05-00.000-0141-000,Aircon,"3 tonner; split type; floor mounted; (Carrier); Indoor: Model No.: ASBFM360BA-EW; SN: 42BFMFSUCAR03TEEJ11PC0392452; Outdoor: Model No.: 38RDS360DC; SN: 38RDSCDUCAR03TEE",,05,1,78522.00,78522.00,,,,,,"Serrato, Armila","Marked: RPCPPE 2025 submitted to Accounting (2026-04-13)",RPCPPE2025-ACCT-SUB
5223,2025-05-00.000-0142-000,Aircon,"3 tonner; split type; floor mounted; (Carrier); Indoor: Model No.: ASBFM360BA-EW; SN: 42BFMFSUCAR03TEEJ11PC0392452; Outdoor: Model No.: 38RDS360DC; SN: 38RDSCDUCAR03TEE",,05,1,78522.00,78522.00,,,,,,"Serrato, Armila","Marked: RPCPPE 2025 submitted to Accounting (2026-04-13)",RPCPPE2025-ACCT-SUB
5224,2025-05-00.000-0143-000,Aircon,"5 tonner, split type; floor mounted (Koppel) SN: Indoor: FE273080; Outdoor: GE323645; GE323647",,05,1,99100.00,99100.00,,,,,,,"Marked: RPCPPE 2025 submitted to Accounting (2026-04-13)",RPCPPE2025-ACCT-SUB
5225,2025-05-00.000-0144-000,"Photocopier Machine","Ineo +280",,05,1,300000.00,300000.00,,I,neo,,,,"Marked: RPCPPE 2025 submitted to Accounting (2026-04-13)",RPCPPE2025-ACCT-SUB
5226,2025-05-00.000-0145-000,Aircon,"KOLIN KSM-25CB1NV 2.5HP; Wall-mounted; inverter deluxe single split type w/ installation",,05,1,66000.00,66000.00,,K,OLIN,,,,"Marked: RPCPPE 2025 submitted to Accounting (2026-04-13)",RPCPPE2025-ACCT-SUB
5227,2025-05-00.000-0146-000,Aircon,"Kolin KFM-7001E; 5 tonner; SN: 10771405-10718",,05,1,100000.00,100000.00,,K,olin,,,"Serrato, Armila","Marked: RPCPPE 2025 submitted to Accounting (2026-04-13)",RPCPPE2025-ACCT-SUB
5228,2025-05-00.000-0147-000,Aircon,"KOLIN KFM-400F1J 3 Tonner ; split type; floor mounted w/ installation",,05,1,75000.00,75000.00,,K,OLIN,,,,"Marked: RPCPPE 2025 submitted to Accounting (2026-04-13)",RPCPPE2025-ACCT-SUB
5229,2025-05-00.000-0002-054,"Photocopier Machine","SHARP 45038; SN: 45038879",,05,1,162735.00,162735.00,,S,HARP,QUA,"Quality Assurance Unit","Pajarillo, Dr.Dolorosa","Marked: RPCPPE 2025 submitted to Accounting (2026-04-13)",RPCPPE2025-ACCT-SUB
5230,2025-05-00.000-0148-000,"Photocopier Machine","Gestetner MP2001L; S/N:E344M9501462015",,05,1,78500.00,78500.00,,G,estetner,,,"Alejandro, Allen","Marked: RPCPPE 2025 submitted to Accounting (2026-04-13)",RPCPPE2025-ACCT-SUB
5231,2025-05-00.000-0149-000,"Photocopier Machine","Gestetner MP2001L; S/N: E344M950268",,05,1,78500.00,78500.00,,G,estetner,,,"Lim, Ma.","Marked: RPCPPE 2025 submitted to Accounting (2026-04-13)",RPCPPE2025-ACCT-SUB
5232,2025-05-00.000-0150-000,"Photocopier Machine","w/ ADF; Sharp AR-5618; SN: 43030921",,05,1,58000.00,58000.00,,w,/,,,,"Marked: RPCPPE 2025 submitted to Accounting (2026-04-13)",RPCPPE2025-ACCT-SUB
5233,2025-05-00.000-0151-000,"Photocopier Machine","Gestetner MP2001L; w/ ARDF; SN",,05,1,74850.00,74850.00,,G,estetner,,,"Crespo, Pablo","Marked: RPCPPE 2025 submitted to Accounting (2026-04-13)",RPCPPE2025-ACCT-SUB
5234,2025-05-00.000-0007-038,"Photocopier Machine","Gestetner MP2001L; w/ ARDF; SN; E345M750007",,05,1,74850.00,74850.00,,G,estetner,CAS,"College of Arts and Sciences",,"Marked: RPCPPE 2025 submitted to Accounting (2026-04-13)",RPCPPE2025-ACCT-SUB
5235,2025-05-00.000-0006-080,"Photocopier Machine","Gestetner MP2001L; w/ ARDF; SN: E345M750005",,05,1,74850.00,74850.00,,G,estetner,CTE,CIT,,"Marked: RPCPPE 2025 submitted to Accounting (2026-04-13)",RPCPPE2025-ACCT-SUB
5236,2025-05-00.000-0034-013,"Photocopier Machine","Gestetner MP2001L; w/ ARDF; SN",,05,1,74850.00,74850.00,,G,estetner,CCS,"College of Computer Studies","SERMENO, JASON","Marked: RPCPPE 2025 submitted to Accounting (2026-04-13)",RPCPPE2025-ACCT-SUB
5237,2025-05-00.000-0152-000,"Photocopier Machine","Gestetner MP2001L; w/ ARDF; SN: E345M950308",,05,1,74850.00,74850.00,,G,estetner,,,,"Marked: RPCPPE 2025 submitted to Accounting (2026-04-13)",RPCPPE2025-ACCT-SUB
5238,2025-05-00.000-0153-000,Aircon,"5-tonner splt type; floor mounted w/ installation; Koppel",,05,1,99199.00,99199.00,,,,,,,"Marked: RPCPPE 2025 submitted to Accounting (2026-04-13)",RPCPPE2025-ACCT-SUB
5239,2025-05-00.000-0007-080,"Copyprinter Machine","DX2430; gestetner SN: D2177200469",,05,1,145000.00,145000.00,,D,X2430,CTE,CIT,,"Marked: RPCPPE 2025 submitted to Accounting (2026-04-13)",RPCPPE2025-ACCT-SUB
5240,2025-05-00.000-0002-034,"Photocopier Machine","Gestetner MP-2014AD S/N:G616M550086",,05,1,51000.00,51000.00,,G,estetner,VPAF,"VP for Admin & Finance","Delgado, Shella","Marked: RPCPPE 2025 submitted to Accounting (2026-04-13)",RPCPPE2025-ACCT-SUB
5241,2025-05-00.000-0154-000,"Photocopier Machine","Gestetner MP-2014AD S/N:G616M550072",,05,1,51000.00,51000.00,,G,estetner,,,"Raymaro, Marie","Marked: RPCPPE 2025 submitted to Accounting (2026-04-13)",RPCPPE2025-ACCT-SUB
5242,2025-05-00.000-0155-000,"Photocopier Machine","Gestetner MP-2014AD S/N: G616M550146",,05,1,51000.00,51000.00,,G,estetner,,,"Sandoy, Shella","Marked: RPCPPE 2025 submitted to Accounting (2026-04-13)",RPCPPE2025-ACCT-SUB
5243,2025-05-00.000-0156-000,Aircon,"5 tonner; split-type LG SN: 603TALBAH5632",,05,1,112000.00,112000.00,,,,,,"Serrato, Armila","Marked: RPCPPE 2025 submitted to Accounting (2026-04-13)",RPCPPE2025-ACCT-SUB
5244,2025-05-00.000-0157-000,"Photocopier Machine","Gestetner MP-2014AD SN: G616M550080",,05,1,65000.00,65000.00,,G,estetner,,,"Farparan, Lilian","Marked: RPCPPE 2025 submitted to Accounting (2026-04-13)",RPCPPE2025-ACCT-SUB
5245,2025-05-00.000-0158-000,"Photocopier Machine","with ARDF; Gestetner MP2014AD SN: G617M350075",,05,1,60000.00,60000.00,,w,ith,,,"Muhat, Wilfredo","Marked: RPCPPE 2025 submitted to Accounting (2026-04-13)",RPCPPE2025-ACCT-SUB
5246,2025-05-00.000-0001-085,"Photocopier Machine","with ARDF; Gestetner MP2014AD SN: G617M450082",,05,1,60000.00,60000.00,,w,ith,FIN,"Finance Division",,"Marked: RPCPPE 2025 submitted to Accounting (2026-04-13)",RPCPPE2025-ACCT-SUB
5247,2025-05-00.000-0159-000,"Photocopier Machine","with ARDF; Gestetner MP2014AD SN: G617M550080",,05,1,60000.00,60000.00,,w,ith,,,"Serrato, Armila","Marked: RPCPPE 2025 submitted to Accounting (2026-04-13)",RPCPPE2025-ACCT-SUB
5248,2025-05-00.000-0005-028,"Photocopier Machine","with ARDF; Gestetner MP2014AD SN: G617M350349",,05,1,60000.00,60000.00,,w,ith,LHS,"Laboratory High School","Saylo, Monalie","Marked: RPCPPE 2025 submitted to Accounting (2026-04-13)",RPCPPE2025-ACCT-SUB
5249,2025-05-00.000-0012-032,"Photocopier Machine","with ARDF; Gestetner MP2014AD SN: G617M65002",,05,1,60000.00,60000.00,,w,ith,CEA,"College of Engineering and Architecture","Vegafria, Christine","Marked: RPCPPE 2025 submitted to Accounting (2026-04-13)",RPCPPE2025-ACCT-SUB
5250,2025-05-00.000-0001-012,Aircon,"5 tonnerFloor Mounted - CARRIER",,05,1,124900.00,124900.00,,,,COA,"Commission on Audit",,"Marked: RPCPPE 2025 submitted to Accounting (2026-04-13)",RPCPPE2025-ACCT-SUB
5251,2025-05-00.000-0160-000,Aircon,"5 tonnerFloor Mounted - CARRIER; SN: 3018-0315575",,05,1,124900.00,124900.00,,,,,,,"Marked: RPCPPE 2025 submitted to Accounting (2026-04-13)",RPCPPE2025-ACCT-SUB
5252,2025-05-00.000-0161-000,Aircon,"7 tonnerFloor Mounted - CARRIER",,05,1,124900.00,124900.00,,,,,,"Abellon, Vincent","Marked: RPCPPE 2025 submitted to Accounting (2026-04-13)",RPCPPE2025-ACCT-SUB
5253,2025-05-00.000-0162-000,Aircon,"5 Tonner; split type Everest ET-60FSIM SN: 2404126260279150160023",,05,1,107800.00,107800.00,,,,,,"Escoton, Cheryl","Marked: RPCPPE 2025 submitted to Accounting (2026-04-13)",RPCPPE2025-ACCT-SUB
5254,2025-05-00.000-0163-000,Aircon,"5 Tonner; split type Everest ET-60FSIM SN: 2404126260279150160011",,05,1,107800.00,107800.00,,,,,,"Pajarillo, Dr.Dolorosa","Marked: RPCPPE 2025 submitted to Accounting (2026-04-13)",RPCPPE2025-ACCT-SUB
5255,2025-05-00.000-0035-013,Aircon,"2.5HP split type Everest ET-S25ST-HF SN: 25STID170362",,05,1,54780.00,54780.00,,,,CCS,"College of Computer Studies","SERMENO, JASON","Marked: RPCPPE 2025 submitted to Accounting (2026-04-13)",RPCPPE2025-ACCT-SUB
5256,2025-05-00.000-0164-000,Aircon,"2.5HP split type Everest ET-S25ST-HF SN: 25STIE170406",,05,1,54780.00,54780.00,,,,,,"Teologo, Reiner","Marked: RPCPPE 2025 submitted to Accounting (2026-04-13)",RPCPPE2025-ACCT-SUB
5257,2025-05-00.000-0036-013,Aircon,"3 tonner; split type Everest ET36FS IM SN: 2403496080275180160040; 2403496080275180160041",,05,2,157300.00,314600.00,,,,CCS,"College of Computer Studies",,"Marked: RPCPPE 2025 submitted to Accounting (2026-04-13)",RPCPPE2025-ACCT-SUB
5258,2025-05-00.000-0165-000,"Copy Printer Machine","Gestetner DX2430 SN: D214Z700509",,05,1,145000.00,145000.00,,G,estetner,,,,"Marked: RPCPPE 2025 submitted to Accounting (2026-04-13)",RPCPPE2025-ACCT-SUB
5259,2025-05-00.000-0166-000,Aircon,"5 tonner, Koppel; SN: GK273140; KH273184",,05,1,95960.00,95960.00,,,,,,,"Marked: RPCPPE 2025 submitted to Accounting (2026-04-13)",RPCPPE2025-ACCT-SUB
5260,2025-05-00.000-0167-000,Aircon,"3 tonner floor mounted, split type; Koppel; SN: AL748822 - AL323009",,05,1,71365.00,71365.00,,,,,,"Maghari, Christy","Marked: RPCPPE 2025 submitted to Accounting (2026-04-13)",RPCPPE2025-ACCT-SUB
5261,2025-05-00.000-0168-000,"Copy Printer Machine","Gestetner DX2430 SN: D218ZA00037",,05,1,84000.00,84000.00,,G,estetner,,,,"Marked: RPCPPE 2025 submitted to Accounting (2026-04-13)",RPCPPE2025-ACCT-SUB
5262,2025-05-00.000-0004-009,"Photocopier Machine","Gestetner MP-2014AD w/ ARDF SN: G619M450171",,05,1,72000.00,72000.00,,G,estetner,CBA,"College of Business Accountancy","Viesca, Catherine","Marked: RPCPPE 2025 submitted to Accounting (2026-04-13)",RPCPPE2025-ACCT-SUB
5263,2025-05-00.000-0169-000,"Photocopier Machine","Gestetner MP-2014AD w/ ARDF SN: G619M350122",,05,1,72000.00,72000.00,,G,estetner,,,,"Marked: RPCPPE 2025 submitted to Accounting (2026-04-13)",RPCPPE2025-ACCT-SUB
5264,2025-05-00.000-0013-032,"Photocopier Machine","Gestetner MP-2014AD w/ ARDF SN: G619M350059",,05,1,72000.00,72000.00,,G,estetner,CEA,"College of Engineering and Architecture","Vegafria, Christine","Marked: RPCPPE 2025 submitted to Accounting (2026-04-13)",RPCPPE2025-ACCT-SUB
5265,2025-05-00.000-0170-000,Aircon,"KOPPEL KV18WM-ARF21C2; Wall Mounted (Split Type); SN: 34089080698250130355",,05,1,66500.00,66500.00,,K,OPPEL,,,"Teologo, Reiner","Marked: RPCPPE 2025 submitted to Accounting (2026-04-13)",RPCPPE2025-ACCT-SUB
5266,2025-05-00.000-0171-000,"Photocopier Machine","GESTETNER with ADF MP 2014AD; SN: G619M950073",,05,1,58000.00,58000.00,,G,ESTETNER,,,,"Marked: RPCPPE 2025 submitted to Accounting (2026-04-13)",RPCPPE2025-ACCT-SUB
5267,2025-05-00.000-0172-000,Aircon,"5 tonner Floor Mounted-DAIKEN SN: K002825",,05,1,125000.00,125000.00,,,,,,,"Marked: RPCPPE 2025 submitted to Accounting (2026-04-13)",RPCPPE2025-ACCT-SUB
5268,2025-05-00.000-0173-000,Aircon,"2.5 HP Wall Mounted-DAIKED; MODEL: FTKF60BVL SN: K001746",,05,1,70000.00,70000.00,,,,,,,"Marked: RPCPPE 2025 submitted to Accounting (2026-04-13)",RPCPPE2025-ACCT-SUB
5269,2025-05-00.000-0174-000,Aircon,"2.5 HP Wall Mounted-DAIKED SN:",,05,1,70000.00,70000.00,,,,,,,"Marked: RPCPPE 2025 submitted to Accounting (2026-04-13)",RPCPPE2025-ACCT-SUB
5270,2025-05-00.000-0175-000,"Couch-Customise Sofa(set)","(2)-3 seater sofa; (1) Ottoman; (2) Side Tables",,05,1,73500.00,73500.00,,(,2)-3,,,"Serrato, Armila","Marked: RPCPPE 2025 submitted to Accounting (2026-04-13)",RPCPPE2025-ACCT-SUB
5271,2025-05-00.000-0176-000,"Photocopier Machine","Gestetner MP2014AD SN:",,05,1,58000.00,58000.00,,G,estetner,,,"Lazo, Mark","Marked: RPCPPE 2025 submitted to Accounting (2026-04-13)",RPCPPE2025-ACCT-SUB
5272,2025-05-00.000-0177-000,"Photocopier Machine","Gestetner MP2014AD SN:",,05,1,58000.00,58000.00,,G,estetner,,,"Lim, Ma.","Marked: RPCPPE 2025 submitted to Accounting (2026-04-13)",RPCPPE2025-ACCT-SUB
5273,2025-05-00.000-0178-000,Airconditioner,"5 TR, floor-mounted, SAMSUNG, SN: B95QP3EN200004Y",,05,1,167250.00,167250.00,,,,,,,"Marked: RPCPPE 2025 submitted to Accounting (2026-04-13)",RPCPPE2025-ACCT-SUB
5274,2025-05-00.000-0179-000,Airconditioner,"5 TR, floor-mounted, SAMSUNG, SN: B95QP3EMA00011Z",,05,1,167250.00,167250.00,,,,,,"Samillano, Rowen","Marked: RPCPPE 2025 submitted to Accounting (2026-04-13)",RPCPPE2025-ACCT-SUB
5275,2025-05-00.000-0180-000,"Portable Electronic Keyboard","Alesis, SN: B52104231551674",,05,1,52500.00,52500.00,,A,lesis,,,"Sandoy, Shella","Marked: RPCPPE 2025 submitted to Accounting (2026-04-13)",RPCPPE2025-ACCT-SUB
5276,2025-05-00.000-0181-000,"Portable Electronic Keyboard","Alesis, SN: B52104231551669",,05,1,52500.00,52500.00,,A,lesis,,,"Sandoy, Shella","Marked: RPCPPE 2025 submitted to Accounting (2026-04-13)",RPCPPE2025-ACCT-SUB
5277,2025-05-00.000-0182-000,"15' TWO WAY FULL RANGE ACTIVE SPEAKER","specification:, contruction: plastic, transducers: 1x1.7"" HF+1x15"" LF, frequency reponse (-3db) 40Hz-18kHz, rated power: 100w HF, 300w LF (rms), amplier type: class H, input impedance: 120dB (peak), rated impedance:8, dispersion (HxV) 90? x 60, connector: 2x XLR, power supply: 110V/220V 50/60Hz",,05,1,53600.00,53600.00,,s,pecification:,,,"Sandoy, Shella","Marked: RPCPPE 2025 submitted to Accounting (2026-04-13)",RPCPPE2025-ACCT-SUB
5278,2025-05-00.000-0183-000,"2.5 INDOOR ADVERTISING LED DISPLAY","SET- (RL RUILING), 1 LED display body, p2.5 mm, 1pc. Spare module, 320x160mm, 1pc. Power supply, 1pc. Spare reciever, Model: N300V5-A",,05,1,350000.00,350000.00,,S,ET-,,,"Sandoy, Shella","Marked: RPCPPE 2025 submitted to Accounting (2026-04-13)",RPCPPE2025-ACCT-SUB
5279,2025-05-00.000-0184-000,"3.5Mx2.5M P3.91 INDOOR FULL COLOR LED DISPLAY","SET-Brand Nova StarModel: MDK250EH5
(RL RUILING) 35 pcs. 500mmx500mm LED display cabinet, 1pc, nova mctrl300 sending card, 6pcs. 250mmx250mm spare module",,05,1,1695000.00,1695000.00,,S,ET-Brand,,,"Sandoy, Shella","Marked: RPCPPE 2025 submitted to Accounting (2026-04-13)",RPCPPE2025-ACCT-SUB
5280,2025-05-00.000-0185-000,"Motorized Travel Curtain","1.0 HP Motor, Brand: WEG, Frame Number: 8027Sep2018, SN: 1045650011",,05,1,790000.00,790000.00,,,,,,"Sandoy, Shella","Marked: RPCPPE 2025 submitted to Accounting (2026-04-13)",RPCPPE2025-ACCT-SUB
5281,2025-05-00.000-0186-000,"Copy Printer Machine","GESTENER DX 2430, SN: D211Z100104",,05,1,143000.00,143000.00,,G,ESTENER,,,"Bangcaya, Porferio","Marked: RPCPPE 2025 submitted to Accounting (2026-04-13)",RPCPPE2025-ACCT-SUB
5282,2025-05-00.000-0187-000,"Desktop Computer","Amd Ryzen 5, Ryzeem 53600, 1TB SSD SN: MMTCBSP00113917EBE4220",,05,1,68247.00,68247.00,,A,md,,,"Abellon, Vincent","Marked: RPCPPE 2025 submitted to Accounting (2026-04-13)",RPCPPE2025-ACCT-SUB
5283,2025-05-00.000-0188-000,"Desktop Computer","Amd Ryzen 5, Ryzeem 53600, 1TB SSD SN: MMTCBSP00113917EBC4220",,05,1,68247.00,68247.00,,A,md,,,"Abellon, Vincent","Marked: RPCPPE 2025 submitted to Accounting (2026-04-13)",RPCPPE2025-ACCT-SUB
5284,2025-05-00.000-0189-000,"Desktop Computer","Amd Ryzen 5, Ryzeem 53600, 1TB SSD SN: MMTCBSP00113917EBA4220",,05,1,68247.00,68247.00,,A,md,,,"Abellon, Vincent","Marked: RPCPPE 2025 submitted to Accounting (2026-04-13)",RPCPPE2025-ACCT-SUB
5285,2025-05-00.000-0190-000,Laptop,"Amd Ryzen 7, Intel Core i7, 1TB SSD, 16GB RAM, SN: NHQBCSP0062020BFDF3400",,05,1,79499.00,79499.00,,A,md,,,"Abellon, Vincent","Marked: RPCPPE 2025 submitted to Accounting (2026-04-13)",RPCPPE2025-ACCT-SUB
5286,2025-05-00.000-0191-000,Laptop,"Amd Ryzen 7, Intel Core i7, 1TB SSD, 16GB RAM, SN:",,05,1,79499.00,79499.00,,A,md,,,,"Marked: RPCPPE 2025 submitted to Accounting (2026-04-13)",RPCPPE2025-ACCT-SUB
5287,2025-05-00.000-0192-000,Scanner,"Scanner; Epson; DS-7500; SN: PX5Z002570",,05,1,58235.00,58235.00,,S,canner,,,"Farparan, Lilian","Marked: RPCPPE 2025 submitted to Accounting (2026-04-13)",RPCPPE2025-ACCT-SUB
5288,2025-05-00.000-0193-000,Printer,"Brother L15180, SN: X9DT000605",,05,1,57148.00,57148.00,,B,rother,,,"Teologo, Reiner","Marked: RPCPPE 2025 submitted to Accounting (2026-04-13)",RPCPPE2025-ACCT-SUB
5289,2025-05-00.000-0194-000,Printer,"CANON- C3120, SN: YEA00713",,05,1,171600.00,171600.00,,C,ANON-,,,"Teologo, Reiner","Marked: RPCPPE 2025 submitted to Accounting (2026-04-13)",RPCPPE2025-ACCT-SUB
5290,2025-05-00.000-0195-000,"All-In-One Computer","ACER-C24-1750, Intel Core i5 12th Gen, 1TB SSD, SN: DQBJ3SP001251007A33000",,05,1,60800.00,60800.00,,A,CER-C24-1750,,,"Maghari, Christy","Marked: RPCPPE 2025 submitted to Accounting (2026-04-13)",RPCPPE2025-ACCT-SUB
5291,2025-05-00.000-0196-000,"All-In-One Computer","ACER-C24-1750, Intel Core i5 12th Gen, 1TB SSD, SN: DQBBJ3SP0012510078C3000",,05,1,60800.00,60800.00,,A,CER-C24-1750,,,"Alejandro, Allen","Marked: RPCPPE 2025 submitted to Accounting (2026-04-13)",RPCPPE2025-ACCT-SUB
5292,2025-05-00.000-0197-000,"All-In-One Computer","ACER-C24-1750, Intel Core i5 12th Gen, 1TB SSD, SN: DQBJ3SP0012510077F3000",,05,1,60800.00,60800.00,,A,CER-C24-1750,,,"Alejandro, Allen","Marked: RPCPPE 2025 submitted to Accounting (2026-04-13)",RPCPPE2025-ACCT-SUB
5293,2025-05-00.000-0198-000,"All-In-One Computer","ACER-C24-1750, Intel Core i5 12th Gen, 1TB SSD, SN: DQBJ3SP00125100783000",,05,1,60800.00,60800.00,,A,CER-C24-1750,,,"Raymaro, Marie","Marked: RPCPPE 2025 submitted to Accounting (2026-04-13)",RPCPPE2025-ACCT-SUB
5294,2025-05-00.000-0008-038,"All-In-One Computer","ACER-C24-1750, Intel Core i5 12th Gen, 1TB SSD: SN: DQBJ3SP001251007863000",,05,1,60800.00,60800.00,,A,CER-C24-1750,CAS,"College of Arts and Sciences",,"Marked: RPCPPE 2025 submitted to Accounting (2026-04-13)",RPCPPE2025-ACCT-SUB
5295,2025-05-00.000-0199-000,"All-In-One Computer","ACER-C24-1750, Intel Core i5 12th Gen, 1TB SSD: SN: DQBJ3SP0012510077D3000",,05,1,60800.00,60800.00,,A,CER-C24-1750,,,"Omadio, Jennelyn","Marked: RPCPPE 2025 submitted to Accounting (2026-04-13)",RPCPPE2025-ACCT-SUB
5296,2025-05-00.000-0200-000,"Photocopier Machine","Gestetner MP2014AD SN: G612Z450058",,05,1,68000.00,68000.00,,G,estetner,,,"Train, Sarah","Marked: RPCPPE 2025 submitted to Accounting (2026-04-13)",RPCPPE2025-ACCT-SUB
5297,2025-05-00.000-0201-000,Laptop,"ACER- TMP215-54-57HH, Intel Core i5, 11th generation, 8GB RAM, 500GB SSD, 500GB HDD SN: NXVVRSP0082480BCA17600",,05,1,52417.00,52417.00,,A,CER-,,,"Farparan, Lilian","Marked: RPCPPE 2025 submitted to Accounting (2026-04-13)",RPCPPE2025-ACCT-SUB
5298,2025-05-00.000-0202-000,"Laptop AMD Ryzen 9","Model: G713R, SN: N9NRKD006556368",,05,1,218798.00,218798.00,,M,odel:,,,"Sola, Saredith","Marked: RPCPPE 2025 submitted to Accounting (2026-04-13)",RPCPPE2025-ACCT-SUB
5299,2025-05-00.000-0203-000,Laptop,"ACER- TMP215-54-57HH, Intel Core i5, 11th generation, 8GB RAM, 500GB SSD, 500GB HDD SN: NXVVRSP0082480BC097600",,05,1,52417.00,52417.00,,A,CER-,,,"Farparan, Lilian","Marked: RPCPPE 2025 submitted to Accounting (2026-04-13)",RPCPPE2025-ACCT-SUB
5300,2025-05-00.000-0204-000,"Desktop Computer","ACER Veriton X4690G, Intel Core i7, 12th Gen, 2TB HDD, 512 SSD, SN: DTVWSSP01T233019983000",,05,1,75000.00,75000.00,,A,CER,,,"Farparan, Lilian","Marked: RPCPPE 2025 submitted to Accounting (2026-04-13)",RPCPPE2025-ACCT-SUB
5301,2025-05-00.000-0205-000,"Desktop Computer","ACER Veriton X4690G, Intel Core i7, 12th Gen, 2TB HDD, 512 SSD, SN: DTVWSSP01T233019A43000",,05,1,75000.00,75000.00,,A,CER,,,"Farparan, Lilian","Marked: RPCPPE 2025 submitted to Accounting (2026-04-13)",RPCPPE2025-ACCT-SUB
5302,2025-05-00.000-0008-080,"Desktop Computer","ACER Veriton X4690G, Intel Core i7, 2TB HDD, SN: DTVWSSP01T233019A33000",,05,1,75000.00,75000.00,,A,CER,CTE,CIT,,"Marked: RPCPPE 2025 submitted to Accounting (2026-04-13)",RPCPPE2025-ACCT-SUB
5303,2025-05-00.000-0206-000,Printer,"CISS factory made; prints up to A3+; Hi-speed USB 2.0, Wi-fi, wired Lan, wireless pictbridge, Airprint; print resolution up to 4800 (horizontal) x 2400 (vertical) dpi; EPSON L15150",,05,1,50600.00,50600.00,,C,ISS,,,"Teologo, Reiner","Marked: RPCPPE 2025 submitted to Accounting (2026-04-13)",RPCPPE2025-ACCT-SUB
5304,2025-05-00.000-0207-000,"Photocopier Machine","KYOCERA TASKALFA 2020, SN: H3A2602819",,05,1,64500.00,64500.00,,K,YOCERA,,,"Francisco, Adrian","Marked: RPCPPE 2025 submitted to Accounting (2026-04-13)",RPCPPE2025-ACCT-SUB
5305,2025-05-00.000-0208-000,Aircon,"3 toner-Midea",,05,1,93960.00,93960.00,,,,,,"Berdin, Anna","Marked: RPCPPE 2025 submitted to Accounting (2026-04-13)",RPCPPE2025-ACCT-SUB
5306,2025-05-00.000-0209-000,"Photocopier Machine","Gestetner, MP-2014AD, SN: G612ZC50046",,05,1,64000.00,64000.00,,G,estetner,,,"Maghari, Christy","Marked: RPCPPE 2025 submitted to Accounting (2026-04-13)",RPCPPE2025-ACCT-SUB
5307,2025-05-00.000-0037-013,"Photocopier Machine","Gestetner, MP-2014AD, SN: G612ZA50046",,05,1,64000.00,64000.00,,G,estetner,CCS,"College of Computer Studies",,"Marked: RPCPPE 2025 submitted to Accounting (2026-04-13)",RPCPPE2025-ACCT-SUB
5308,2025-05-00.000-0210-000,"Copy Printer Machine","Gestetner MP2014AD SN: D212Z100004",,05,1,103000.00,103000.00,,G,estetner,,,,"Marked: RPCPPE 2025 submitted to Accounting (2026-04-13)",RPCPPE2025-ACCT-SUB
5309,2025-05-00.000-0211-000,Server,"Altos Brainspere T110F5, SN: USRJYTA028314000280V00",,05,1,88600.00,88600.00,,A,ltos,,,"Lim, Ma.","Marked: RPCPPE 2025 submitted to Accounting (2026-04-13)",RPCPPE2025-ACCT-SUB
5310,2025-05-00.000-0038-013,"DIGITAL CAMERA with LENS and GIMBAL:","Sony SN: 4916874",,05,1,101038.00,101038.00,,S,ony,CCS,"College of Computer Studies",,"Marked: RPCPPE 2025 submitted to Accounting (2026-04-13)",RPCPPE2025-ACCT-SUB
5311,2025-05-00.000-0002-045,"DSLR Camera","Nikon- D7500
w/ Lens; 18.55mm lens SN:70494626
SN Unit: 8236888",,05,1,82574.00,82574.00,,N,ikon-,FLP,"Office of the Future Leaders of the Philippines",,"Marked: RPCPPE 2025 submitted to Accounting (2026-04-13)",RPCPPE2025-ACCT-SUB
5312,2025-05-00.000-0212-000,"Document Scanner","FUJITSU SCANNER FI-7700S SN: AV1AA00248",,05,1,272674.00,272674.00,,F,UJITSU,,,"Teologo, Reiner","Marked: RPCPPE 2025 submitted to Accounting (2026-04-13)",RPCPPE2025-ACCT-SUB
5313,2025-05-00.000-0213-000,"DSLR Camera","Nikon- D5600 
24.2MP AF-P 18-55mm; 5.6mm; VR Lens Battery/64gb ; LENS SN:20093070
SN Unit: 8276604",,05,1,51846.00,51846.00,,N,ikon-,,,"Grafane, Joyce","Marked: RPCPPE 2025 submitted to Accounting (2026-04-13)",RPCPPE2025-ACCT-SUB
5314,2025-05-00.000-0214-000,Laptop,"ASUS- FX506H, SN: R3NRCX03D82911B",,05,1,50394.00,50394.00,,A,SUS-,,,"Abellon, Vincent","Marked: RPCPPE 2025 submitted to Accounting (2026-04-13)",RPCPPE2025-ACCT-SUB
5315,2025-05-00.000-0003-045,Laptop,"ASUS- FX506H, SN: R3NRCX03E10311F",,05,1,57734.00,57734.00,,A,SUS-,FLP,"Office of the Future Leaders of the Philippines",,"Marked: RPCPPE 2025 submitted to Accounting (2026-04-13)",RPCPPE2025-ACCT-SUB
5316,2025-05-00.000-0215-000,"All In One Desktop Computer","HP- Model: CR0036D, SN: 8CC3222H5T",,05,1,54000.00,54000.00,,H,P-,,,"Abellon, Vincent","Marked: RPCPPE 2025 submitted to Accounting (2026-04-13)",RPCPPE2025-ACCT-SUB
5317,2025-05-00.000-0216-000,Aircon,"Koppel- Model: KV36FM-ARF21D Floor Mounted Inverter Aircon 3T; SN: 540H418420131110810414",,05,1,93790.00,93790.00,,K,oppel-,,,,"Marked: RPCPPE 2025 submitted to Accounting (2026-04-13)",RPCPPE2025-ACCT-SUB
5318,2025-05-00.000-0217-000,Aircon,"Koppel- Model: KV36FM-ARF21D Floor Mounted Inverter Aircon 3T; SN: 540H418420131110810322",,05,1,93790.00,93790.00,,K,oppel-,,,,"Marked: RPCPPE 2025 submitted to Accounting (2026-04-13)",RPCPPE2025-ACCT-SUB
5319,2025-05-00.000-0001-033,Aircon,"Koppel- Model: KV36FM-ARF21D Floor Mounted Inverter Aircon 3T; SN: 540H418420131110810281",,05,1,99040.00,99040.00,,K,oppel-,VPAA,"VP for Academic Affairs",,"Marked: RPCPPE 2025 submitted to Accounting (2026-04-13)",RPCPPE2025-ACCT-SUB
5320,2025-05-00.000-0218-000,Aircon,"Koppel- Model: KV36FM-ARF21D Floor Mounted Inverter Aircon 3T; SN: 540H418420131110810512",,05,1,100540.00,100540.00,,K,oppel-,,,,"Marked: RPCPPE 2025 submitted to Accounting (2026-04-13)",RPCPPE2025-ACCT-SUB
5321,2025-05-00.000-0219-000,Aircon,"Koppel- Model: KV36FM-ARF21D Floor Mounted Inverter Aircon 3T; SN: 54H418420131110810332",,05,1,100540.00,100540.00,,K,oppel-,,,,"Marked: RPCPPE 2025 submitted to Accounting (2026-04-13)",RPCPPE2025-ACCT-SUB
5322,2025-05-00.000-0039-013,"Desktop Computer","ACER- Model: Altos P10 F8 SN: DTL0JSP003316022D83000; Intel Core i7, 32GB DDR4 RAM; 500GB SDD for OS; 2TB HDD Storage; RTX 8 GB GDDR5 VRAM, UPS; 80+ gold power supply, 24-inch monitor; Windows 11 OS",,05,1,76483.00,76483.00,,A,CER-,CCS,"College of Computer Studies",,"Marked: RPCPPE 2025 submitted to Accounting (2026-04-13)",RPCPPE2025-ACCT-SUB
5323,2025-05-00.000-0040-013,"Desktop Computer","ACER- Model: Altos P10 F8 SN: DTL0JSP0033130105B3000; Intel Core i7, 32GB DDR4 RAM; 500GB SDD for OS; 2TB HDD Storage; RTX 8 GB GDDR5 VRAM, UPS; 80+ gold power supply, 24-inch monitor; Windows 11 OS",,05,1,76483.00,76483.00,,A,CER-,CCS,"College of Computer Studies",,"Marked: RPCPPE 2025 submitted to Accounting (2026-04-13)",RPCPPE2025-ACCT-SUB
5324,2025-05-00.000-0041-013,"Desktop Computer","ACER- Model: Altos P10 F8 SN: DTL0JSP00331400E2A3000; Intel Core i7, 32GB DDR4 RAM; 500GB SDD for OS; 2TB HDD Storage; RTX 8 GB GDDR5 VRAM, UPS; 80+ gold power supply, 24-inch monitor; Windows 11 OS",,05,1,76483.00,76483.00,,A,CER-,CCS,"College of Computer Studies",,"Marked: RPCPPE 2025 submitted to Accounting (2026-04-13)",RPCPPE2025-ACCT-SUB
5325,2025-05-00.000-0042-013,"Desktop Computer","ACER- Model: Altos P10 F8 SN: DTL0JSP003316022DA3000; Intel Core i7, 32GB DDR4 RAM; 500GB SDD for OS; 2TB HDD Storage; RTX 8 GB GDDR5 VRAM, UPS; 80+ gold power supply, 24-inch monitor; Windows 11 OS",,05,1,76483.00,76483.00,,A,CER-,CCS,"College of Computer Studies",,"Marked: RPCPPE 2025 submitted to Accounting (2026-04-13)",RPCPPE2025-ACCT-SUB
5326,2025-05-00.000-0005-009,Laptop,"Intel Core i7-1255U, Windows 11, 8GB DDR4 RAM, 1TB SSD, 15.6' FHD ISP Display- ACER Model: TMP215-54-73VX SN: NXVVRSP0062480DC497600",,05,1,53200.00,53200.00,,I,ntel,CBA,"College of Business Accountancy","Bolivar, Loyda","Marked: RPCPPE 2025 submitted to Accounting (2026-04-13)",RPCPPE2025-ACCT-SUB
5327,2025-05-00.000-0046-021,Laptop,"Intel Core i7-1255U, Windows 11, 8GB DDR4 RAM, 1TB SSD, 15.6' FHD ISP Display; ACER Model: TMP215-54-73VX SN: NXVVRSP0062480DC917600",,05,1,92400.00,92400.00,,I,ntel,CMS,"College of Maritime Studies",,"Marked: RPCPPE 2025 submitted to Accounting (2026-04-13)",RPCPPE2025-ACCT-SUB
5328,2025-05-00.000-0047-021,Airconditioner,"Wall Mounted Split Type Inverter; 2.0 HP; KOLIN Model: KSM-IW20-WCT10M1M32 SN: 18682303-10817 (Outdoor) SN: 18652304-10957(Indoor)",,05,1,64495.00,64495.00,,W,all,CMS,"College of Maritime Studies",,"Marked: RPCPPE 2025 submitted to Accounting (2026-04-13)",RPCPPE2025-ACCT-SUB
5329,2025-05-00.000-0220-000,Airconditioner,"Floor Mounted; Split Type; 6HP; LG Model: APNQ60GT3E4; SN: 645323060S088C310NT",,05,1,201075.00,201075.00,,F,loor,,,,"Marked: RPCPPE 2025 submitted to Accounting (2026-04-13)",RPCPPE2025-ACCT-SUB
5330,2025-05-00.000-0221-000,Airconditioner,"Floor Mounted; Split Type; 6HP; LG Model: APNQ60GT3E4; SN: 645323060S070C310NT",,05,1,201075.00,201075.00,,F,loor,,,,"Marked: RPCPPE 2025 submitted to Accounting (2026-04-13)",RPCPPE2025-ACCT-SUB
5331,2025-05-00.000-0222-000,Airconditioner,"floor mounted split-type; 5 tonner; LG Model: APNQ60GT3E4 SN: 306KCAS0S096",,05,1,201075.00,201075.00,,f,loor,,,,"Marked: RPCPPE 2025 submitted to Accounting (2026-04-13)",RPCPPE2025-ACCT-SUB
5332,2025-05-00.000-0223-000,Airconditioner,"floor mounted split-type; 5 tonner; LG Model: APNQ60GT3E4 SN: 306KCQX0S084",,05,1,201075.00,201075.00,,f,loor,,,,"Marked: RPCPPE 2025 submitted to Accounting (2026-04-13)",RPCPPE2025-ACCT-SUB
5333,2025-05-00.000-0224-000,Airconditioner,"Floor Mounted Split Type Inverter Aircon; 4.0HP; 3Tonner; KOLIN; Model: KLG-IF40-5G1M32; Indoor SN: 1739230312321; Outdoor SN: 1740230312064",,05,1,123995.00,123995.00,,F,loor,,,,"Marked: RPCPPE 2025 submitted to Accounting (2026-04-13)",RPCPPE2025-ACCT-SUB
5334,2025-05-00.000-0225-000,Airconditioner,"Floor Mounted Split Type Inverter Aircon; 4.0HP; 3Tonner; KOLIN; Model: KLG-IF40-5G1M32; Indoor SN: 17392303-12123",,05,1,123995.00,123995.00,,F,loor,,,,"Marked: RPCPPE 2025 submitted to Accounting (2026-04-13)",RPCPPE2025-ACCT-SUB
5335,2025-05-00.000-0226-000,Airconditioner,"Floor Mounted Split Type Inverter Aircon; 4.0HP; 3Tonner; KOLIN; Model: KLG-IF40-5G1M32; Indoor SN: 17392303-12319",,05,1,123995.00,123995.00,,F,loor,,,,"Marked: RPCPPE 2025 submitted to Accounting (2026-04-13)",RPCPPE2025-ACCT-SUB
5336,2025-05-00.000-0227-000,Airconditioner,"Floor Mounted Split Type ;6 HP; LG Model: APUQ60GT3E4; SN : 306KCGW0S087 (Indoor); SN: 306KCRN03W26 (outdoor)",,05,1,213750.00,213750.00,,F,loor,,,"Omayana, Christpeter","Marked: RPCPPE 2025 submitted to Accounting (2026-04-13)",RPCPPE2025-ACCT-SUB
5337,2025-05-00.000-0228-000,Airconditioner,"Wall Mounted Split Type Inverter; 2.5 HP; KOLIN Model:KSM-IW25-WCT10M1M32; SN: 18682304-11031 (Outdoor) SN: 18672303-10250 (Indoor)",,05,1,62495.00,62495.00,,W,all,,,,"Marked: RPCPPE 2025 submitted to Accounting (2026-04-13)",RPCPPE2025-ACCT-SUB
5338,2025-05-00.000-0229-000,Airconditioner,"Wall Mounted Split Type Inverter; 2.5 HP; KOLIN Model:KSM-IW25-WCT10M1M32; SN: 18682303-10567 (Outdoor) SN: 18672303-10237 (Indoor)",,05,1,62495.00,62495.00,,W,all,,,"Farparan, Lilian","Marked: RPCPPE 2025 submitted to Accounting (2026-04-13)",RPCPPE2025-ACCT-SUB
5339,2025-05-00.000-0230-000,Airconditioner,"Wall Mounted Split Type Inverter; 2.5 HP; KOLIN Model:KSM-IW25-WCT10M1M32; SN: 18682304-11031 (Outdoor) SN: 18672303-10234 (Indoor)",,05,1,62495.00,62495.00,,W,all,,,"Farparan, Lilian","Marked: RPCPPE 2025 submitted to Accounting (2026-04-13)",RPCPPE2025-ACCT-SUB
5340,2025-05-00.000-0231-000,Airconditioner,"1.5HP, inverter, split type, wall mounted; SHARP; Model: AU-X15ZF(Outdoor) SN: 36014048(Outdoor); Model: AH-X15ZF(Indoor) SN: 31013774",,05,1,59198.00,59198.00,,,,,,,"Marked: RPCPPE 2025 submitted to Accounting (2026-04-13)",RPCPPE2025-ACCT-SUB
5341,2025-05-00.000-0232-000,Airconditioner,"1.5HP, inverter, wall mounted, split type; SHARP Model: AH-X15ZF SN: 31013764",,05,1,59198.00,59198.00,,,,,,,"Marked: RPCPPE 2025 submitted to Accounting (2026-04-13)",RPCPPE2025-ACCT-SUB
5342,2025-05-00.000-0233-000,Airconditioner,"2hp, inverter, split type, wall mounted; SHARP Model: AH-X20ZF SN: 31004366",,05,1,56758.00,56758.00,,,,,,,"Marked: RPCPPE 2025 submitted to Accounting (2026-04-13)",RPCPPE2025-ACCT-SUB
5343,2025-05-00.000-0234-000,Airconditioner,"2hp, inverter, split type, wall mounted; SHARP Model: AH-X20ZF SN: 31004416",,05,1,56758.00,56758.00,,,,,,,"Marked: RPCPPE 2025 submitted to Accounting (2026-04-13)",RPCPPE2025-ACCT-SUB
5344,2025-05-00.000-0014-032,Airconditioner,"2HP, inverter, split type; wattage 905 (380-1135), watts; 1HP, R410A Refrigerant, 8in 1-Air filter technology;KOLIN Model: KSM-IW20-WCT10M1M32; SN: 18652303-10621; SN: 18662304-11290 (Outdoor)",,05,1,65695.00,65695.00,,,,CEA,"College of Engineering and Architecture","Vegafria, Christine","Marked: RPCPPE 2025 submitted to Accounting (2026-04-13)",RPCPPE2025-ACCT-SUB
5345,2025-05-00.000-0004-053,Netgate,"1537 BASE PFSENSE + SECURITY GATEWAY (Intel ""Xeon-DE"" D-1537) Model: XG-1537-M2-8GB SN:UM239S000625",,05,1,204000.00,204000.00,,,,ICTU,"Information and Communication Technology Unit","Valera, Jacinto","Marked: RPCPPE 2025 submitted to Accounting (2026-04-13)",RPCPPE2025-ACCT-SUB
5346,2025-05-00.000-0235-000,"Paper Shredder Machine","GBC Model: CHS10-30 SN: JK05945J; super micro cut; 100L paper drum capacity; shred size: 0.8x5mm",,05,1,336975.00,336975.00,,G,BC,,,"Grafane, Joyce","Marked: RPCPPE 2025 submitted to Accounting (2026-04-13)",RPCPPE2025-ACCT-SUB
5347,2025-05-00.000-0001-030,"Digital Full Color Copier","printer/scanner with Auto Reverse Document Feeder (ARDF). 10.1-inch Android Ful Touchscreen Control Panel with AVR 2kVA; GESTETNER Model: IMC2010 SN: 9133RA10823",,05,1,270000.00,270000.00,,p,rinter/scanner,VPREI,"VP Research and Evaluation Office/REI","Delgado, Shella","Marked: RPCPPE 2025 submitted to Accounting (2026-04-13)",RPCPPE2025-ACCT-SUB
5348,2025-05-00.000-0001-005,"Desktop Computer","core i7, 12th Gen, 16GB RAM, 512GB SSD, 1TB HDD (ACER) Model: Altos P10 F9 SN: DTL0MSP01J34300E409600",,05,1,55000.00,55000.00,,c,ore,OBS,"Office of the Board Secretary",,"Marked: RPCPPE 2025 submitted to Accounting (2026-04-13)",RPCPPE2025-ACCT-SUB
5349,2025-05-00.000-0005-053,"Fiber Optic Fusion Splicer","SHINHO- Model: S-16 SN: 24020201",,05,1,70000.00,70000.00,,S,HINHO-,ICTU,"Information and Communication Technology Unit","Valera, Jacinto","Marked: RPCPPE 2025 submitted to Accounting (2026-04-13)",RPCPPE2025-ACCT-SUB
5350,2025-05-00.000-0236-000,Laptop,"Asus Model: Vivobook X1405V SN: S1N0CV07K17403E",,05,1,59355.00,59355.00,,A,sus,,,"Muhat, Wilfredo","Marked: RPCPPE 2025 submitted to Accounting (2026-04-13)",RPCPPE2025-ACCT-SUB
5351,2025-05-00.000-0237-000,Laptop,"Asus Model: Vivobook X1405V SN: S1N0CV07K194033",,05,1,59355.00,59355.00,,A,sus,,,"Muhat, Wilfredo","Marked: RPCPPE 2025 submitted to Accounting (2026-04-13)",RPCPPE2025-ACCT-SUB
5352,2025-05-00.000-0238-000,Laptop,"Asus Model: Vivobook X1405V SN: S1N0CV07K19003G",,05,1,59355.00,59355.00,,A,sus,,,"Muhat, Wilfredo","Marked: RPCPPE 2025 submitted to Accounting (2026-04-13)",RPCPPE2025-ACCT-SUB
5353,2025-05-00.000-0239-000,Laptop,"Asus Model: Vivobook X1405V SN: S1N0CV07K20603F",,05,1,59355.00,59355.00,,A,sus,,,"Muhat, Wilfredo","Marked: RPCPPE 2025 submitted to Accounting (2026-04-13)",RPCPPE2025-ACCT-SUB
5354,2025-05-00.000-0240-000,Airconditioner,"5T; Inverter; Floor-Mounted; Split Type;Samsung - AC048BNPDKC/TC; Indoor SN: BPQFP3EX300028 
Outdoor SN: BPQGP3CX400183",,05,1,146000.00,146000.00,,,,,,"Serrato, Armila","Marked: RPCPPE 2025 submitted to Accounting (2026-04-13)",RPCPPE2025-ACCT-SUB
5355,2025-05-00.000-0001-025,Airconditioner,"inverter; 3.0HP floor mounted type; TCL - 36TCFS/JI Indoor SN: 10ACLNQ501ZQ50300283; Outdoor SN: 10ACMWQ500ZQ50200324",,05,1,88640.00,88640.00,,i,nverter,GSU,"General Services Unit",,"Marked: RPCPPE 2025 submitted to Accounting (2026-04-13)",RPCPPE2025-ACCT-SUB
5356,2025-05-00.000-0001-076,Aircon,"3T; floor mounted; split type;TCL - 28TCFS/JI2-ID; Indoor SN: 10HSWNQ500ZQ52600038; Outdoor SN: 10HSXWQ500ZQ52400072",,05,1,118296.00,118296.00,,,,ACAD,"Academic Affairs Division","Viesca, Catherine","Marked: RPCPPE 2025 submitted to Accounting (2026-04-13)",RPCPPE2025-ACCT-SUB
5357,2025-05-00.000-0241-000,Airconditioner,"split type, wall mounted, 2.0 HP, SAMSUNG Model: AR18CYEAAWKN Outdoor SN: 0KSNPDPX200224, Indoor SN: 0KSMPDBX200072",,05,1,70000.00,70000.00,,s,plit,,,"Omayana, Christpeter","Marked: RPCPPE 2025 submitted to Accounting (2026-04-13)",RPCPPE2025-ACCT-SUB
5358,2025-05-00.000-0001-046,"Smart TV","75"" LED; 4K resolution; TCL - 75P755; SN: 2405ALY217201A00143",,05,1,68000.00,68000.00,,,,CUL,"Cultural Unit","Sandoy, Shella","Marked: RPCPPE 2025 submitted to Accounting (2026-04-13)",RPCPPE2025-ACCT-SUB
5359,2025-05-00.000-0001-049,Laptop,"ACER - AN515-46-R8H3 SN: NHQH5SP00123701F423400",,05,1,92576.00,92576.00,,A,CER,SU,"Sports Unit","Francisco, Adrian","Marked: RPCPPE 2025 submitted to Accounting (2026-04-13)",RPCPPE2025-ACCT-SUB
5360,2025-05-00.000-0242-000,Laptop,"ACER - TMP216-51G-53UB SN: NXB18SP019424140E27600",,05,1,52030.00,52030.00,,A,CER,,,"Omayana, Christpeter","Marked: RPCPPE 2025 submitted to Accounting (2026-04-13)",RPCPPE2025-ACCT-SUB
5361,2025-05-00.000-0002-011,"DSLR Camera","FUJIFILM - X-T30II X-T100, 24MP; SC 15-45mm F3.5 APS-C
LENS SN: 4CC11359 Camera SN: 47011038",,05,1,66688.00,66688.00,,F,UJIFILM,CIT,"College of Industrial Technology","Farparan, Lilian","Marked: RPCPPE 2025 submitted to Accounting (2026-04-13)",RPCPPE2025-ACCT-SUB
5362,2025-05-00.000-0015-032,Camera,"NIKON - D3500 Lens SN: 20087121
Tamron A14P Lens SN: 105416 Camera SN: 9047145",,05,1,64920.00,64920.00,,N,IKON,CEA,"College of Engineering and Architecture","Vegafria, Christine","Marked: RPCPPE 2025 submitted to Accounting (2026-04-13)",RPCPPE2025-ACCT-SUB
5363,2025-05-00.000-0001-006,Printer,"Printer- Print, scan, copy, fax with ADF; EPSON Model: L15150; SN: X6N7050605",,05,1,50610.00,50610.00,,P,rinter-,BU,"Budget Unit","Berdin, Anna","Marked: RPCPPE 2025 submitted to Accounting (2026-04-13)",RPCPPE2025-ACCT-SUB
5364,2025-05-00.000-0002-046,Printer,"Printer- Print, scan, copy, fax with ADF; EPSON Model: L15150; SN: X6N7049918",,05,1,50610.00,50610.00,,P,rinter-,CUL,"Cultural Unit","Sandoy, Shella","Marked: RPCPPE 2025 submitted to Accounting (2026-04-13)",RPCPPE2025-ACCT-SUB
5365,2025-05-00.000-0243-000,Airconditioner,"3T; floor-mounted; split type; MIDEA Model:FP-42AFS036KENV-J5; SN: 5412220007335090820106 (indoor) SN: 5412220007439270870012(outdoor)",,05,1,87750.00,87750.00,,,,,,"Teologo, Jocy","Marked: RPCPPE 2025 submitted to Accounting (2026-04-13)",RPCPPE2025-ACCT-SUB
5366,2025-05-00.000-0002-025,Airconditioner,"Floor mounted 5 tonner ACU with inverter;SAMSUNG Model: AC048BNPDKC/TC SN:BPQFP3EW700260(indoor) SN: BPQGP3CWA00068(OUTDOOR)",,05,1,158652.00,158652.00,,F,loor,GSU,"General Services Unit",,"Marked: RPCPPE 2025 submitted to Accounting (2026-04-13)",RPCPPE2025-ACCT-SUB
5367,2025-05-00.000-0003-025,Airconditioner,"Floor mounted 5 tonner ACU with inverter;SAMSUNG Model: AC048BNPDKC/TC SN: BPQFP3EW700273(indoor) SN: BPQGP3CW800007(OUTDOOR)",,05,1,158652.00,158652.00,,F,loor,GSU,"General Services Unit",,"Marked: RPCPPE 2025 submitted to Accounting (2026-04-13)",RPCPPE2025-ACCT-SUB
5368,2025-05-00.000-0004-025,Airconditioner,"Floor mounted 5 tonner ACU with inverter;SAMSUNG Model: AC048BNPDKC/TC SN: BPQFP3EW700274(indoor) SN: BPQGP3CWA00069 (OUTDOOR)",,05,1,158652.00,158652.00,,F,loor,GSU,"General Services Unit",,"Marked: RPCPPE 2025 submitted to Accounting (2026-04-13)",RPCPPE2025-ACCT-SUB
5369,2025-05-00.000-0005-025,Airconditioner,"Floor mounted 5 tonner ACU with inverter;SAMSUNG Model: AC048BNPDKC/TC SN: BPQFP3EW700279(indoor) SN: BPQGP3CWA00074 (OUTDOOR)",,05,1,158652.00,158652.00,,F,loor,GSU,"General Services Unit",,"Marked: RPCPPE 2025 submitted to Accounting (2026-04-13)",RPCPPE2025-ACCT-SUB
5370,2025-05-00.000-0003-011,"Photocopier Machine","heavy duty multi-function digital copier A3 copy. Print and colored scan; with ADF (Automatic Reverse Document Feeder), with single tray. Gestetner - M 2701 SN: 3284Z730045",,05,1,83500.00,83500.00,,h,eavy,CIT,"College of Industrial Technology","Farparan, Lilian","Marked: RPCPPE 2025 submitted to Accounting (2026-04-13)",RPCPPE2025-ACCT-SUB
5371,2025-05-00.000-0003-046,"Camera Lens","AF-P NIKKOR 70-300mm F4.5-5.6E ED VR Lens ""Nikon AFP 70-300F45-56E ED VR Mount -Crop: Nikon F-Mount Type-Focal:70-300mm Aperture: Max f/4.6-5.6"" SN: 2027161",,05,1,59950.00,59950.00,,A,F-P,CUL,"Cultural Unit","Sandoy, Shella","Marked: RPCPPE 2025 submitted to Accounting (2026-04-13)",RPCPPE2025-ACCT-SUB
5372,2025-06-00.000-0001-000,"Desktop Computer","branded, processor; equivalent to core i5;Quadcore (3M Cache, 3.1 GHz), Memory: 8 GB DDR4 SDRAM memory, Display: 19.5'' LED Display, USB Keyboard & USB Optical Mouse, Windows 10; ACER",,06,1,55000.00,55000.00,,b,randed,,,,"Marked: RPCPPE 2025 submitted to Accounting (2026-04-13)",RPCPPE2025-ACCT-SUB
5373,2025-05-00.000-0244-000,Aircon,"Kolin KSM-25CB1im; SN: 10711209-13363",,05,1,66000.00,66000.00,,K,olin,,,,"Marked: RPCPPE 2025 submitted to Accounting (2026-04-13)",RPCPPE2025-ACCT-SUB
5374,2024-01-00.000-0001-038,"Smart TV","65"" UHD 4K, refresh rate 60Hz, SAMSUNG - UA65DU7000G SN: 0U4A3NEX300583",,01,1,57450.00,57450.00,2024-09-30,,,CAS,"College of Arts and Sciences",,"Marked: RPCPPE 2025 submitted to Accounting (2026-04-13)",RPCPPE2025-ACCT-SUB
5375,2024-01-00.000-0002-033,"Smart TV","65"" UHD 4K, refresh rate 60Hz, SAMSUNG - UA65DU7000G SN: 	0U4A3NEX301052",,01,1,57450.00,57450.00,2024-09-30,,,VPAA,"VP for Academic Affairs","Viesca, Catherine","Marked: RPCPPE 2025 submitted to Accounting (2026-04-13)",RPCPPE2025-ACCT-SUB
5376,2024-01-00.000-0001-009,"Smart TV","65"" UHD 4K, refresh rate 60Hz, SAMSUNG - UA65DU7000G SN: 	0U4A3NEX301056",,01,1,57450.00,57450.00,2024-09-30,,,CBA,"College of Business Accountancy","Bolivar, Loyda","Marked: RPCPPE 2025 submitted to Accounting (2026-04-13)",RPCPPE2025-ACCT-SUB
5377,2024-01-00.000-0001-013,"Smart TV","65"" UHD 4K, refresh rate 60Hz, SAMSUNG - UA65DU7000G SN: 	0U4A3NEX300668",,01,1,57450.00,57450.00,2024-09-30,,,CCS,"College of Computer Studies","Amar, John","Marked: RPCPPE 2025 submitted to Accounting (2026-04-13)",RPCPPE2025-ACCT-SUB
5378,2025-01-00.000-0160-000,Aircon,"Everest, 3 tonner; SN: 240062374015C140160054;",,01,1,71500.00,71500.00,,E,verest,,,,"Marked: RPCPPE 2025 submitted to Accounting (2026-04-13)",RPCPPE2025-ACCT-SUB
5379,2025-01-00.000-0030-032,Aircon,"Everest, 3 tonner; SN: AHU: 24006237015C140160030: ACCU: 24006237025C090160033z",,01,1,71500.00,71500.00,,E,verest,CEA,"College of Engineering and Architecture","Vegafria, Christine","Marked: RPCPPE 2025 submitted to Accounting (2026-04-13)",RPCPPE2025-ACCT-SUB
5380,2025-01-00.000-0161-000,Aircon,"Everest, 3 tonner; SN: AHU: 240062374015C140160029; ACCU: 240062374025C090160039",,01,1,71500.00,71500.00,,E,verest,,,"Lim, Ma.","Marked: RPCPPE 2025 submitted to Accounting (2026-04-13)",RPCPPE2025-ACCT-SUB
5381,2025-05-00.000-0016-032,Aircon,"3T; floor mounted; split type Outdoor SN: 1212050ACMW17247E000112; TCL - 36TCFS/JI Indoor SN: 1212040ACLN11247F000111",,05,1,102750.00,102750.00,2025-01-21,,,CEA,"College of Engineering and Architecture","Vegafria, Christine","Marked: RPCPPE 2025 submitted to Accounting (2026-04-13)",RPCPPE2025-ACCT-SUB
5382,2025-05-00.000-0048-021,Aircon,"3HP inverter floor mounted type; 230V, 1 phase, 60Hz including installation Outdoor SN: 1212050HSXW17247E000037; TCL - 28TCFS/JI2-ID Indoor SN: 10HSWNQ700ZQ70900014",,05,1,71500.00,71500.00,2025-01-21,,,CMS,"College of Maritime Studies",,"Marked: RPCPPE 2025 submitted to Accounting (2026-04-13)",RPCPPE2025-ACCT-SUB
5383,2025-05-00.000-0001-091,Aircon,"4HP; floor standing; inverter grade- R410a refrigerant Outdoor SN:1212050ACMW17247E000137; TCL - 36TCFS/JI Indoor SN: 1212040ACLN11247F000114",,05,1,116400.00,116400.00,2025-01-21,,,SAFF,"Student Affairs Division",,"Marked: RPCPPE 2025 submitted to Accounting (2026-04-13)",RPCPPE2025-ACCT-SUB
5384,2025-05-00.000-0049-021,Aircon,"3T; inverter; flour mounted; split type; SN: 1212050ACMW17247E000157(Outdoor); TCL - 36TCFS/JI Indoor SN: 1212040ACLN11247F000129",,05,1,136530.00,136530.00,2025-01-21,,,CMS,"College of Maritime Studies",,"Marked: RPCPPE 2025 submitted to Accounting (2026-04-13)",RPCPPE2025-ACCT-SUB
5385,2025-05-00.000-0007-029,"Image Scanner","Scanner type ADF; Paper Chute Capacity (A4 Landscape) 300 sheets typical daily duty cycle 30,000 sheets; multifield detection; overlap detection (ultrasonic sensor); Paper Protection Warp Detection; RICOH FUJITSU FI -7700 SN: AU2AH00436",,05,1,487800.00,487800.00,2025-07-17,S,canner,ARU,"Admission/Registrarship Unit","Teologo, Reiner","Marked: RPCPPE 2025 submitted to Accounting (2026-04-13)",RPCPPE2025-ACCT-SUB
5386,2025-05-00.000-0043-013,Aircon,"2.5HP; inverter; split type; wall mounted; 1 phase 230V, 60Hz KAIZER Model: KSPA-2.HP SN: KSPA25HP2024070138",,05,1,56000.00,56000.00,,,,CCS,"College of Computer Studies","Amar, John","Marked: RPCPPE 2025 submitted to Accounting (2026-04-13)",RPCPPE2025-ACCT-SUB
5387,2025-05-00.000-0044-013,Aircon,"2.5HP; inverter; split type; wall mounted; 1 phase 230V, 60Hz KAIZER Model: KSPA-2.HP SN: KSPA25HP2024070254",,05,1,56000.00,56000.00,,,,CCS,"College of Computer Studies","Amar, John","Marked: RPCPPE 2025 submitted to Accounting (2026-04-13)",RPCPPE2025-ACCT-SUB
5388,2025-05-00.000-0045-013,Aircon,"2.5HP; inverter; split type; wall mounted; 1 phase 230V, 60Hz KAIZER Model: KSPA-2.HP SN: KSPA25HP2024070116",,05,1,56000.00,56000.00,,,,CCS,"College of Computer Studies","Amar, John","Marked: RPCPPE 2025 submitted to Accounting (2026-04-13)",RPCPPE2025-ACCT-SUB
5389,2025-05-00.000-0046-013,Aircon,"2.5HP; inverter; split type; wall mounted; 1 phase 230V, 60Hz KAIZER Model: KSPA-2.HP SN: KSPA25HP2024070116",,05,1,56000.00,56000.00,,,,CCS,"College of Computer Studies","Amar, John","Marked: RPCPPE 2025 submitted to Accounting (2026-04-13)",RPCPPE2025-ACCT-SUB
5390,2025-05-00.000-0008-029,"Photocopier Machine","Heavy Duty Multi-Function Digital Copier A3 Copy, Print and colored scan; with ADRF (Automatic Reverse Document Feeder); with single tray; bypass tray; 100 sheets capacity; A3 (11'' x 17''), copying printing and colored scanning; memory 512mb;RICOH M2810N SN: 9535X840068; ADRF SN: 9555X810187",,05,1,78640.00,78640.00,,H,eavy,ARU,"Admission/Registrarship Unit","Teologo, Reiner","Marked: RPCPPE 2025 submitted to Accounting (2026-04-13)",RPCPPE2025-ACCT-SUB
5391,2025-05-00.000-0050-021,Aircon,"3.0 HP;  inverter, split type; wall mounted; Model: Midea - FP-42AST030KEIV-F4; SN: 54122000GFQ47170641052; SN: 	54122000GFQ47170640320",,05,2,139420.00,278840.00,,,,CMS,"College of Maritime Studies",,"Marked: RPCPPE 2025 submitted to Accounting (2026-04-13)",RPCPPE2025-ACCT-SUB
5392,2025-01-00.000-0004-050,Aircon,"3T, inverter, floor-mounted; split type, with free installation Outdoor SN: 540N305440244170860006; BOSTON BAY - MFJ-36CRDN1R32-NR SN Indoor: 540N306130141110810047",,01,1,114770.00,114770.00,,,,PU,"Procurement Unit","Alejandro, Allen","Marked: RPCPPE 2025 submitted to Accounting (2026-04-13)",RPCPPE2025-ACCT-SUB
5393,2025-01-00.000-0001-055,Aircon,"3T; inverter; floor-mounted; split type
Outdoor Model: AC036BXPDKC, SN: BPQEP3CY700132D; SAMSUNG - AC036BNPDKC Indoor SN: BPQDP3EY700080L",,01,1,103250.00,103250.00,2025-12-18,,,BOU,"Business Operations Unit","Raymaro, Marie","Marked: RPCPPE 2025 submitted to Accounting (2026-04-13)",RPCPPE2025-ACCT-SUB
5394,2025-01-00.000-0001-085,Aircon,"2.5HP; inverter; split type; wall mounted; Outdoor SN: 121202AHCNW16252D000028; TCL - TAC-24CSA/BEI; Indoor SN: 121201AHCMN25252A000115",,01,1,65940.00,65940.00,2025-12-18,,,FIN,"Finance Division",,"Marked: RPCPPE 2025 submitted to Accounting (2026-04-13)",RPCPPE2025-ACCT-SUB
5395,2025-01-00.000-0005-028,Aircon,"2.5HP; inverter; split type; wall mounted- Gray; TCL - TAC-24CSA/BEI SN: 121201AHCMN25252A000098",,01,1,65940.00,65940.00,2025-12-18,,,LHS,"Laboratory High School","Saylo, Monalie","Marked: RPCPPE 2025 submitted to Accounting (2026-04-13)",RPCPPE2025-ACCT-SUB
5396,2025-01-00.000-0006-028,Aircon,"2.5HP; inverter; split type; wall mounted- Gray; TCL - TAC-24CSA/BEI SN:  121201AHCMN25252A000056",,01,1,65940.00,65940.00,2025-12-18,,,LHS,"Laboratory High School","Saylo, Monalie","Marked: RPCPPE 2025 submitted to Accounting (2026-04-13)",RPCPPE2025-ACCT-SUB
5397,2025-01-00.000-0162-000,Aircon,"2.5HP; inverter; split type; wall mounted; TCL - TAC-24CSA/BEI SN: 121201AHCMN25252A000046",,01,1,65940.00,65940.00,2025-12-18,,,,,"Bolivar, Loyda","Marked: RPCPPE 2025 submitted to Accounting (2026-04-13)",RPCPPE2025-ACCT-SUB
5398,2025-01-00.000-0163-000,Aircon,"2.5HP; inverter; split type; wall mounted; TCL - TAC-24CSA/BEI SN: 121201AHCMN25252A000182",,01,1,65940.00,65940.00,2025-12-18,,,,,"Bolivar, Loyda","Marked: RPCPPE 2025 submitted to Accounting (2026-04-13)",RPCPPE2025-ACCT-SUB
5399,1989-01-00.000-0001-000,"Automatic Knife Grinder","G.E. 24 Hinoki 110/220V 1HP SN:9548",,01,1,52970.00,52970.00,1989-08-15,G,.E.,,,,"Marked: RPCPPE 2025 submitted to Accounting (2026-04-13)",RPCPPE2025-ACCT-SUB
5400,2025-01-00.000-0164-000,"Surface Planer","Hinoki Mac No. 0671",,01,1,65740.00,65740.00,,H,inoki,,,,"Marked: RPCPPE 2025 submitted to Accounting (2026-04-13)",RPCPPE2025-ACCT-SUB
5401,2025-01-00.000-0165-000,"Slip Metal Roller","1015x1.5 MC No. EM280789110 (Edwards)",,01,1,86976.00,86976.00,,,,,,,"Marked: RPCPPE 2025 submitted to Accounting (2026-04-13)",RPCPPE2025-ACCT-SUB
5402,2025-01-00.000-0166-000,"Squaring Shear","Edwards Pedicut TG416 (40"") MC#EB 150989155",,01,1,79488.00,79488.00,,E,dwards,,,,"Marked: RPCPPE 2025 submitted to Accounting (2026-04-13)",RPCPPE2025-ACCT-SUB
5403,2025-01-00.000-0167-000,"Slip Metal Roller","80x4 M/C cap mm 2030x100 (Edwards)",,01,1,122112.00,122112.00,,,,,,,"Marked: RPCPPE 2025 submitted to Accounting (2026-04-13)",RPCPPE2025-ACCT-SUB
5404,2025-01-00.000-0168-000,"Slip Metal Roller","80x3 M/C cap mm 2030x7/5 ES 0505890(Edwards)",,01,1,95040.00,95040.00,,,,,,,"Marked: RPCPPE 2025 submitted to Accounting (2026-04-13)",RPCPPE2025-ACCT-SUB
5405,2025-01-00.000-0169-000,Pugmill,"M-3 ""Nozzler"" M-2037 P4LM06 SN-2001.2850.101 Type R40 F-A 2021, CX-506 SANWA",,01,1,211360.75,211360.75,,M,3,,,,"Marked: RPCPPE 2025 submitted to Accounting (2026-04-13)",RPCPPE2025-ACCT-SUB
5406,2025-01-00.000-0170-000,"Valve Seat Cutter","Black & Decker SN:069-477 5200 RPM",,01,1,78000.00,78000.00,,B,lack,,,,"Marked: RPCPPE 2025 submitted to Accounting (2026-04-13)",RPCPPE2025-ACCT-SUB
5407,2025-01-00.000-0171-000,"Vacuum Pump","Rubinair 3/4HP M-15142; S/N: 902",,01,1,55000.00,55000.00,,R,ubinair,,,,"Marked: RPCPPE 2025 submitted to Accounting (2026-04-13)",RPCPPE2025-ACCT-SUB
5408,2025-01-00.000-0172-000,"Generator Set","106 KVA, 60Hz M-100 RFOZJ71, phase 3 voltage 120/240 Diesel ""KOHLER"" M4S9 SN: 379462",,01,1,835000.00,835000.00,,,,,,,"Marked: RPCPPE 2025 submitted to Accounting (2026-04-13)",RPCPPE2025-ACCT-SUB
5409,2025-01-00.000-0032-021,"Boiler Machine","10HP; NB-100; 28629 Vertical Type, Water tube; pressure atomizing w/ ancellaries",,01,1,420000.00,420000.00,,,,CMS,"College of Maritime Studies",,"Marked: RPCPPE 2025 submitted to Accounting (2026-04-13)",RPCPPE2025-ACCT-SUB
5410,2025-01-00.000-0033-021,Compressor,"Reconditioned; single state; HD Engine Drive 5HP (Mitsubishi)",,01,1,145000.00,145000.00,,R,econditioned,CMS,"College of Maritime Studies",,"Marked: RPCPPE 2025 submitted to Accounting (2026-04-13)",RPCPPE2025-ACCT-SUB
5411,2025-01-00.000-0173-000,"Double Bag Dust Collector","3HP M-IM525B SN:16213 (Taiwan)",,01,1,90000.00,90000.00,,,,,,,"Marked: RPCPPE 2025 submitted to Accounting (2026-04-13)",RPCPPE2025-ACCT-SUB
5412,2025-01-00.000-0034-021,"D.C. Motor","Reconditioned; 2 HP; 190 rpm",,01,1,70000.00,70000.00,,R,econditioned,CMS,"College of Maritime Studies",,"Marked: RPCPPE 2025 submitted to Accounting (2026-04-13)",RPCPPE2025-ACCT-SUB
5413,2025-01-00.000-0035-021,"D.C. Motor","Reconditioned; 2 HP; 190 rpm",,01,1,70000.00,70000.00,,R,econditioned,CMS,"College of Maritime Studies",,"Marked: RPCPPE 2025 submitted to Accounting (2026-04-13)",RPCPPE2025-ACCT-SUB
5414,2025-01-00.000-0036-021,"Overhead Crane","Reconditioned; with Hanger; 5 tons cap.",,01,1,65000.00,65000.00,,R,econditioned,CMS,"College of Maritime Studies",,"Marked: RPCPPE 2025 submitted to Accounting (2026-04-13)",RPCPPE2025-ACCT-SUB
5415,2025-01-00.000-0037-021,"Electric Metal Cutter","Japan, circular FW 30; 3 phase;with pedestal and wheels",,01,1,50000.00,50000.00,,J,apan,CMS,"College of Maritime Studies",,"Marked: RPCPPE 2025 submitted to Accounting (2026-04-13)",RPCPPE2025-ACCT-SUB
5416,2025-01-00.000-0174-000,"Sheet Metal Bender","Box & Pan; 8ft. (Lamaco)",,01,1,825000.00,825000.00,,B,ox,,,,"Marked: RPCPPE 2025 submitted to Accounting (2026-04-13)",RPCPPE2025-ACCT-SUB
5417,2025-01-00.000-0038-021,"Compressor Indicator Analyzer","Diesel Engine Japan",,01,1,145000.00,145000.00,,D,iesel,CMS,"College of Maritime Studies",,"Marked: RPCPPE 2025 submitted to Accounting (2026-04-13)",RPCPPE2025-ACCT-SUB
5418,2025-01-00.000-0039-021,"Limit Gauge",,,01,1,80000.00,80000.00,,,,CMS,"College of Maritime Studies",,"Marked: RPCPPE 2025 submitted to Accounting (2026-04-13)",RPCPPE2025-ACCT-SUB
5419,2025-01-00.000-0040-021,"Hydraulic Pump Direct Reading Differential","manually operated (for bending & pressing machine)",,01,1,130000.00,130000.00,,m,anually,CMS,"College of Maritime Studies",,"Marked: RPCPPE 2025 submitted to Accounting (2026-04-13)",RPCPPE2025-ACCT-SUB
5420,2025-01-00.000-0041-021,"Differential Pressure Indicator","Direct Reading USA",,01,1,90000.00,90000.00,,D,irect,CMS,"College of Maritime Studies",,"Marked: RPCPPE 2025 submitted to Accounting (2026-04-13)",RPCPPE2025-ACCT-SUB
5421,2025-01-00.000-0042-021,"Cooling System Master Kit","Cooling System Master Kit",,01,1,150000.00,150000.00,,C,ooling,CMS,"College of Maritime Studies",,"Marked: RPCPPE 2025 submitted to Accounting (2026-04-13)",RPCPPE2025-ACCT-SUB
5422,2025-01-00.000-0043-021,"Spring Resiliency Tester",Chatillon,,01,1,65000.00,65000.00,,C,hatillon,CMS,"College of Maritime Studies",,"Marked: RPCPPE 2025 submitted to Accounting (2026-04-13)",RPCPPE2025-ACCT-SUB
5423,2001-01-00.000-0001-021,"Oxygen Analyzer",USA,,01,1,200000.00,200000.00,2001-04-04,U,SA,CMS,"College of Maritime Studies",,"Marked: RPCPPE 2025 submitted to Accounting (2026-04-13)",RPCPPE2025-ACCT-SUB
5424,2025-01-00.000-0044-021,"Dual Actuator Control","Electro-Mechanical Rotary",,01,1,225000.00,225000.00,,E,lectro-Mechanical,CMS,"College of Maritime Studies",,"Marked: RPCPPE 2025 submitted to Accounting (2026-04-13)",RPCPPE2025-ACCT-SUB
5425,2025-01-00.000-0175-000,"A.C. Arc Welder (PDAF)","B-310; 300 amps.; Japan (Daiden)",,01,1,69950.00,69950.00,,B,310,,,,"Marked: RPCPPE 2025 submitted to Accounting (2026-04-13)",RPCPPE2025-ACCT-SUB
5426,2025-01-00.000-0176-000,"Battery Charger (PDAF)","Heavy duty; 75 amp.; wheel type; Italy (TELWIN)",,01,1,79000.00,79000.00,,H,eavy,,,"Conato, Alexis","Marked: RPCPPE 2025 submitted to Accounting (2026-04-13)",RPCPPE2025-ACCT-SUB
5427,2025-01-00.000-0177-000,"Battery Charger","75 amp; wheel type; Italy (TELWIN)",,01,1,79000.00,79000.00,,,,,,,"Marked: RPCPPE 2025 submitted to Accounting (2026-04-13)",RPCPPE2025-ACCT-SUB
5428,2025-01-00.000-0178-000,"Refrigerant Recovery Oil Filling","Model:lg-650; S/N:0482",,01,1,136000.00,136000.00,,M,odel:lg-650,,,,"Marked: RPCPPE 2025 submitted to Accounting (2026-04-13)",RPCPPE2025-ACCT-SUB
5429,2025-01-00.000-0031-032,"Function Generator","Brand: Gratten; Model: ATF20B; SN: AXH1607000567",,01,1,55000.00,55000.00,,B,rand:,CEA,"College of Engineering and Architecture","Vegafria, Christine","Marked: RPCPPE 2025 submitted to Accounting (2026-04-13)",RPCPPE2025-ACCT-SUB
5430,2025-01-00.000-0032-032,"Function Generator","Brand: Gratten; Model: ATF20B; SN: AXH1607000568",,01,1,55000.00,55000.00,,B,rand:,CEA,"College of Engineering and Architecture","Vegafria, Christine","Marked: RPCPPE 2025 submitted to Accounting (2026-04-13)",RPCPPE2025-ACCT-SUB
5431,2025-01-00.000-0033-032,"Function Generator","Brand: Gratten; Model: ATF20B; SN: AXH160700569",,01,1,55000.00,55000.00,,B,rand:,CEA,"College of Engineering and Architecture","Vegafria, Christine","Marked: RPCPPE 2025 submitted to Accounting (2026-04-13)",RPCPPE2025-ACCT-SUB
5432,2025-01-00.000-0034-032,"Function Generator","Brand: Gratten; Model: ATF20B; SN: AXH1607000570",,01,1,55000.00,55000.00,,B,rand:,CEA,"College of Engineering and Architecture","Vegafria, Christine","Marked: RPCPPE 2025 submitted to Accounting (2026-04-13)",RPCPPE2025-ACCT-SUB
5433,2025-01-00.000-0023-013,"Function Generator","Brand: Gratten; Model: ATF20B; SN: AXH160700564",,01,1,55000.00,55000.00,,B,rand:,CCS,"College of Computer Studies","Militante, Sammy","Marked: RPCPPE 2025 submitted to Accounting (2026-04-13)",RPCPPE2025-ACCT-SUB
5434,2025-01-00.000-0024-013,"Function Generator","Brand: Gratten; Model: ATF20B; SN: AXH1607000565",,01,1,55000.00,55000.00,,B,rand:,CCS,"College of Computer Studies","Militante, Sammy","Marked: RPCPPE 2025 submitted to Accounting (2026-04-13)",RPCPPE2025-ACCT-SUB
5435,2025-01-00.000-0179-000,"Function Generator","Brand: Gratten; Model: ATF20B; SN: AXH1607000563",,01,1,55000.00,55000.00,,B,rand:,,,"Francisco, Adrian","Marked: RPCPPE 2025 submitted to Accounting (2026-04-13)",RPCPPE2025-ACCT-SUB
5436,2025-01-00.000-0180-000,"Function Generator","Brand: Gratten; Model: ATF20B; SN: AXH1607000566",,01,1,55000.00,55000.00,,B,rand:,,,"Francisco, Adrian","Marked: RPCPPE 2025 submitted to Accounting (2026-04-13)",RPCPPE2025-ACCT-SUB
5437,2025-01-00.000-0035-032,"Assembly System","for rotating Electric Machines; DL: 10280; SN: 1201317.6",,01,1,657000.00,657000.00,,f,or,CEA,"College of Engineering and Architecture","Vegafria, Christine","Marked: RPCPPE 2025 submitted to Accounting (2026-04-13)",RPCPPE2025-ACCT-SUB
5438,2025-01-00.000-0036-032,"Power Supply Module","Origin: Italy; DL 100616; SN: 1301236.2",,01,1,464000.00,464000.00,,O,rigin:,CEA,"College of Engineering and Architecture","Vegafria, Christine","Marked: RPCPPE 2025 submitted to Accounting (2026-04-13)",RPCPPE2025-ACCT-SUB
5439,2025-01-00.000-0037-032,"Multifunction Digital Measuring System","Origin: Italy; DL 10060N; SN: 1303798.6",,01,1,342000.00,342000.00,,O,rigin:,CEA,"College of Engineering and Architecture","Vegafria, Christine","Marked: RPCPPE 2025 submitted to Accounting (2026-04-13)",RPCPPE2025-ACCT-SUB
5440,2025-01-00.000-0038-032,"Load and Rheostat","Origin: Italy; DL 10283; SN: 1303276.20",,01,1,217500.00,217500.00,,O,rigin:,CEA,"College of Engineering and Architecture","Vegafria, Christine","Marked: RPCPPE 2025 submitted to Accounting (2026-04-13)",RPCPPE2025-ACCT-SUB
5441,2025-01-00.000-0039-032,"Three Phase Transformer","Origin: Italy DL 10100; SN: 1601301.1",,01,1,76000.00,76000.00,,O,rigin:,CEA,"College of Engineering and Architecture","Vegafria, Christine","Marked: RPCPPE 2025 submitted to Accounting (2026-04-13)",RPCPPE2025-ACCT-SUB
5442,2025-01-00.000-0040-032,"Starting and Synchronozation Unit","Origin: Italy: DL: 10125; SN: 1500742.3.",,01,1,190500.00,190500.00,,O,rigin:,CEA,"College of Engineering and Architecture","Vegafria, Christine","Marked: RPCPPE 2025 submitted to Accounting (2026-04-13)",RPCPPE2025-ACCT-SUB
5443,2025-01-00.000-0041-032,"Locking and Rotatable Device","Origin: Italy: DL 10285; SN:1201322.5",,01,1,60000.00,60000.00,,O,rigin:,CEA,"College of Engineering and Architecture","Vegafria, Christine","Marked: RPCPPE 2025 submitted to Accounting (2026-04-13)",RPCPPE2025-ACCT-SUB
5444,2025-01-00.000-0042-032,"Electromagnetic Brake","Origin: Italy: DL 10300A; SN: 1401230.11",,01,1,326500.00,326500.00,,O,rigin:,CEA,"College of Engineering and Architecture","Vegafria, Christine","Marked: RPCPPE 2025 submitted to Accounting (2026-04-13)",RPCPPE2025-ACCT-SUB
5445,2025-01-00.000-0043-032,"Excitation and Power Supply for the brake","Origin: Italy",,01,1,127500.00,127500.00,,O,rigin:,CEA,"College of Engineering and Architecture","Vegafria, Christine","Marked: RPCPPE 2025 submitted to Accounting (2026-04-13)",RPCPPE2025-ACCT-SUB
5446,2025-01-00.000-0044-032,"Parallel Board","Origin: Italy: DL 10310; SN 1201323.28",,01,1,58000.00,58000.00,,O,rigin:,CEA,"College of Engineering and Architecture","Vegafria, Christine","Marked: RPCPPE 2025 submitted to Accounting (2026-04-13)",RPCPPE2025-ACCT-SUB
5447,2025-01-00.000-0045-032,"Mechanic Power Measuring Unit","Origin: Italy: DL 10050; SN: 1203954.4",,01,1,421500.00,421500.00,,O,rigin:,CEA,"College of Engineering and Architecture","Vegafria, Christine","Marked: RPCPPE 2025 submitted to Accounting (2026-04-13)",RPCPPE2025-ACCT-SUB
5448,2025-01-00.000-0181-000,"Commercial/conventional oven","with tank; 2 deck; 4 baking pan",,01,1,60000.00,60000.00,,w,ith,,,"Farparan, Lilian","Marked: RPCPPE 2025 submitted to Accounting (2026-04-13)",RPCPPE2025-ACCT-SUB
5449,2025-01-00.000-0014-009,"Commercial/conventional oven","with tank; 2 deck; 4 baking pan",,01,1,60000.00,60000.00,,w,ith,CBA,"College of Business Accountancy","Juson, Jaime","Marked: RPCPPE 2025 submitted to Accounting (2026-04-13)",RPCPPE2025-ACCT-SUB
5450,2025-01-00.000-0046-032,"Aircon & Refrigeration Trainer w/ Heat Pump",(XK-ZLZR1),,01,1,550000.00,550000.00,,(,XK-ZLZR1,CEA,"College of Engineering and Architecture","Vegafria, Christine","Marked: RPCPPE 2025 submitted to Accounting (2026-04-13)",RPCPPE2025-ACCT-SUB
5451,2025-01-00.000-0047-032,"Engineering Transit w/ Tripod and Stadia Rod",(UsewIndia),,01,1,175000.00,175000.00,,(,UsewIndia,CEA,"College of Engineering and Architecture","Vegafria, Christine","Marked: RPCPPE 2025 submitted to Accounting (2026-04-13)",RPCPPE2025-ACCT-SUB
5452,2025-01-00.000-0048-032,"Antenna Training System","Scientech SN: 10181810 with 1 unit Motorized Antenna Unit; SCIENCETECH 2261A; SN: 1018487",,01,1,250000.00,250000.00,,S,cientech,CEA,"College of Engineering and Architecture","Vegafria, Christine","Marked: RPCPPE 2025 submitted to Accounting (2026-04-13)",RPCPPE2025-ACCT-SUB
5453,2025-01-00.000-0049-032,"Total Station","- ATS120R; Sunway; SN:S04813",,01,1,500000.00,500000.00,,,,CEA,"College of Engineering and Architecture","Vegafria, Christine","Marked: RPCPPE 2025 submitted to Accounting (2026-04-13)",RPCPPE2025-ACCT-SUB
5454,2025-01-00.000-0010-025,"Generator Set","Silent Type, 500KVA/400KW Standby Power ; Diesel Engine Model: QSZ13-G3; Engine S/N: 93947608; Generator Model: LSC500S3-6 (LEES); SN: 202312091",,01,1,2650000.00,2650000.00,,S,ilent,GSU,"General Services Unit",,"Marked: RPCPPE 2025 submitted to Accounting (2026-04-13)",RPCPPE2025-ACCT-SUB
5455,2025-01-00.000-0182-000,"Oxidation Stability Reactor","VELP SCIENTIFICA - OXITEST SN: 708681(F30900248) with complete accessories includes.
*1 unit One Software compatible with main equipment USB cable 1.8mt with filter
*6 pc Sample Holders
*4 pcs Spacers
*1 High Temperature Sealing Grease O-Ring 3475 viton(DELTA OHM- Senseca HD2307.0 SN: 24013991
*1 pc IQ/OQ Manual
*1 set Complete Calibration Temperature Kit- A00000360
*1 unit AVR w/ slots for both PC & Equipment- STAVOL Model: ST-15000VA SN: S0404407; 15KVA
*1 tank O2 Tank (Purity= 5.0 grade, >20lbs capacity
*1 tank O2 Tank Regulator (Dual stage, capable of 0 to 8 bar pressure
*1 set PC with Printer- Intel Pentium Gold (HIP Tower Case) ACER Monitor SN: MMV0CSP001347028404HA1; Printer EPSON L14150 SN: X6QU062743",,01,1,2368782.00,2368782.00,,V,ELP,,,"Gadot, Jessebel","Marked: RPCPPE 2025 submitted to Accounting (2026-04-13)",RPCPPE2025-ACCT-SUB
5456,2025-05-00.000-0051-021,"Generating Set","w/ 2 automatic voltage regulator; 60 KVA; SN: WH1473WA01 (Meidensha)",,05,1,485000.00,485000.00,,w,/,CMS,"College of Maritime Studies",,"Marked: RPCPPE 2025 submitted to Accounting (2026-04-13)",RPCPPE2025-ACCT-SUB
5457,2025-05-00.000-0052-021,"Mooring Line Breided Rope","2"" diameter 100 meter",,05,1,70000.00,70000.00,,,,CMS,"College of Maritime Studies",,"Marked: RPCPPE 2025 submitted to Accounting (2026-04-13)",RPCPPE2025-ACCT-SUB
5458,2025-05-00.000-0053-021,"Mooring Line Breided Rope","2 1/2 dia.; 100 meters",,05,1,85000.00,85000.00,,,,CMS,"College of Maritime Studies",,"Marked: RPCPPE 2025 submitted to Accounting (2026-04-13)",RPCPPE2025-ACCT-SUB
5459,2025-05-00.000-0054-021,"Overhead Crane","16"" w x 16"" h; complete w/ roller",,05,1,90000.00,90000.00,,,,CMS,"College of Maritime Studies",,"Marked: RPCPPE 2025 submitted to Accounting (2026-04-13)",RPCPPE2025-ACCT-SUB
5460,2025-05-00.000-0055-021,Compressor,"2 stages; 15 HP engine (Japan)",,05,1,109000.00,109000.00,,,,CMS,"College of Maritime Studies",,"Marked: RPCPPE 2025 submitted to Accounting (2026-04-13)",RPCPPE2025-ACCT-SUB
5461,2025-05-00.000-0056-021,"Drill Press-Brass","Engineering; VCT-216; INDIA",,05,1,95000.00,95000.00,,E,ngineering,CMS,"College of Maritime Studies",,"Marked: RPCPPE 2025 submitted to Accounting (2026-04-13)",RPCPPE2025-ACCT-SUB
5462,2025-05-00.000-0057-021,"Cargo Block","5 tons cap.; Japan",,05,1,50000.00,50000.00,,,,CMS,"College of Maritime Studies",,"Marked: RPCPPE 2025 submitted to Accounting (2026-04-13)",RPCPPE2025-ACCT-SUB
5463,2025-05-00.000-0058-021,"Centrifugal Pump","3 HP; US (Sta-Rite) Model: C43L2EC15",,05,1,98000.00,98000.00,,,,CMS,"College of Maritime Studies",,"Marked: RPCPPE 2025 submitted to Accounting (2026-04-13)",RPCPPE2025-ACCT-SUB
5464,2025-05-00.000-0059-021,"Bore Gauge",US,,05,1,55000.00,55000.00,,U,S,CMS,"College of Maritime Studies",,"Marked: RPCPPE 2025 submitted to Accounting (2026-04-13)",RPCPPE2025-ACCT-SUB
5465,2025-05-00.000-0060-021,"Compressed Air Breathing Aparatus",,,05,1,75000.00,75000.00,,,,CMS,"College of Maritime Studies",,"Marked: RPCPPE 2025 submitted to Accounting (2026-04-13)",RPCPPE2025-ACCT-SUB
5466,2025-05-00.000-0061-021,"Displacement Pump","Screw Type",,05,1,60000.00,60000.00,,S,crew,CMS,"College of Maritime Studies",,"Marked: RPCPPE 2025 submitted to Accounting (2026-04-13)",RPCPPE2025-ACCT-SUB
5467,2025-05-00.000-0062-021,"Battery Charger","HD; 75 amps; wheel type; Italy (TELWIN)",,05,1,79000.00,79000.00,,H,D,CMS,"College of Maritime Studies","Samillano, Rowen","Marked: RPCPPE 2025 submitted to Accounting (2026-04-13)",RPCPPE2025-ACCT-SUB
5468,2025-05-00.000-0063-021,"Battery Charger","HD; 75 amps; wheel type; Italy (TELWIN)",,05,1,79000.00,79000.00,,H,D,CMS,"College of Maritime Studies","Samillano, Rowen","Marked: RPCPPE 2025 submitted to Accounting (2026-04-13)",RPCPPE2025-ACCT-SUB
5469,2025-05-00.000-0064-021,"Bilge Pump",Japan,,05,1,65000.00,65000.00,,J,apan,CMS,"College of Maritime Studies",,"Marked: RPCPPE 2025 submitted to Accounting (2026-04-13)",RPCPPE2025-ACCT-SUB
5470,2025-05-00.000-0065-021,"Maximum Pressure Indicator",Japan,,05,1,78750.00,78750.00,,J,apan,CMS,"College of Maritime Studies",,"Marked: RPCPPE 2025 submitted to Accounting (2026-04-13)",RPCPPE2025-ACCT-SUB
5471,2025-05-00.000-0066-021,Cooler,"Shell Tube Type",,05,1,99000.00,99000.00,,S,hell,CMS,"College of Maritime Studies",,"Marked: RPCPPE 2025 submitted to Accounting (2026-04-13)",RPCPPE2025-ACCT-SUB
5472,2025-05-00.000-0067-021,"Cooling System Pump",Reconditioned,,05,1,78000.00,78000.00,,R,econditioned,CMS,"College of Maritime Studies",,"Marked: RPCPPE 2025 submitted to Accounting (2026-04-13)",RPCPPE2025-ACCT-SUB
5473,2025-05-00.000-0068-021,"High Pressure water Pump","rotor shaft assembly",,05,1,99000.00,99000.00,,r,otor,CMS,"College of Maritime Studies",,"Marked: RPCPPE 2025 submitted to Accounting (2026-04-13)",RPCPPE2025-ACCT-SUB
5474,2025-05-00.000-0069-021,"Marine Safety Switch Box",Big,,05,1,54000.00,54000.00,,B,ig,CMS,"College of Maritime Studies",,"Marked: RPCPPE 2025 submitted to Accounting (2026-04-13)",RPCPPE2025-ACCT-SUB
5475,2025-05-00.000-0245-000,"Generator Set","18 KVA; Phase 1? RPM-1800 Cont.; 220/110V; 3 cylinder; Air cool, Model: PCL164F SN: 05021/01",,05,1,480000.00,480000.00,,,,,,"Francisco, Adrian","Marked: RPCPPE 2025 submitted to Accounting (2026-04-13)",RPCPPE2025-ACCT-SUB
5476,2025-05-00.000-0070-021,Man-Overboard,"Brand New; China",,05,2,224700.00,449400.00,,B,rand,CMS,"College of Maritime Studies",,"Marked: RPCPPE 2025 submitted to Accounting (2026-04-13)",RPCPPE2025-ACCT-SUB
5477,2025-05-00.000-0071-021,"Marine Dial Indicator",,,05,1,65000.00,65000.00,,,,CMS,"College of Maritime Studies",,"Marked: RPCPPE 2025 submitted to Accounting (2026-04-13)",RPCPPE2025-ACCT-SUB
5478,2025-05-00.000-0246-000,"Engineer's Transit","Japan Model: BD-3WV; sn: 941291",,05,1,87500.00,87500.00,,J,apan,,,"Abellon, Vincent","Marked: RPCPPE 2025 submitted to Accounting (2026-04-13)",RPCPPE2025-ACCT-SUB
5479,2025-05-00.000-0072-021,"Generator w/ Propeller Assembly",,,05,1,63000.00,63000.00,,,,CMS,"College of Maritime Studies",,"Marked: RPCPPE 2025 submitted to Accounting (2026-04-13)",RPCPPE2025-ACCT-SUB
5480,2025-05-00.000-0073-021,"Air Inflator",,,05,1,63000.00,63000.00,,,,CMS,"College of Maritime Studies",,"Marked: RPCPPE 2025 submitted to Accounting (2026-04-13)",RPCPPE2025-ACCT-SUB
5481,2025-05-00.000-0247-000,"Mackie Audio Mixer","CFC20; SN: PZ11068",,05,1,64500.00,64500.00,,C,FC20,,,,"Marked: RPCPPE 2025 submitted to Accounting (2026-04-13)",RPCPPE2025-ACCT-SUB
5482,2025-05-00.000-0248-000,"Hydraulic Press","50 tons cap blue; SN: 1122",,05,1,385000.00,385000.00,,,,,,,"Marked: RPCPPE 2025 submitted to Accounting (2026-04-13)",RPCPPE2025-ACCT-SUB
5483,2025-05-00.000-0017-032,Sieves,"# 200; 100; 80; 60; 40; 20; 10; 4",,05,1,150000.00,150000.00,,#,200,CEA,"College of Engineering and Architecture",,"Marked: RPCPPE 2025 submitted to Accounting (2026-04-13)",RPCPPE2025-ACCT-SUB
5484,2025-05-00.000-0249-000,"Hammer Drill","M: 8420V; 20mm; 3/4"" (Makita) Japan",,05,1,57550.00,57550.00,,M,8420V,,,"Abellon, Vincent","Marked: RPCPPE 2025 submitted to Accounting (2026-04-13)",RPCPPE2025-ACCT-SUB
5485,2025-05-00.000-0074-021,"Plate-Type Cooler","body number: XX201307140; Model: FCEBH30B; Philippines",,05,1,89500.00,89500.00,,b,ody,CMS,"College of Maritime Studies",,"Marked: RPCPPE 2025 submitted to Accounting (2026-04-13)",RPCPPE2025-ACCT-SUB
5486,2025-05-00.000-0075-021,Sextant,"GLH130-40 SN: 1391222",,05,1,87500.00,87500.00,,G,LH130-40,CMS,"College of Maritime Studies","Samillano, Rowen","Marked: RPCPPE 2025 submitted to Accounting (2026-04-13)",RPCPPE2025-ACCT-SUB
5487,2025-05-00.000-0076-021,Sextant,"GLH130-40 SN: 1390933",,05,1,87500.00,87500.00,,G,LH130-40,CMS,"College of Maritime Studies","Samillano, Rowen","Marked: RPCPPE 2025 submitted to Accounting (2026-04-13)",RPCPPE2025-ACCT-SUB
5488,2025-05-00.000-0077-021,Sextant,"GLH130-40 SN: 0112598",,05,1,87500.00,87500.00,,G,LH130-40,CMS,"College of Maritime Studies","Samillano, Rowen","Marked: RPCPPE 2025 submitted to Accounting (2026-04-13)",RPCPPE2025-ACCT-SUB
5489,2025-05-00.000-0250-000,"RACK ENCLOSURE","for server; EQUIPMENT 19""",,05,1,80000.00,80000.00,,f,or,,,,"Marked: RPCPPE 2025 submitted to Accounting (2026-04-13)",RPCPPE2025-ACCT-SUB
5490,2025-05-00.000-0251-000,"Sewing Machine","High speed, JUKI brand 1/3HP SN: 16030005",,05,1,53500.00,53500.00,,H,igh,,,,"Marked: RPCPPE 2025 submitted to Accounting (2026-04-13)",RPCPPE2025-ACCT-SUB
5491,2025-05-00.000-0252-000,"Sewing Machine","M:DDL8700 Juki brand; Asahi Motor S/N: TH175821299",,05,1,50000.00,50000.00,,M,DDL8700,,,,"Marked: RPCPPE 2025 submitted to Accounting (2026-04-13)",RPCPPE2025-ACCT-SUB
5492,2025-05-00.000-0253-000,"Sewing Machine","M:DDL8700 Juki brand; Asahi Motor S/N: TH160803760",,05,1,50000.00,50000.00,,M,DDL8700,,,,"Marked: RPCPPE 2025 submitted to Accounting (2026-04-13)",RPCPPE2025-ACCT-SUB
5493,2025-05-00.000-0078-021,Boiler,"K-200M;Once Through type SN: 161104301",,05,1,1088161.00,1088161.00,,K,200M,CMS,"College of Maritime Studies",,"Marked: RPCPPE 2025 submitted to Accounting (2026-04-13)",RPCPPE2025-ACCT-SUB
5494,2025-05-00.000-0254-000,"Drum Set","Yamaha Gig maker 18"" x 22"" bass Drum, 6.5"" x 14 Snare drum; 8"" x 10"" x 8"" x 12"" & 14"" x 14"" Tom tom; 14"" x 16"" Floor Tom",,05,1,64000.00,64000.00,,Y,amaha,,,"Sandoy, Shella","Marked: RPCPPE 2025 submitted to Accounting (2026-04-13)",RPCPPE2025-ACCT-SUB
5495,2025-05-00.000-0079-021,"Oil Separator",,,05,1,94080.00,94080.00,,,,CMS,"College of Maritime Studies","Samillano, Rowen","Marked: RPCPPE 2025 submitted to Accounting (2026-04-13)",RPCPPE2025-ACCT-SUB
5496,2025-05-00.000-0080-021,"Centrifugal Separator",Purifier,,05,1,716800.00,716800.00,,P,urifier,CMS,"College of Maritime Studies","Samillano, Rowen","Marked: RPCPPE 2025 submitted to Accounting (2026-04-13)",RPCPPE2025-ACCT-SUB
5497,2025-05-00.000-0081-021,Breaker,"KOTEN Triple Pole; Single Throw 1000Amps;",,05,1,77795.00,77795.00,,K,OTEN,CMS,"College of Maritime Studies","Samillano, Rowen","Marked: RPCPPE 2025 submitted to Accounting (2026-04-13)",RPCPPE2025-ACCT-SUB
5498,2025-05-00.000-0255-000,"Pipe Threader","1/2"" to 2"" dia (Ridgid)",,05,1,90272.00,90272.00,,,,,,,"Marked: RPCPPE 2025 submitted to Accounting (2026-04-13)",RPCPPE2025-ACCT-SUB
5499,2025-05-00.000-0082-021,"Lathe Machine","BRAND: Wurkton, Model: BL6230, Heavy Duty (GAP Bed Lathe) 305mm Swing over bed, SN: 0480",,05,1,345000.00,345000.00,,B,RAND:,CMS,"College of Maritime Studies","Samillano, Rowen","Marked: RPCPPE 2025 submitted to Accounting (2026-04-13)",RPCPPE2025-ACCT-SUB
5500,2025-05-00.000-0083-021,"Lathe Machine","BRAND: Wurkton, Model: BL6230, Heavy Duty (GAP Bed Lathe) 305mm Swing over bed, SN: 0484",,05,1,345000.00,345000.00,,B,RAND:,CMS,"College of Maritime Studies","Samillano, Rowen","Marked: RPCPPE 2025 submitted to Accounting (2026-04-13)",RPCPPE2025-ACCT-SUB
5501,2025-05-00.000-0256-000,"Thickness Planer","Motor Power- 5Hp 220V 3 phase 60 hrtz; Table area- 540mmx900mm; cutterhead dia 120mm; number of knives 4",,05,1,278000.00,278000.00,,M,otor,,,,"Marked: RPCPPE 2025 submitted to Accounting (2026-04-13)",RPCPPE2025-ACCT-SUB
5502,2025-05-00.000-0257-000,"Circular Saw","with sliding table; Model: TC-14; Motor: 3 phase, 3 hp, 60hz, 220 volts; rated input power - 1200/1350 W; Blade- Circular saw 14"" dia 1""bore x 80-",,05,1,398000.00,398000.00,,w,ith,,,,"Marked: RPCPPE 2025 submitted to Accounting (2026-04-13)",RPCPPE2025-ACCT-SUB
5503,2025-05-00.000-0258-000,"Bamboo Engraving Machine","CNC Laser Machine Model: ZGD-4060 SN: R2024012311",,05,1,680000.00,680000.00,,C,NC,,,,"Marked: RPCPPE 2025 submitted to Accounting (2026-04-13)",RPCPPE2025-ACCT-SUB
5504,2025-05-00.000-0006-025,"ECB (Enclosed Circuit Breaker)","1200AT, 3P, 230V, 60Hz, 85kaic, bolt on MCCB type NEMA3R; GE",,05,1,105300.00,105300.00,,,,GSU,"General Services Unit",,"Marked: RPCPPE 2025 submitted to Accounting (2026-04-13)",RPCPPE2025-ACCT-SUB
5505,2025-05-00.000-0007-025,"ECB (Enclosed Circuit Breaker)","1200AT, 3P, 230V, 60Hz, 85kaic, bolt on MCCB type NEMA3R; GE",,05,1,105300.00,105300.00,,,,GSU,"General Services Unit",,"Marked: RPCPPE 2025 submitted to Accounting (2026-04-13)",RPCPPE2025-ACCT-SUB
5506,2025-05-00.000-0008-025,"MTS (Manual Transfer Switch)","1200AT, 3P, 230V, 60Hz, 85kaic, bolt on MCCB type NEMA3R; GE",,05,1,222300.00,222300.00,,,,GSU,"General Services Unit",,"Marked: RPCPPE 2025 submitted to Accounting (2026-04-13)",RPCPPE2025-ACCT-SUB
5507,2025-05-00.000-0009-025,"Panel Board","1200AT Main, 3P, 230V, 60Hz, Bolt on 3 branches (700AT 3P, 550AT 3P, 450AT 3P), NEMA3R",,05,1,52650.00,52650.00,,,,GSU,"General Services Unit",,"Marked: RPCPPE 2025 submitted to Accounting (2026-04-13)",RPCPPE2025-ACCT-SUB
5508,2025-05-00.000-0010-025,"Panel Board","1200AT Main, 3P, 230V, 60Hz, Bolt on 3 branches (750AT 3P, 550AT 3P, 450AT 3P), NEMA3R",,05,1,52650.00,52650.00,,,,GSU,"General Services Unit",,"Marked: RPCPPE 2025 submitted to Accounting (2026-04-13)",RPCPPE2025-ACCT-SUB
5509,2025-05-00.000-0011-025,"Circuit Breaker","1200AT, 3P, 230V, 60Hz, 85kaic, bolt on MCCB type circuit; GE",,05,2,121680.00,243360.00,,,,GSU,"General Services Unit",,"Marked: RPCPPE 2025 submitted to Accounting (2026-04-13)",RPCPPE2025-ACCT-SUB
5510,2025-05-00.000-0084-021,"Chain Block","15 tons; 10 meters- HOYOMA",,05,1,55000.00,55000.00,,,,CMS,"College of Maritime Studies",,"Marked: RPCPPE 2025 submitted to Accounting (2026-04-13)",RPCPPE2025-ACCT-SUB
5511,2025-05-00.000-0004-011,"Express Espresso Machine","beans to espresso in under a minute; create great tasting espresso in less than a minute; grind the beans right before extraction; interchangeable filters; dose control grinding; micro foam milk texturing; grind size dial; hands free operation  BREVILLE Model: BES870/E SN: 24-1218-073BES870",,05,1,68500.00,68500.00,,b,eans,CIT,"College of Industrial Technology","Francisco, Adrian","Marked: RPCPPE 2025 submitted to Accounting (2026-04-13)",RPCPPE2025-ACCT-SUB
5512,2025-05-00.000-0004-046,"Floor Polisher","16"", with bumper, 1 m adjustable stainless tube, 13.5 m royal cord 3/4 hp, 220V 60 Cycles 175 RPM, 0.559kw/559 Watts; WILSON SN: 071624424",,05,1,65575.28,65575.28,,,,CUL,"Cultural Unit","Vego, Wilma","Marked: RPCPPE 2025 submitted to Accounting (2026-04-13)",RPCPPE2025-ACCT-SUB
5513,2025-07-00.000-0002-000,Refrigerator,"Fujidenzo- Model: INR-825, SN: INR-82S221001865",,07,1,58272.00,58272.00,,F,ujidenzo-,,,"Gadot, Jessebel","Marked: RPCPPE 2025 submitted to Accounting (2026-04-13)",RPCPPE2025-ACCT-SUB
5514,2025-06-00.000-0001-055,"Olympic Floatlane","50 meters per set with self-tensioner",,06,4,86860.00,347440.00,,,,BOU,"Business Operations Unit",,"Marked: RPCPPE 2025 submitted to Accounting (2026-04-13)",RPCPPE2025-ACCT-SUB
5515,1970-01-04.990-0001-031,Reservoir,"Back of Administration 
40 sq.m., 3,830 gal. cap.",1.06.04.990.00,01,1,50000.00,50000.00,1970-01-01,B,ack,SPM,"Supply and Property Management Unit",,"Marked: RPCPPE 2025 submitted to Accounting (2026-04-13)",RPCPPE2025-ACCT-SUB
5516,2025-01-04.990-0001-031,"Executive House (Cottage)","1-storey; 119 sq. m.",1.06.04.990.00,01,1,250763.28,250763.28,,,,SPM,"Supply and Property Management Unit",,"Marked: RPCPPE 2025 submitted to Accounting (2026-04-13)",RPCPPE2025-ACCT-SUB
5517,2025-01-04.990-0002-031,"College Dormitory","2-storey; 418.44 sq. m.",1.06.04.990.00,01,1,296375.00,296375.00,,,,SPM,"Supply and Property Management Unit",,"Marked: RPCPPE 2025 submitted to Accounting (2026-04-13)",RPCPPE2025-ACCT-SUB
5518,2025-01-04.990-0003-031,"College Grandstand","1,083.10 sq. m.",1.06.04.990.00,01,1,729000.00,729000.00,,,,SPM,"Supply and Property Management Unit",,"Marked: RPCPPE 2025 submitted to Accounting (2026-04-13)",RPCPPE2025-ACCT-SUB
5519,2025-01-04.990-0004-031,"Student Comfort Room","48 sq. m.",1.06.04.990.00,01,1,150000.00,150000.00,,,,SPM,"Supply and Property Management Unit",,"Marked: RPCPPE 2025 submitted to Accounting (2026-04-13)",RPCPPE2025-ACCT-SUB
5520,2025-05-04.010-0010-031,"Mini Hotel & Tourism Center","2-storey, 806.72 sq.m.",1.06.04.010.00,05,1,3938499.85,3938499.85,,,,SPM,"Supply and Property Management Unit",,"Marked: RPCPPE 2025 submitted to Accounting (2026-04-13)",RPCPPE2025-ACCT-SUB
5521,2025-05-04.010-0011-031,"Guard House - Main Gate","1-storey; 7.87sq.m.",1.06.04.010.00,05,1,74521.00,74521.00,,,,SPM,"Supply and Property Management Unit",,"Marked: RPCPPE 2025 submitted to Accounting (2026-04-13)",RPCPPE2025-ACCT-SUB
5522,2025-01-04.990-0005-031,"Comfort Room & Powder Room","1-storey, 57.72 sq.m.",1.06.04.990.00,01,1,896496.29,896496.29,,,,SPM,"Supply and Property Management Unit",,"Marked: RPCPPE 2025 submitted to Accounting (2026-04-13)",RPCPPE2025-ACCT-SUB
5523,2025-01-04.990-0006-031,"TLRC Gate & Guard House","1-storey; 8.64 sq.m.",1.06.04.990.00,01,1,416983.45,416983.45,,,,SPM,"Supply and Property Management Unit",,"Marked: RPCPPE 2025 submitted to Accounting (2026-04-13)",RPCPPE2025-ACCT-SUB
5524,2025-05-04.010-0012-031,"UA Victor's Arc with fountain and pump room","843.14 sq.m.",1.06.04.010.00,05,1,1781988.09,1781988.09,,,,SPM,"Supply and Property Management Unit",,"Marked: RPCPPE 2025 submitted to Accounting (2026-04-13)",RPCPPE2025-ACCT-SUB
5525,2025-01-04.990-0007-031,"Rehabilitation of Football Field and Construction of Perimeter Fence","movable steel fence, 910.1856 sq.m.",1.06.04.990.00,01,1,886269.97,886269.97,,m,ovable,SPM,"Supply and Property Management Unit",,"Marked: RPCPPE 2025 submitted to Accounting (2026-04-13)",RPCPPE2025-ACCT-SUB
5526,2025-01-04.990-0008-031,Flagpole,"4 units",1.06.04.990.00,01,1,88551.89,88551.89,,,,SPM,"Supply and Property Management Unit",,"Marked: RPCPPE 2025 submitted to Accounting (2026-04-13)",RPCPPE2025-ACCT-SUB
5527,2025-01-04.990-0009-031,Stage,"100 sq.m.",1.06.04.990.00,01,1,964445.21,964445.21,,,,SPM,"Supply and Property Management Unit",,"Marked: RPCPPE 2025 submitted to Accounting (2026-04-13)",RPCPPE2025-ACCT-SUB
5528,2025-01-04.990-0010-031,"Grand Stand-UA Field","463.7 sq.m.",1.06.04.990.00,01,1,1765893.19,1765893.19,,,,SPM,"Supply and Property Management Unit",,"Marked: RPCPPE 2025 submitted to Accounting (2026-04-13)",RPCPPE2025-ACCT-SUB
5529,2025-05-04.010-0013-031,"Teknu Kafe",157sq.m.,1.06.04.010.00,05,1,989777.05,989777.05,,,,SPM,"Supply and Property Management Unit",,"Marked: RPCPPE 2025 submitted to Accounting (2026-04-13)",RPCPPE2025-ACCT-SUB
5530,2025-01-04.990-0011-031,"Pavement of Quadrangle-caluya","366.2237 sq.m.",1.06.04.990.00,01,1,424618.19,424618.19,,,,SPM,"Supply and Property Management Unit",,"Marked: RPCPPE 2025 submitted to Accounting (2026-04-13)",RPCPPE2025-ACCT-SUB
5531,2025-05-04.010-0014-031,"UA Victor's Arc Pathwalk",843.14sq.m.,1.06.04.010.00,05,1,359120.00,359120.00,,,,SPM,"Supply and Property Management Unit",,"Marked: RPCPPE 2025 submitted to Accounting (2026-04-13)",RPCPPE2025-ACCT-SUB
5532,2025-01-04.990-0012-031,"Traditional Knowledge Center","2,160 sq.m.",1.06.04.990.00,01,1,19943587.13,19943587.13,,,,SPM,"Supply and Property Management Unit",,"Marked: RPCPPE 2025 submitted to Accounting (2026-04-13)",RPCPPE2025-ACCT-SUB
5533,2025-05-04.010-0015-031,"Traditional Knowledge Center-Phase II (Stage)","152.832 sq.m.",1.06.04.010.00,05,1,949189.94,949189.94,,,,SPM,"Supply and Property Management Unit",,"Marked: RPCPPE 2025 submitted to Accounting (2026-04-13)",RPCPPE2025-ACCT-SUB
5534,2025-05-04.010-0016-031,"Bamboo Park Project","384.65 sq.m",1.06.04.010.00,05,1,497155.30,497155.30,,,,SPM,"Supply and Property Management Unit",,"Marked: RPCPPE 2025 submitted to Accounting (2026-04-13)",RPCPPE2025-ACCT-SUB
5535,2025-05-04.010-0017-031,"Traditional Knowledge Center-Phase III (Stage)","314.441 sq.m.",1.06.04.010.00,05,1,3453437.89,3453437.89,,,,SPM,"Supply and Property Management Unit",,"Marked: RPCPPE 2025 submitted to Accounting (2026-04-13)",RPCPPE2025-ACCT-SUB
5536,2025-05-04.010-0018-031,"Traditional Knowledge Center-Phase IV (Stage)","314.441 sq.m.",1.06.04.010.00,05,1,930091.88,930091.88,,,,SPM,"Supply and Property Management Unit",,"Marked: RPCPPE 2025 submitted to Accounting (2026-04-13)",RPCPPE2025-ACCT-SUB
5537,2025-05-04.010-0019-031,"Construction of Covered Walkway Libertad Extension Campus","135 sq.m.",1.06.04.010.00,05,1,262691.45,262691.45,,,,SPM,"Supply and Property Management Unit",,"Marked: RPCPPE 2025 submitted to Accounting (2026-04-13)",RPCPPE2025-ACCT-SUB
5538,2025-05-04.010-0020-031,"Carwash, Auto Electrical Tune up and Vulcanizing Area -COT Laboratory","40.58 sq.m.",1.06.04.010.00,05,1,593803.94,593803.94,,,,SPM,"Supply and Property Management Unit",,"Marked: RPCPPE 2025 submitted to Accounting (2026-04-13)",RPCPPE2025-ACCT-SUB
5539,2024-05-04.010-0001-031,"Construction of Motor Pool","298.45 sq.m.",1.06.04.010.00,05,1,1900384.00,1900384.00,2024-01-04,,,SPM,"Supply and Property Management Unit",,"Marked: RPCPPE 2025 submitted to Accounting (2026-04-13)",RPCPPE2025-ACCT-SUB
5540,2025-05-04.010-0021-031,"Construction of Motor Pool Phase II","178.59 sq. m.",1.06.04.010.00,05,1,593368.82,593368.82,,,,SPM,"Supply and Property Management Unit",,"Marked: RPCPPE 2025 submitted to Accounting (2026-04-13)",RPCPPE2025-ACCT-SUB
5541,2025-05-04.010-0022-031,"Construction of Canopy","118.356 sq. m.",1.06.04.010.00,05,1,896924.04,896924.04,,,,SPM,"Supply and Property Management Unit",,"Marked: RPCPPE 2025 submitted to Accounting (2026-04-13)",RPCPPE2025-ACCT-SUB
5542,2025-05-04.010-0023-031,"Construction of Multi-Purpose Stage @ Libertad Campus","157 sq.m.",1.06.04.010.00,05,1,740905.21,740905.21,,,,SPM,"Supply and Property Management Unit",,"Marked: RPCPPE 2025 submitted to Accounting (2026-04-13)",RPCPPE2025-ACCT-SUB
5543,2025-05-04.010-0024-031,"Water Borehole Drilling",,1.06.04.010.00,05,1,560724.24,560724.24,,,,SPM,"Supply and Property Management Unit",,"Marked: RPCPPE 2025 submitted to Accounting (2026-04-13)",RPCPPE2025-ACCT-SUB
5544,2025-05-04.010-0025-031,"Construction of Traditional Knowledge cum Evacuation Center Phase V (dressing Areaa & Comfort rooms)","186.3725 sq.m.",1.06.04.010.00,05,0,994061.15,0.00,,,,SPM,"Supply and Property Management Unit",,"Marked: RPCPPE 2025 submitted to Accounting (2026-04-13)",RPCPPE2025-ACCT-SUB
5545,2025-05-04.010-0026-031,"Payment for the Construction of Powerhouse for Generator Set NO.2","30.6 Sq.m. 1storey bldg",1.06.04.010.00,05,0,900898.90,0.00,,,,SPM,"Supply and Property Management Unit",,"Marked: RPCPPE 2025 submitted to Accounting (2026-04-13)",RPCPPE2025-ACCT-SUB
5546,2025-05-04.010-0027-031,"Construction of Phase II of Multi-Purpose Stage with Canal","retaining wall- 15.5m, drainage- 32m, backstage- 105 sq.m",1.06.04.010.00,05,0,534094.05,0.00,,r,etaining,SPM,"Supply and Property Management Unit",,"Marked: RPCPPE 2025 submitted to Accounting (2026-04-13)",RPCPPE2025-ACCT-SUB
5547,2025-05-04.010-0028-031,"Construction of Sports Training Center Phase III (pump room)","41.5 sq.m.",1.06.04.010.00,05,0,249165.76,0.00,2025-04-14,,,SPM,"Supply and Property Management Unit",,"Marked: RPCPPE 2025 submitted to Accounting (2026-04-13)",RPCPPE2025-ACCT-SUB
5548,2025-05-04.010-0029-031,"Construction of Sports Training Center Phase IV (bleachers)","612.5 sq.m.",1.06.04.010.00,05,0,997778.01,0.00,2025-04-14,,,SPM,"Supply and Property Management Unit",,"Marked: RPCPPE 2025 submitted to Accounting (2026-04-13)",RPCPPE2025-ACCT-SUB
5549,2023-05-00.000-0001-031,"20KVA Floor Mounted AVR","3phase, 220V, 60Hz, Brand: Chint",,05,1,84000.00,84000.00,2023-01-10,,,SPM,"Supply and Property Management Unit",,"Marked: RPCPPE 2025 submitted to Accounting (2026-04-13)",RPCPPE2025-ACCT-SUB
5550,2025-05-00.000-0012-031,"Construction of Transformer Pad",,,05,1,199644.92,199644.92,,,,SPM,"Supply and Property Management Unit",,"Marked: RPCPPE 2025 submitted to Accounting (2026-04-13)",RPCPPE2025-ACCT-SUB
5551,2025-05-00.000-0013-031,Transformer,"250KVA, 1 Phase",,05,1,500000.00,500000.00,,,,SPM,"Supply and Property Management Unit",,"Marked: RPCPPE 2025 submitted to Accounting (2026-04-13)",RPCPPE2025-ACCT-SUB
5552,2025-05-00.000-0014-031,Transformer,"250KVA, 1 Phase",,05,1,500000.00,500000.00,,,,SPM,"Supply and Property Management Unit",,"Marked: RPCPPE 2025 submitted to Accounting (2026-04-13)",RPCPPE2025-ACCT-SUB
5553,2025-05-00.000-0015-031,Transformer,"250KVA, 1 Phase",,05,1,500000.00,500000.00,,,,SPM,"Supply and Property Management Unit",,"Marked: RPCPPE 2025 submitted to Accounting (2026-04-13)",RPCPPE2025-ACCT-SUB
5554,2025-05-00.000-0016-031,Breaker,"Nema1, 1600AT, 3P, 230V, 60Hz",,05,1,238300.00,238300.00,,N,ema1,SPM,"Supply and Property Management Unit",,"Marked: RPCPPE 2025 submitted to Accounting (2026-04-13)",RPCPPE2025-ACCT-SUB
5555,2025-05-00.000-0017-031,"Transformer Installation & Materials","3 units- 250KVA",,05,1,501868.35,501868.35,,,,SPM,"Supply and Property Management Unit",,"Marked: RPCPPE 2025 submitted to Accounting (2026-04-13)",RPCPPE2025-ACCT-SUB
5556,2025-05-00.000-0018-031,"3 Phase primary line extension and transformer banking at Power Plant","Consist of: I.Primary/ Secondary line materials including labor;Transformer & Accessories; Testing of transformer (6 x 100-KVA); transformer retirement 3 unit, installation 6 unit, banking unit (100KVA)",,05,1,325869.94,325869.94,,C,onsist,SPM,"Supply and Property Management Unit",,"Marked: RPCPPE 2025 submitted to Accounting (2026-04-13)",RPCPPE2025-ACCT-SUB
5557,2025-05-00.000-0019-031,"Feeder line","Installation of Feeder line and relocation of power supply in the admin building",,05,1,1416881.36,1416881.36,,I,nstallation,SPM,"Supply and Property Management Unit",,"Marked: RPCPPE 2025 submitted to Accounting (2026-04-13)",RPCPPE2025-ACCT-SUB
5558,2025-05-00.000-0020-031,"Generator Set","Silent Type, 500KVA/400KW Standby Power ; Diesel Engine Model: QSZ13-G3; Engine S/N: 93947608; Generator Model: LSC500S3-6 (LEES); SN: 202312091",,05,1,2650000.00,2650000.00,,S,ilent,SPM,"Supply and Property Management Unit",,"Marked: RPCPPE 2025 submitted to Accounting (2026-04-13)",RPCPPE2025-ACCT-SUB
5559,2025-01-00.000-0183-031,"Lamp Post w/ Solar Powered Lights","Installation of 33 units Lamp Posts w/ solar powered light",,01,1,658000.00,658000.00,,I,nstallation,SPM,"Supply and Property Management Unit",,"Marked: RPCPPE 2025 submitted to Accounting (2026-04-13)",RPCPPE2025-ACCT-SUB
5560,2025-01-00.000-0184-031,"Lamp Post w/ Solar Powered Lights","Installation of additional 17 units Lamp Posts w/ solar powered light",,01,1,344000.00,344000.00,,I,nstallation,SPM,"Supply and Property Management Unit",,"Marked: RPCPPE 2025 submitted to Accounting (2026-04-13)",RPCPPE2025-ACCT-SUB
5561,2025-01-00.000-0185-031,"Power System & Installation","Installation of transformer, generator set (Libertad Extension) and rehabilitation fo electrical system (Phase-2,Main Campus)",,01,1,1456170.92,1456170.92,,I,nstallation,SPM,"Supply and Property Management Unit",,"Marked: RPCPPE 2025 submitted to Accounting (2026-04-13)",RPCPPE2025-ACCT-SUB
5562,2025-01-00.000-0186-031,Transformer,"75KVA, 1 phase, 120/240V, 7620/12300, 60Hz, branded with complete accessories with testing and other necessary tools and materials needed for testing; GMD",,01,1,510000.00,510000.00,,,,SPM,"Supply and Property Management Unit","Vedeja, Josephine","Marked: RPCPPE 2025 submitted to Accounting (2026-04-13)",RPCPPE2025-ACCT-SUB
5563,2025-01-00.000-0187-031,Transformer,"75KVA, 1 phase, 120/240V, 7620/12300, 60Hz, branded with complete accessories with testing and other necessary tools and materials needed for testing; GMD",,01,1,1200000.00,1200000.00,,,,SPM,"Supply and Property Management Unit","Vedeja, Josephine","Marked: RPCPPE 2025 submitted to Accounting (2026-04-13)",RPCPPE2025-ACCT-SUB
5564,2025-01-00.000-0188-031,ATS,"AUTOMATIC TRANSFER SWITCH-1250AT, 3 phase, molded case circuit breaker, draw out type, 65kaic, 240V MEMA3R; GMD",,01,1,410000.00,410000.00,,A,UTOMATIC,SPM,"Supply and Property Management Unit","Vedeja, Josephine","Marked: RPCPPE 2025 submitted to Accounting (2026-04-13)",RPCPPE2025-ACCT-SUB
5565,2025-01-00.000-0189-031,Transformer,"15KVA, dry type floor mounted, 3 phase, 220V output, 60Hz with complete accessories and with testing and commissioning; GMD",,01,1,110000.00,110000.00,,,,SPM,"Supply and Property Management Unit","Vedeja, Josephine","Marked: RPCPPE 2025 submitted to Accounting (2026-04-13)",RPCPPE2025-ACCT-SUB
5566,2025-05-00.000-0021-031,"University Power Distribution System","Phase 1, DIESEL Generator set, KiKio KOC200X-III, 200KVA SN: K240915001: Zgenpower",,05,1,6470785.67,6470785.67,,P,hase,SPM,"Supply and Property Management Unit",,"Marked: RPCPPE 2025 submitted to Accounting (2026-04-13)",RPCPPE2025-ACCT-SUB
5567,2024-05-00.000-0003-031,"Rewiring at Second Floor of the Technology Building",,,05,1,1972658.89,1972658.89,2024-12-16,,,SPM,"Supply and Property Management Unit",,"Marked: RPCPPE 2025 submitted to Accounting (2026-04-13)",RPCPPE2025-ACCT-SUB
5568,1955-05-04.020-0001-031,"Lib. & Academic Affairs Bldg.","Library & classrooms, 2 storey area, 2,581.2 sq.m., western portion
1,701.12 sq.m.",1.06.04.020.00,05,1,906457.82,906457.82,1955-11-01,L,ibrary,SPM,"Supply and Property Management Unit",,"Marked: RPCPPE 2025 submitted to Accounting (2026-04-13)",RPCPPE2025-ACCT-SUB
5569,2025-05-04.020-0001-031,"New Gen. Education Bldg.","2-storey building, 1701.12 sq.m.",1.06.04.020.00,05,1,17371066.10,17371066.10,,,,SPM,"Supply and Property Management Unit",,"Marked: RPCPPE 2025 submitted to Accounting (2026-04-13)",RPCPPE2025-ACCT-SUB
5570,2025-01-04.020-0001-031,"Technology Building","3- storey; 3,607.29 sq.m., 22 rooms",1.06.04.020.00,01,1,5780704.77,5780704.77,,,,SPM,"Supply and Property Management Unit",,"Marked: RPCPPE 2025 submitted to Accounting (2026-04-13)",RPCPPE2025-ACCT-SUB
5571,2025-01-04.020-0002-031,"Old Science Building","2-storey; 2,983.20 sq.m., 26 rooms",1.06.04.020.00,01,1,7715545.34,7715545.34,,,,SPM,"Supply and Property Management Unit",,"Marked: RPCPPE 2025 submitted to Accounting (2026-04-13)",RPCPPE2025-ACCT-SUB
5572,2025-01-04.020-0003-031,E-Building,"2-Storey; Girls Trade Building (895.83 sq.m.) , Furn. & Cabinet Making Bldg. (882.48 sq. m.), Automotive Building (890.99 sq. m.), Computer Building (1,794.85 sq. m.)- repaired area(1,049.86 sq.m)- 5/10/2024",1.06.04.020.00,01,1,21412545.69,21412545.69,,,,SPM,"Supply and Property Management Unit",,"Marked: RPCPPE 2025 submitted to Accounting (2026-04-13)",RPCPPE2025-ACCT-SUB
5573,2025-05-04.020-0002-031,"College Gym","1,763.075 sq. m.",1.06.04.020.00,05,1,4657208.98,4657208.98,,,,SPM,"Supply and Property Management Unit",,"Marked: RPCPPE 2025 submitted to Accounting (2026-04-13)",RPCPPE2025-ACCT-SUB
5574,2025-05-04.020-0003-031,"Medical/Dental Clinic","50.40 sq.m.",1.06.04.020.00,05,1,235000.00,235000.00,,,,SPM,"Supply and Property Management Unit",,"Marked: RPCPPE 2025 submitted to Accounting (2026-04-13)",RPCPPE2025-ACCT-SUB
5575,2025-05-04.020-0004-031,"Marine Building","486.695 sq. m.",1.06.04.020.00,05,1,721002.00,721002.00,,,,SPM,"Supply and Property Management Unit",,"Marked: RPCPPE 2025 submitted to Accounting (2026-04-13)",RPCPPE2025-ACCT-SUB
5576,2025-01-04.020-0004-031,"Mock Bridge","2 storey; 101.432 sq. m.",1.06.04.020.00,01,1,250000.00,250000.00,,,,SPM,"Supply and Property Management Unit",,"Marked: RPCPPE 2025 submitted to Accounting (2026-04-13)",RPCPPE2025-ACCT-SUB
5577,2025-01-04.020-0005-031,"Old General Education Bldg.","3 storey; 3,292.50 sq. m.",1.06.04.020.00,01,1,14949124.15,14949124.15,,,,SPM,"Supply and Property Management Unit",,"Marked: RPCPPE 2025 submitted to Accounting (2026-04-13)",RPCPPE2025-ACCT-SUB
5578,2025-01-04.020-0006-031,"Tech & Livelihood Resource Center Bldg. w/ Extra Work","1-storey, 197.88 sq.m.",1.06.04.020.00,01,1,3069137.63,3069137.63,,,,SPM,"Supply and Property Management Unit",,"Marked: RPCPPE 2025 submitted to Accounting (2026-04-13)",RPCPPE2025-ACCT-SUB
5579,2025-01-04.020-0007-031,"New Sci. Laboratory Bldg.","3-storey, 414.63 sq.m.",1.06.04.020.00,01,1,4933147.05,4933147.05,,,,SPM,"Supply and Property Management Unit",,"Marked: RPCPPE 2025 submitted to Accounting (2026-04-13)",RPCPPE2025-ACCT-SUB
5580,2025-01-04.020-0008-031,"Eng'g. Science Bldg.","2-storey, 165.2 sq.m. + 1,048.5 sq.m.",1.06.04.020.00,01,1,2034385.02,2034385.02,,,,SPM,"Supply and Property Management Unit",,"Marked: RPCPPE 2025 submitted to Accounting (2026-04-13)",RPCPPE2025-ACCT-SUB
5581,2025-05-04.020-0005-031,"Old Library","2-storey, 828.8 sq.m.",1.06.04.020.00,05,1,3950018.66,3950018.66,,,,SPM,"Supply and Property Management Unit",,"Marked: RPCPPE 2025 submitted to Accounting (2026-04-13)",RPCPPE2025-ACCT-SUB
5582,2025-01-04.020-0009-031,"Integrated ICT Learning Resource Dev't Center -Phase-1","2-storey, 4,284 sq.m.",1.06.04.020.00,01,1,11334544.11,11334544.11,,,,SPM,"Supply and Property Management Unit",,"Marked: RPCPPE 2025 submitted to Accounting (2026-04-13)",RPCPPE2025-ACCT-SUB
5583,2025-01-04.020-0010-031,"Architecture Building & Finishing","3-storey, 996.32 sq.m.",1.06.04.020.00,01,1,10935224.60,10935224.60,,,,SPM,"Supply and Property Management Unit",,"Marked: RPCPPE 2025 submitted to Accounting (2026-04-13)",RPCPPE2025-ACCT-SUB
5584,2025-01-04.020-0011-031,"Integrated ICT Learning Resource Dev't Center -Phase-2 w/ Extra Work","4-storey building 4,284 sq.m.",1.06.04.020.00,01,1,29999858.99,29999858.99,,,,SPM,"Supply and Property Management Unit",,"Marked: RPCPPE 2025 submitted to Accounting (2026-04-13)",RPCPPE2025-ACCT-SUB
5585,2025-01-04.020-0012-031,"Accounting Building Phase II","3-storey, 1,291.24 sq.m.,",1.06.04.020.00,01,1,9001555.65,9001555.65,,,,SPM,"Supply and Property Management Unit",,"Marked: RPCPPE 2025 submitted to Accounting (2026-04-13)",RPCPPE2025-ACCT-SUB
5586,2025-01-04.020-0013-031,"Accounting Building Phase III with Extra Work","3-storey building 1,291.24 sq.m.",1.06.04.020.00,01,1,19999999.72,19999999.72,,,,SPM,"Supply and Property Management Unit",,"Marked: RPCPPE 2025 submitted to Accounting (2026-04-13)",RPCPPE2025-ACCT-SUB
5587,2025-05-04.020-0006-031,"Integrated ICT Learning Resource Dev't.Center Phase-III","4-storey, 4,284 sq.m.",1.06.04.020.00,05,1,4357857.43,4357857.43,,,,SPM,"Supply and Property Management Unit",,"Marked: RPCPPE 2025 submitted to Accounting (2026-04-13)",RPCPPE2025-ACCT-SUB
5588,2025-05-04.020-0007-031,"HRM & Tourism Lab. Phase III (Hot & Cold Kitchen)","1-storey, 334.8 sq.m.",1.06.04.020.00,05,1,1274440.52,1274440.52,,,,SPM,"Supply and Property Management Unit",,"Marked: RPCPPE 2025 submitted to Accounting (2026-04-13)",RPCPPE2025-ACCT-SUB
5589,2025-05-04.020-0008-031,"Library - Libertad Exension","1 storey; 133.76 sq.m.",1.06.04.020.00,05,1,1983000.00,1983000.00,,,,SPM,"Supply and Property Management Unit",,"Marked: RPCPPE 2025 submitted to Accounting (2026-04-13)",RPCPPE2025-ACCT-SUB
5590,2025-05-04.020-0009-031,"Old General Education Building, Repair Phase II (Architectural design & retrofittin/facelifting)","2-storey, 426.4806 sq.m.",1.06.04.020.00,05,1,3298846.23,3298846.23,,,,SPM,"Supply and Property Management Unit",,"Marked: RPCPPE 2025 submitted to Accounting (2026-04-13)",RPCPPE2025-ACCT-SUB
5591,2025-01-04.020-0014-031,"Science and Technology Laburatory @ UA Caluya Extension Campus with contiquous","2-storey building, 1306 sq.m.",1.06.04.020.00,01,1,29988669.75,29988669.75,,,,SPM,"Supply and Property Management Unit",,"Marked: RPCPPE 2025 submitted to Accounting (2026-04-13)",RPCPPE2025-ACCT-SUB
5592,2023-05-04.020-0001-031,"Technology Building - Refurbishment of COT Faculty Office, Ground Floor Hallway and Classrooms @ second floor and repainting","1188.9136 sq.m.",1.06.04.020.00,05,1,1769103.92,1769103.92,2023-04-28,,,SPM,"Supply and Property Management Unit",,"Marked: RPCPPE 2025 submitted to Accounting (2026-04-13)",RPCPPE2025-ACCT-SUB
5593,2025-05-04.020-0010-031,"Architechture Building (refurbishment)","4-storey building, 300 sq.m.",1.06.04.020.00,05,1,3818905.20,3818905.20,,,,SPM,"Supply and Property Management Unit",,"Marked: RPCPPE 2025 submitted to Accounting (2026-04-13)",RPCPPE2025-ACCT-SUB
5594,2025-05-04.020-0011-031,"Construction of 3X9m Extension of HRM Laboratory (Libertad Extension Campus)","1-storey building, 27 sq.m.",1.06.04.020.00,05,1,299611.26,299611.26,,,,SPM,"Supply and Property Management Unit",,"Marked: RPCPPE 2025 submitted to Accounting (2026-04-13)",RPCPPE2025-ACCT-SUB
5595,2025-05-04.020-0012-031,"College Gym (Refurbishment of Paghiusa Hall)","1,763.075 sq. m.",1.06.04.020.00,05,1,2150228.93,2150228.93,,,,SPM,"Supply and Property Management Unit",,"Marked: RPCPPE 2025 submitted to Accounting (2026-04-13)",RPCPPE2025-ACCT-SUB
5596,2025-01-04.020-0015-031,"CEA Building-Annex","416.61 sq.m.",1.06.04.020.00,01,1,4638917.64,4638917.64,,,,SPM,"Supply and Property Management Unit",,"Marked: RPCPPE 2025 submitted to Accounting (2026-04-13)",RPCPPE2025-ACCT-SUB
5597,2025-01-04.020-0016-031,"Construction of CEA Building-Annex (Contiguous)","185.47 sq. m.",1.06.04.020.00,01,1,1434443.11,1434443.11,,,,SPM,"Supply and Property Management Unit",,"Marked: RPCPPE 2025 submitted to Accounting (2026-04-13)",RPCPPE2025-ACCT-SUB
5598,2025-05-00.000-0259-031,"Construction of Technology Building Extension","1 storey; 241 sq.m.",,05,1,4046508.30,4046508.30,,,,SPM,"Supply and Property Management Unit",,"Marked: RPCPPE 2025 submitted to Accounting (2026-04-13)",RPCPPE2025-ACCT-SUB
5599,25-01-04.990-0001-031,"Repair of Roofing and Ceiling with Electrical Rewiring at E-Building","1,220 sq.m",1.06.04.990.00,01,1,3580763.51,3580763.51,0025-07-18,,,SPM,"Supply and Property Management Unit",,"Marked: RPCPPE 2025 submitted to Accounting (2026-04-13)",RPCPPE2025-ACCT-SUB
5600,2017-01-00.000-0001-000,"Volleyball Equipment","with 1 pair Antenna, volleyball net, Vollyball Ball line Judges flags, set of 3 ; Aluminum Shaft, Golf grip handles with case, Flag Dimension 16"" x 16""; Handle Measure 2""",,01,1,145000.00,145000.00,2017-09-28,w,ith,,,"Francisco, Adrian","Marked: RPCPPE 2025 submitted to Accounting (2026-04-13)",RPCPPE2025-ACCT-SUB
5601,2025-01-00.000-0190-000,"Karatedo Dujo Mat","1 x 1 meters, 64 pcs",,01,1,73600.00,73600.00,,,,,,"Francisco, Adrian","Marked: RPCPPE 2025 submitted to Accounting (2026-04-13)",RPCPPE2025-ACCT-SUB
5602,2025-01-00.000-0191-000,"Basketball Equipment","standard steel ring rim w/ net, back board fiber glass 72' x 42' 10 ft high basketball stand. Moveable and adjustable",,01,1,68000.00,68000.00,,s,tandard,,,"Francisco, Adrian","Marked: RPCPPE 2025 submitted to Accounting (2026-04-13)",RPCPPE2025-ACCT-SUB
5603,2025-01-00.000-0192-000,"Basketball Equipment","standard steel ring rim w/ net, back board fiber glass 72' x 42' 10 ft high basketball stand. Moveable and adjustable",,01,1,68000.00,68000.00,,s,tandard,,,"Francisco, Adrian","Marked: RPCPPE 2025 submitted to Accounting (2026-04-13)",RPCPPE2025-ACCT-SUB
5604,2025-01-00.000-0193-000,"High Jump Landing Pit","16"" x 8"" x 26"", 3 base units 1 top pad unit, bar height w/ cross bar",,01,1,60000.00,60000.00,,,,,,"Francisco, Adrian","Marked: RPCPPE 2025 submitted to Accounting (2026-04-13)",RPCPPE2025-ACCT-SUB
5605,2025-01-00.000-0194-000,Hurdle,"10 pcs adjustabke to 5 heights",,01,1,50000.00,50000.00,,,,,,"Francisco, Adrian","Marked: RPCPPE 2025 submitted to Accounting (2026-04-13)",RPCPPE2025-ACCT-SUB
5606,2025-05-00.000-0260-000,"Indoor Badminton Court","Mat sand surface taraflex with post, green, 4.5mm thickness, 7.3x15 meters; LOCAL",,05,1,132400.00,132400.00,,M,at,,,"Francisco, Adrian","Marked: RPCPPE 2025 submitted to Accounting (2026-04-13)",RPCPPE2025-ACCT-SUB
5607,2025-05-00.000-0261-000,"Indoor Badminton Court","Mat sand surface taraflex with post, green, 4.5mm thickness, 7.3x15 meters; LOCAL",,05,1,132400.00,132400.00,,M,at,,,"Francisco, Adrian","Marked: RPCPPE 2025 submitted to Accounting (2026-04-13)",RPCPPE2025-ACCT-SUB
5608,2016-01-00.000-0001-000,"Laboratory table","with Chairs 80""x36""x36""",,01,1,100000.00,100000.00,2016-01-01,w,ith,,,,"Marked: RPCPPE 2025 submitted to Accounting (2026-04-13)",RPCPPE2025-ACCT-SUB
5609,2025-01-00.000-0195-000,"Laboratory table","with Chairs 80""x36""x36""",,01,1,100000.00,100000.00,,w,ith,,,,"Marked: RPCPPE 2025 submitted to Accounting (2026-04-13)",RPCPPE2025-ACCT-SUB
5610,2025-01-00.000-0196-000,"Laboratory table","with Chairs 80""x36""x36""",,01,1,100000.00,100000.00,,w,ith,,,,"Marked: RPCPPE 2025 submitted to Accounting (2026-04-13)",RPCPPE2025-ACCT-SUB
5611,2025-01-00.000-0197-000,"Laboratory table","with Chairs 80""x36""x36""",,01,1,100000.00,100000.00,,w,ith,,,,"Marked: RPCPPE 2025 submitted to Accounting (2026-04-13)",RPCPPE2025-ACCT-SUB
5612,2025-01-00.000-0198-000,"Demonstration Table","with sink , Dimension 49"" L x 24"" W x 36"" H",,01,1,70000.00,70000.00,,w,ith,,,,"Marked: RPCPPE 2025 submitted to Accounting (2026-04-13)",RPCPPE2025-ACCT-SUB
5613,2025-01-00.000-0199-000,"Demonstration Table","with sink , Dimension 49"" L x 24"" W x 36"" H",,01,1,70000.00,70000.00,,w,ith,,,,"Marked: RPCPPE 2025 submitted to Accounting (2026-04-13)",RPCPPE2025-ACCT-SUB
5614,2025-01-00.000-0050-032,"Bench Milling Machine","Model: KX1S-SEIG, CNC with Transparent shield, SN: 10169",,01,1,770991.00,770991.00,,M,odel:,CEA,"College of Engineering and Architecture",,"Marked: RPCPPE 2025 submitted to Accounting (2026-04-13)",RPCPPE2025-ACCT-SUB
5615,2025-01-00.000-0051-032,"Hydraulic Bench","FM 100F",,01,1,205000.00,205000.00,,F,M,CEA,"College of Engineering and Architecture",,"Marked: RPCPPE 2025 submitted to Accounting (2026-04-13)",RPCPPE2025-ACCT-SUB
5616,2025-01-00.000-0052-032,"Flow Over Weirs","FM 02",,01,1,150000.00,150000.00,,F,M,CEA,"College of Engineering and Architecture",,"Marked: RPCPPE 2025 submitted to Accounting (2026-04-13)",RPCPPE2025-ACCT-SUB
5617,2025-01-00.000-0053-032,"Orifice and Jet Flow",FM17,,01,1,240000.00,240000.00,,F,M17,CEA,"College of Engineering and Architecture",,"Marked: RPCPPE 2025 submitted to Accounting (2026-04-13)",RPCPPE2025-ACCT-SUB
5618,2025-01-00.000-0054-032,"Metacentric Height Apparatus",FM08A,,01,1,105000.00,105000.00,,F,M08A,CEA,"College of Engineering and Architecture",,"Marked: RPCPPE 2025 submitted to Accounting (2026-04-13)",RPCPPE2025-ACCT-SUB
5619,2025-01-00.000-0055-032,"Bernaulli's Theorem Apparatus",FM03,,01,1,280000.00,280000.00,,F,M03,CEA,"College of Engineering and Architecture",,"Marked: RPCPPE 2025 submitted to Accounting (2026-04-13)",RPCPPE2025-ACCT-SUB
5620,2025-01-00.000-0056-032,"Flow Meter demo Apparatus",FM18,,01,1,310000.00,310000.00,,F,M18,CEA,"College of Engineering and Architecture",,"Marked: RPCPPE 2025 submitted to Accounting (2026-04-13)",RPCPPE2025-ACCT-SUB
5621,2025-01-00.000-0057-032,"Pipe Friction Apparatus",FM23,,01,1,217000.00,217000.00,,F,M23,CEA,"College of Engineering and Architecture",,"Marked: RPCPPE 2025 submitted to Accounting (2026-04-13)",RPCPPE2025-ACCT-SUB
5622,2025-01-00.000-0058-032,"Orifice Discharge Apparatus",FM04,,01,1,212000.00,212000.00,,F,M04,CEA,"College of Engineering and Architecture",,"Marked: RPCPPE 2025 submitted to Accounting (2026-04-13)",RPCPPE2025-ACCT-SUB
5623,2025-01-00.000-0200-000,"Fully Automatic Kjeldal Digestion Unit","Kjeldal Analyzer( Hano Instruments) Model: K9860; SN: K625300164",,01,1,586000.00,586000.00,,K,jeldal,,,,"Marked: RPCPPE 2025 submitted to Accounting (2026-04-13)",RPCPPE2025-ACCT-SUB
5624,2025-01-00.000-0201-000,"Soxhlet Fat Extraction","(FAT ANALYZER) SOX406; Model: K9860; SN: SX425300170",,01,1,248000.00,248000.00,,(,FAT,,,,"Marked: RPCPPE 2025 submitted to Accounting (2026-04-13)",RPCPPE2025-ACCT-SUB
5625,2025-01-00.000-0202-000,"Water Activity Meter","Biobase; Model: BWA-6; SN: HK00021013",,01,1,250000.00,250000.00,,B,iobase,,,,"Marked: RPCPPE 2025 submitted to Accounting (2026-04-13)",RPCPPE2025-ACCT-SUB
5626,2025-01-00.000-0203-000,"DIGITAL VISCOMETER","Model: DV-1+PRO NO SN:",,01,1,240000.00,240000.00,,M,odel:,,,,"Marked: RPCPPE 2025 submitted to Accounting (2026-04-13)",RPCPPE2025-ACCT-SUB
5627,2025-01-00.000-0204-000,"Fiber Analyzer","Brand: Hanon SN: F225280069",,01,1,508000.00,508000.00,,B,rand:,,,,"Marked: RPCPPE 2025 submitted to Accounting (2026-04-13)",RPCPPE2025-ACCT-SUB
5628,2025-01-00.000-0205-000,"Hand Wheel Vertical Autoclave","Biobase Model: BKQ-B100II; SN: BKQB1001121025005",,01,1,185000.00,185000.00,,B,iobase,,,,"Marked: RPCPPE 2025 submitted to Accounting (2026-04-13)",RPCPPE2025-ACCT-SUB
5629,2025-01-00.000-0206-000,"Muffle Furnance","Digital Model: DMF-03 SN: S21P112-01",,01,1,135000.00,135000.00,,D,igital,,,,"Marked: RPCPPE 2025 submitted to Accounting (2026-04-13)",RPCPPE2025-ACCT-SUB
5630,2025-01-00.000-0207-000,Colorimeter,"PCE-CSM 1, Brand: PCE SN: 11159278",,01,1,94000.00,94000.00,,P,CE-CSM,,,,"Marked: RPCPPE 2025 submitted to Accounting (2026-04-13)",RPCPPE2025-ACCT-SUB
5631,2025-01-00.000-0208-000,"Automatic Potentiometric Titrator","Brand: Biobase, Model: BK-PT860, SN: T8625280097",,01,1,235000.00,235000.00,,B,rand:,,,,"Marked: RPCPPE 2025 submitted to Accounting (2026-04-13)",RPCPPE2025-ACCT-SUB
5632,2020-01-00.000-0001-000,"pH/ORP Meter with Cal Check","Brand: HANNA Model: HI5221-02 SN: 11005240177",,01,1,75200.00,75200.00,2020-06-08,B,rand:,,,,"Marked: RPCPPE 2025 submitted to Accounting (2026-04-13)",RPCPPE2025-ACCT-SUB
5633,2025-01-00.000-0209-000,"Microscope with camera, 22"" LED Monitor, Keyboard and wireless optical Mouse","Brand: Opto Edu; Model: A12.6603-T SN: 2100071",,01,1,63995.00,63995.00,,B,rand:,,,,"Marked: RPCPPE 2025 submitted to Accounting (2026-04-13)",RPCPPE2025-ACCT-SUB
5634,2025-01-00.000-0210-000,"Moisture Analyzer","Brand: Shimadzu; Model: MOC-120H SN: D207304176",,01,1,170000.00,170000.00,,B,rand:,,,,"Marked: RPCPPE 2025 submitted to Accounting (2026-04-13)",RPCPPE2025-ACCT-SUB
5635,2025-01-00.000-0211-000,Fumehood,"Brand Biobasse; Model: FH1000 SN: SN: FH10C2010002",,01,1,225000.00,225000.00,,B,rand,,,,"Marked: RPCPPE 2025 submitted to Accounting (2026-04-13)",RPCPPE2025-ACCT-SUB
5636,2025-01-00.000-0212-000,Incubator,"Brand: Biobase MODEL: 8JPX-H2300ii; SN: 2102700 SN: 2102699",,01,2,148000.00,296000.00,,B,rand:,,,,"Marked: RPCPPE 2025 submitted to Accounting (2026-04-13)",RPCPPE2025-ACCT-SUB
5637,2025-01-00.000-0213-000,"Laminar Flow Hood","Vertical; Brand: Humanlab; Model: DWB-22 SN: PL029451 (S21P112-02)",,01,1,275000.00,275000.00,,V,ertical,,,,"Marked: RPCPPE 2025 submitted to Accounting (2026-04-13)",RPCPPE2025-ACCT-SUB
5638,2025-01-00.000-0214-000,"Water Bath","Inner Tank; Brand: Humanlab; Model: DWB-22 SN: C21P112-03",,01,1,57000.00,57000.00,,I,nner,,,,"Marked: RPCPPE 2025 submitted to Accounting (2026-04-13)",RPCPPE2025-ACCT-SUB
5639,2025-01-00.000-0215-000,"Analytical Balance","Brand: Shimadzu; Model: ATX224 SN: D326000332",,01,1,75000.00,75000.00,,B,rand:,,,,"Marked: RPCPPE 2025 submitted to Accounting (2026-04-13)",RPCPPE2025-ACCT-SUB
5640,2025-01-00.000-0216-000,"Analytical Balance","Brand: Shimadzu; Model: ATX224 SN: D326000319",,01,1,75000.00,75000.00,,B,rand:,,,,"Marked: RPCPPE 2025 submitted to Accounting (2026-04-13)",RPCPPE2025-ACCT-SUB
5641,2025-01-00.000-0217-000,"Table Top High Speed Centrifuge","Mini Centrifuge; Brand: Humanlab; Model Smart-13 SN: S21P112-04",,01,1,135000.00,135000.00,,M,ini,,,,"Marked: RPCPPE 2025 submitted to Accounting (2026-04-13)",RPCPPE2025-ACCT-SUB
5642,2025-01-00.000-0045-021,"Procurement of Maritime Virtual and Augmented Reality Laboratory","1. AR VR Web Platform
2. VR ApplicationB49:BB49:B116
3. VR Ready Desktop (6 units)
-Intel Core I7 10400 or up
-GTX1660 or up
-VR Ready Motherboard
-8GB RAM
-256gb NVME M.2
-650watss full Modular
4. Accessories and Other
-6 units 55"" Smart TV; Skyworth; SW-22SA NF;
SN:2420434P00961
SN:2420434P01552
SN:2410772P00551
SN:2420434P01501
SN:2410772P01260
SN:2420434P00576
-VR Headset (6 units) Oculus Quest 2
SN: 1WMVR4B2L62112
SN: 1WMVR4B6652215
SN: 1WMVR4B32B2174
SN: 1WMVR4BA3B2206
SN: 1WMVR4D1CJ2216
SN: 1WMVR4B1462175
AR Tablets (40 units) XIAOMI MI Pad 5
SN: 35875/Q3S900770
SN: 35875/Q3QK00755
SN: 35875/Q3QK00738
SN: 35875/Q3QK00774
SN: 35874/Q3RT01239
SN: 35875/Q3QK00757
SN: 35875/Q3S900710
SN: 35875/Q3S900681
SN: 35875/Q3S900717
SN: 35875/Q3S900720
SN: 35874/Q3RT01170
SN: 35875/Q3S900714
SN: 35874/Q3RT01162
SN: 35874/Q3RT01214
SN: 35874/Q3RT01162
SN: 35874/Q3RT01214
SN: 35875/QRS900252
SN: 35875/Q3S900448
SN: 35875/Q3S900708
SN: 35875/Q3QK00584
SN: 35875/Q3RT01227
SN: 35875/Q3QK00684
SN: 35874/Q3RT01223
SN: 35874/Q3RT01242
SN: 35875/Q3QK00781
SN: 35875/Q3QK00719
SN: 35875/Q3S900834
SN: 35875/Q3S900259
SN: 35874/Q3RT01183
SN: 35874/Q3RT01199
SN: 35875/Q3QK00762
SN: 35874/Q3RT01217
SN: 35874/Q3RT01240
SN: 35875/Q3QK00758
SN: 35875/Q3S900719
SN: 35875/Q3QK00779
SN: 35874/Q3RT01198
SN: 35875/Q3S900736
SN: 35875/Q3S900882
SN: 35875/Q3S900715
SN: 35875/Q3S900798
SN: 35875Q3S900246
-AR Maritime Application
-Air Conditioner (wall mounted Midea)
SN: 54122000E8B45210170094",,01,1,4900000.00,4900000.00,,,,CMS,"College of Maritime Studies",,"Marked: RPCPPE 2025 submitted to Accounting (2026-04-13)",RPCPPE2025-ACCT-SUB
5643,2025-01-00.000-0218-000,"Microwave Plasma","AGILENT (4210 MP-AES) SN: MY24259001; Microwave Plasma - Atomic Emission Spectrometer with complete accessories; AGILENT (MOLAVE)
-Sample Gas Introduction
-Plasma Generator
-Optical System
-Detector
Accessories Includes:
* 1pc. 5-Channel Pump Upgrade; SN: MY2421MQE1
*1pc. Multimode Sample Introduction System; SN: SH5127350
*1pc. Optics Purge Kit; SN: MY2412MR12
*1pc. MP Expert Pro Pack; SN: USH4895767
*1pc. Nitrogen Generator; SN: CN23510008
*3 units of Easy Fit Torc for MP-AES 4210; SN: AU24173112, AU24173118, AU24153028
*2 units of pump Tubing, PVC, White/white tabs
*2 units of pump tubing, PVC, blue/blue tabs
*1 pack of pump tubes, PVC, black/black, 12/pack
*1 pack of pump tubes, PVC, black/white 12/pack
*1 pc. replacement on board Argon Bottle
*1 pc. Inlet filter kit -4107 N2 Generator
*1 pc. Wavelength Calibration Solution( 5ppm, 100mL)
*1 set of Computer/Printer/MS Office
-Desktop Computer; Acer;VX2710G; Intel Core i5-13400; 8gb DDR4 RAM; 512gb SSD + 1 TB M.2 PCIe SSD; 21.5"" Monitor; SN: DTVY3SP04F409003399600; Monitor SN: MMTX5SP003424030B02X00
-Printer; Epson; L5290; SN:X8H5211012
*1 unit of Air Compressor, Refrigerated Dryer, and Filter; HITACHI
*1 unit Exhaust System/Ductwork
*1 unit UPS 10KVA with built-in AVR; PowerCom UPS 10KVA; SN: CTB1010-240326003
*1 bottle Wavelength Calibration solution",,01,1,4422998.00,4422998.00,,A,GILENT,,,"Gadot, Jessebel","Marked: RPCPPE 2025 submitted to Accounting (2026-04-13)",RPCPPE2025-ACCT-SUB
5644,2025-01-00.000-0219-000,Fumehood,"SCITEK (FMH-1800DP) SN: FMH1800DP24102033HBKY1",,01,1,328000.00,328000.00,,S,CITEK,,,"Gadot, Jessebel","Marked: RPCPPE 2025 submitted to Accounting (2026-04-13)",RPCPPE2025-ACCT-SUB
5645,2024-01-00.000-0001-000,"Complete Accessories for Brookfield Texture Analyzer CTX","Brookfield: 1 set-Brookfield Cat. No. TA-TPB three-point bend assembly
1 set-Brookfield Cat. No. TA-NFT noodle test fixture
1 set-Brookfield Cat. No. TA-SF Spreadability (5 cones)",,01,1,395463.00,395463.00,2024-10-21,B,rookfield:,,,"Gadot, Jessebel","Marked: RPCPPE 2025 submitted to Accounting (2026-04-13)",RPCPPE2025-ACCT-SUB
5646,2025-05-00.000-0262-000,Viscotester,"w/ stand Japan (RION) VT-04E",,05,1,215000.00,215000.00,,w,/,,,,"Marked: RPCPPE 2025 submitted to Accounting (2026-04-13)",RPCPPE2025-ACCT-SUB
5647,2025-05-00.000-0263-000,Venturimeter,"w/ complete accessories",,05,2,220000.00,440000.00,,w,/,,,,"Marked: RPCPPE 2025 submitted to Accounting (2026-04-13)",RPCPPE2025-ACCT-SUB
5648,2025-05-00.000-0264-000,"Demonstration Table","0.65ml.., 1.80ml, .90ml. w/ complete accessories molded resin lap acid resistant w/ 1 gasul tank",,05,1,120000.00,120000.00,,,,,,,"Marked: RPCPPE 2025 submitted to Accounting (2026-04-13)",RPCPPE2025-ACCT-SUB
5649,2025-05-00.000-0265-000,"Demonstration Table","0.65ml.., 1.80ml, .90ml. w/ complete accessories molded resin lap acid resistant w/ 1 gasul tank-",,05,1,120000.00,120000.00,,,,,,"Cuaderes, Van","Marked: RPCPPE 2025 submitted to Accounting (2026-04-13)",RPCPPE2025-ACCT-SUB
5650,2025-05-00.000-0266-000,"Chemistry Table","Rectangular Shape; Dim, 1.00 MW x 3.00 ML x 0.90 MH; 8 seaters (mars)",,05,2,380000.00,760000.00,,R,ectangular,,,,"Marked: RPCPPE 2025 submitted to Accounting (2026-04-13)",RPCPPE2025-ACCT-SUB
5651,2025-05-00.000-0267-000,"Human Torso Chart w/ stand",,,05,1,60000.00,60000.00,,,,,,"Cuaderes, Van","Marked: RPCPPE 2025 submitted to Accounting (2026-04-13)",RPCPPE2025-ACCT-SUB
5652,2025-05-00.000-0018-032,"Course-Electrical Engineering 1","DC Technology",,05,1,687100.00,687100.00,,D,C,CEA,"College of Engineering and Architecture",,"Marked: RPCPPE 2025 submitted to Accounting (2026-04-13)",RPCPPE2025-ACCT-SUB
5653,2025-05-00.000-0019-032,"Course-Electrical Engineering 2","AC Technology",,05,1,0.00,0.00,,A,C,CEA,"College of Engineering and Architecture",,"Marked: RPCPPE 2025 submitted to Accounting (2026-04-13)",RPCPPE2025-ACCT-SUB
5654,2025-05-00.000-0020-032,"Unitr@in - 1","Interface Virtual Instrument (Basic VI)",,05,13,0.00,0.00,,I,nterface,CEA,"College of Engineering and Architecture",,"Marked: RPCPPE 2025 submitted to Accounting (2026-04-13)",RPCPPE2025-ACCT-SUB
5655,2025-05-00.000-0021-032,"Unitr@in - 1",Experimenter,,05,1,0.00,0.00,,E,xperimenter,CEA,"College of Engineering and Architecture",,"Marked: RPCPPE 2025 submitted to Accounting (2026-04-13)",RPCPPE2025-ACCT-SUB
5656,2025-05-00.000-0022-032,"Unitr@in - 1","Set of Shunts",,05,1,0.00,0.00,,S,et,CEA,"College of Engineering and Architecture",,"Marked: RPCPPE 2025 submitted to Accounting (2026-04-13)",RPCPPE2025-ACCT-SUB
5657,2025-05-00.000-0023-032,"Unitr@in - 1","Extended Power Supply",,05,1,0.00,0.00,,E,xtended,CEA,"College of Engineering and Architecture",,"Marked: RPCPPE 2025 submitted to Accounting (2026-04-13)",RPCPPE2025-ACCT-SUB
5658,2025-05-00.000-0024-032,"Connection Cable","2mm (22pcs) for Unitr@in-1",,05,1,0.00,0.00,,,,CEA,"College of Engineering and Architecture",,"Marked: RPCPPE 2025 submitted to Accounting (2026-04-13)",RPCPPE2025-ACCT-SUB
5659,2025-05-00.000-0025-032,"Connection Plugs",2mm/5mm,,05,10,0.00,0.00,,,,CEA,"College of Engineering and Architecture",,"Marked: RPCPPE 2025 submitted to Accounting (2026-04-13)",RPCPPE2025-ACCT-SUB
5660,2025-05-00.000-0026-032,"TINA PRO Software",,,05,1,0.00,0.00,,,,CEA,"College of Engineering and Architecture",,"Marked: RPCPPE 2025 submitted to Accounting (2026-04-13)",RPCPPE2025-ACCT-SUB
5661,2025-05-00.000-0027-032,"Unitr@in - 1","Digital Multimeter",,05,1,0.00,0.00,,D,igital,CEA,"College of Engineering and Architecture",,"Marked: RPCPPE 2025 submitted to Accounting (2026-04-13)",RPCPPE2025-ACCT-SUB
5662,2025-05-00.000-0028-032,"Storage Case","for one system",,05,1,0.00,0.00,,f,or,CEA,"College of Engineering and Architecture",,"Marked: RPCPPE 2025 submitted to Accounting (2026-04-13)",RPCPPE2025-ACCT-SUB
5663,2025-05-00.000-0268-000,"Platform Balance","Ohaus; US",,05,5,299750.00,1498750.00,,O,haus,,,,"Marked: RPCPPE 2025 submitted to Accounting (2026-04-13)",RPCPPE2025-ACCT-SUB
5664,2025-05-00.000-0029-032,"Course Electronics 1","Semi-Conductor Component",,05,1,115265.00,115265.00,,S,emi-Conductor,CEA,"College of Engineering and Architecture",,"Marked: RPCPPE 2025 submitted to Accounting (2026-04-13)",RPCPPE2025-ACCT-SUB
5665,2025-05-00.000-0030-032,"Course Electronics 3","Transistor and Amplifier Technology",,05,1,140545.00,140545.00,,T,ransistor,CEA,"College of Engineering and Architecture",,"Marked: RPCPPE 2025 submitted to Accounting (2026-04-13)",RPCPPE2025-ACCT-SUB
5666,2025-05-00.000-0031-032,"Course Electronics 4","Field Effects Transistor",,05,1,78625.00,78625.00,,F,ield,CEA,"College of Engineering and Architecture",,"Marked: RPCPPE 2025 submitted to Accounting (2026-04-13)",RPCPPE2025-ACCT-SUB
5667,2025-05-00.000-0032-032,"Course Electronics 6","Power Semi-Conductor",,05,1,55960.00,55960.00,,P,ower,CEA,"College of Engineering and Architecture",,"Marked: RPCPPE 2025 submitted to Accounting (2026-04-13)",RPCPPE2025-ACCT-SUB
5668,2025-05-00.000-0033-032,"Communication Tech 8","AM/FM Modulatiaon/Demodulation",,05,1,136960.00,136960.00,,A,M/FM,CEA,"College of Engineering and Architecture",,"Marked: RPCPPE 2025 submitted to Accounting (2026-04-13)",RPCPPE2025-ACCT-SUB
5669,2025-05-00.000-0034-032,"Course Electronics 2","Transistor Multivibrator",,05,1,84000.00,84000.00,,T,ransistor,CEA,"College of Engineering and Architecture",,"Marked: RPCPPE 2025 submitted to Accounting (2026-04-13)",RPCPPE2025-ACCT-SUB
5670,2025-05-00.000-0035-032,"Course Electronics 8","Switched Mode Power",,05,1,76160.00,76160.00,,S,witched,CEA,"College of Engineering and Architecture",,"Marked: RPCPPE 2025 submitted to Accounting (2026-04-13)",RPCPPE2025-ACCT-SUB
5671,2025-05-00.000-0036-032,"Communication Tech 5","Pulse Modulation Methods PCM/PAM",,05,1,287040.00,287040.00,,P,ulse,CEA,"College of Engineering and Architecture",,"Marked: RPCPPE 2025 submitted to Accounting (2026-04-13)",RPCPPE2025-ACCT-SUB
5672,2025-05-00.000-0269-000,"Double Beam Balance",Ohaus,,05,3,179850.00,539550.00,,O,haus,,,,"Marked: RPCPPE 2025 submitted to Accounting (2026-04-13)",RPCPPE2025-ACCT-SUB
5673,2025-05-00.000-0270-000,"Conventional Polygraph","Lafeyette; actusry reconditioned & calibrated; 220v; 60Hz; 5 colored inking pens; 10"" chart paper; operating manual; in aluminum casing w/ examination table Model: 761-96GA*C S/N: 353483 (Ambassador)",,05,1,390000.00,390000.00,,L,afeyette,,,,"Marked: RPCPPE 2025 submitted to Accounting (2026-04-13)",RPCPPE2025-ACCT-SUB
5674,2025-05-00.000-0271-000,"Pro Photo Camera Set","w/ lenses, zoom, macro lens, wide angle lens/telephone lens, tri-pod & carrying case #2676822 (Nikon)",,05,1,68000.00,68000.00,,w,/,,,,"Marked: RPCPPE 2025 submitted to Accounting (2026-04-13)",RPCPPE2025-ACCT-SUB
5675,2025-05-00.000-0272-000,"Questioned Document Analysis","Cat # MQDA500 (SIRCHIE)",,05,1,135000.00,135000.00,,C,at,,,,"Marked: RPCPPE 2025 submitted to Accounting (2026-04-13)",RPCPPE2025-ACCT-SUB
5676,2025-05-00.000-0273-000,"Forensic Comparison Microscope","complete w/ 21"" colored TV Monitor S/N: 1016096; Model: BZ212N50 (Sony), CCD Camera, Photo Camera, 220V for bullet Model: KOM-505; SN: 26891",,05,1,499000.00,499000.00,,c,omplete,,,,"Marked: RPCPPE 2025 submitted to Accounting (2026-04-13)",RPCPPE2025-ACCT-SUB
5677,2025-05-00.000-0274-000,"Crime Scene Sketch Kit Prof",,,05,1,62000.00,62000.00,,,,,,,"Marked: RPCPPE 2025 submitted to Accounting (2026-04-13)",RPCPPE2025-ACCT-SUB
5678,2025-05-00.000-0275-000,"Introduction to Forensic Toxicology",,,05,1,85000.00,85000.00,,,,,,,"Marked: RPCPPE 2025 submitted to Accounting (2026-04-13)",RPCPPE2025-ACCT-SUB
5679,2025-05-00.000-0276-000,"Master Firearms Detector Kit","Cat. # MFD 200 (SIRCHIE)",,05,1,55000.00,55000.00,,C,at.,,,,"Marked: RPCPPE 2025 submitted to Accounting (2026-04-13)",RPCPPE2025-ACCT-SUB
5680,2025-05-00.000-0277-000,"Narcotics and Drug Indentification Kit",,,05,1,85000.00,85000.00,,,,,,,"Marked: RPCPPE 2025 submitted to Accounting (2026-04-13)",RPCPPE2025-ACCT-SUB
5681,2025-05-00.000-0278-000,"Master Evidence Collection Kit",,,05,1,60000.00,60000.00,,,,,,,"Marked: RPCPPE 2025 submitted to Accounting (2026-04-13)",RPCPPE2025-ACCT-SUB
5682,2025-05-00.000-0037-032,Theodolite,"Digital DT-5; SN: 04598",,05,1,159000.00,159000.00,,D,igital,CEA,"College of Engineering and Architecture",,"Marked: RPCPPE 2025 submitted to Accounting (2026-04-13)",RPCPPE2025-ACCT-SUB
5683,2025-05-00.000-0279-000,"Analytical Balance","TB11-300; 300g cap x 0.005g sensitivity; digital (Nutex)",,05,1,75200.00,75200.00,,T,B11-300,,,,"Marked: RPCPPE 2025 submitted to Accounting (2026-04-13)",RPCPPE2025-ACCT-SUB
5684,2025-05-00.000-0038-032,"APPLICATION BOARD FOR POSITION CONTROL","DELORENZO DL 3155M33C",,05,1,61620.50,61620.50,,D,ELORENZO,CEA,"College of Engineering and Architecture",,"Marked: RPCPPE 2025 submitted to Accounting (2026-04-13)",RPCPPE2025-ACCT-SUB
5685,2025-05-00.000-0039-032,"APPLICATION BOARD FOR SPEED SYSTEM","DELORENZO DL 3155M33A",,05,1,89567.35,89567.35,,D,ELORENZO,CEA,"College of Engineering and Architecture",,"Marked: RPCPPE 2025 submitted to Accounting (2026-04-13)",RPCPPE2025-ACCT-SUB
5686,2025-05-00.000-0040-032,"APPLICATION BOARD FOR TEMPERATURE CONTROL","DELORENZO DL3155M33B",,05,1,75593.92,75593.92,,D,ELORENZO,CEA,"College of Engineering and Architecture",,"Marked: RPCPPE 2025 submitted to Accounting (2026-04-13)",RPCPPE2025-ACCT-SUB
5687,2025-05-00.000-0280-000,"REGULATION AND CONTROL BOARD WITH UNLIMITED INSTALLATION cai SOFTWARE, WITH ATLEAST 7 FAULT INSERTION MICRO SWITCHES OF COMPUTER INSERTION, WITH POWER SUPPLY AND BASE FRAME","DELORENZO DL 3155M33",,05,1,209601.33,209601.33,,D,ELORENZO,,,,"Marked: RPCPPE 2025 submitted to Accounting (2026-04-13)",RPCPPE2025-ACCT-SUB
5688,2025-05-00.000-0281-000,"PUMP, FLUX METER, LINEAR MOTOR OPERATED VALVE, SOLENOID VALVES, MANUALLY OPERATED","DELORENZO DL 2314",,05,1,1543719.54,1543719.54,,D,ELORENZO,,,,"Marked: RPCPPE 2025 submitted to Accounting (2026-04-13)",RPCPPE2025-ACCT-SUB
5689,2025-05-00.000-0282-000,"PROCESS CONTROL SIMULATION SOFTWARE CONTROLLER","DELORENZO DL2314SIM",,05,1,56122.76,56122.76,,D,ELORENZO,,,,"Marked: RPCPPE 2025 submitted to Accounting (2026-04-13)",RPCPPE2025-ACCT-SUB
5690,2025-05-00.000-0283-000,"MICROPROCESSOR-BASED PROCESS CONTROLLER","DELORENZO DL2314C",,05,1,508999.08,508999.08,,D,ELORENZO,,,,"Marked: RPCPPE 2025 submitted to Accounting (2026-04-13)",RPCPPE2025-ACCT-SUB
5691,2025-05-00.000-0085-021,"Full Mission Deck Simulator","Class ""A"" bridge with 1 console for
ECDIS and RADAR Simulation with maps
Class ""B"" working station
includes 7 units 65"" 4K Smart TV;Devant
65UHV300A091800107
65UHV300A091800122
65UHV300A091800002
65UHV300A091800142
65UHV300A091800034
65UHV300A091800083
7 units AOC led monitor
SN: GRLJAHA006682
SN: GRLJAHA006629
SN: GRLJAHA006642
SN: GRLJAHA005933
SN: GRLJAHA006649
SN: GRLJAHA005940
SN: GRLJAHA005942
1 unit LG Led TV; SN: 807NTTQ86785
3 units Ibook with no SN
18 units 55"" UHD 4K Flat Smart TV	
SN: 55UHV400A071800584
55UHV400A071801141
55UHV400A071801185
55UHV400A071801026
55UHV400A071801079
55UHV400A071800950
55UHV400A071800891
55UHV400A071801035
55UHV400A071800525
55UHV400A071801028
55UHV400A071800564
55UHV400A071800854
55UHV400A071801048
55UHV400A071800820
55UHV400A071801024
55UHV400A071801075
55UHV400A071801078
55UHV400A071800968
PC-Bases engine Simulator includes software
such as:Turbo Diesel software
Virtual Engine Room Software
CBT Marine Training software
medium speed engine room simulator software
steam engine room simulator software
Marine Diesel Engine; Marine Steam Turbine
Marine Gas turbine; Marine steam boilers
with 12 sets of Desktop Computer
Intel Core i7; 2.7 Ghz; 8 GB Ram DDR4 1TB HDD; 24"" LED Monitor; Keyboard;Mouse, 11 pcs 1200VA UPS; 1 pc Network switch Hub 16 ports; 10 pcs head sets; with 2 units CISS Printer Epson L3110; Swivel Chair (Black leather ; metal and wood frame); 5 laboratory tables; Blue and 1 Instructor station (blue)
monitor SN: 1M2471WH83801086   (8)
monitor SN: 1M2471WH83800790   (6)
monitor SN: 1M2471WH84100147   (10)
monitor SN: 1M2471WH83801089   (9)
monitor SN: 1M2471WH84160162   (7)
monitor SN: 1M2471WH8H100136   (5)
monitor SN: 1M2471WH84100001   (2)
monitor SN: 1M2471WH83801325   (1)
monitor SN: 1M2471WH83801696   (4)
monitor SN: 1M2471WH83800826   (3)
monitor SN: ZZQ5H4TH900715D (SERVER)
monitor SN: ZZQ5H4TH900712Y  (SPARE)
Mouse, 11 pcs -1200VA UPS (Intex); with black Leather
with 2 units CISS Printer Epson L3110",,05,1,20396000.00,20396000.00,,C,lass,CMS,"College of Maritime Studies","Samillano, Rowen","Marked: RPCPPE 2025 submitted to Accounting (2026-04-13)",RPCPPE2025-ACCT-SUB
5692,2025-05-00.000-0086-021,Transmitter,"Electric 0-2MPa to 0-20MPa (Set)",,05,1,66214.00,66214.00,,E,lectric,CMS,"College of Maritime Studies","Samillano, Rowen","Marked: RPCPPE 2025 submitted to Accounting (2026-04-13)",RPCPPE2025-ACCT-SUB
5693,2025-05-00.000-0041-032,Planimeter,"KOIZUMI KP90N; Planix 7 digital; SN: H17764",,05,1,72000.00,72000.00,,K,OIZUMI,CEA,"College of Engineering and Architecture","Vegafria, Christine","Marked: RPCPPE 2025 submitted to Accounting (2026-04-13)",RPCPPE2025-ACCT-SUB
5694,2025-05-00.000-0087-021,"Motor Control Module","Main Frame w/ built-in Main Breaker, Main Switch & Connection Panel (1); Royal Cord w/Industrial Socket, Male & Female on both ends (1); Connection Nodes Panel (3); Three Pole Fuse (220V) Panel (1); MCB Control VoltagePanel (2); Overload Relay Panel (2); Magnetic Contractor Panel (4); Auxillary Relay (110V) Panel (2); Auxillary Relay (220V); Panel (2); Control Transformer (220V : 110V) Panel (1);Start-Stop Button Panel (1); Forward-ReverseButton Panel (1); Limit Switch Panel (1); Timer  (24V-240V); Panel (1); Timer (220V) Panel (1); Pilot Light (220V) panel (1); Pilot Light (110V) Panel (1); Proximity Switch (220V) Panel (1); Load 3phase leads out Panle (1); Load 6 phase leads out Panel (1); connecting wires Red Banana & Jack & Black Banana Jack (1); Motor Control Module Manual (2) w/ free induction motor",,05,1,578800.00,578800.00,,M,ain,CMS,"College of Maritime Studies","Samillano, Rowen","Marked: RPCPPE 2025 submitted to Accounting (2026-04-13)",RPCPPE2025-ACCT-SUB
5695,2025-05-00.000-0042-032,"Reynolds Apparatus","SCITECH, FM 06",,05,1,173442.00,173442.00,,S,CITECH,CEA,"College of Engineering and Architecture","Vegafria, Christine","Marked: RPCPPE 2025 submitted to Accounting (2026-04-13)",RPCPPE2025-ACCT-SUB
5696,2025-05-00.000-0001-081,"POLYGRAPH SYSTEM WITH LAPTOP COMPUTER LAFAYETTE INSTRUMENTS","LX6 Features Superior Fischer Connectors MODEL: LX6 SN: SN:220429FN ; Laptop SN: Model: N2004, NXA2ASP008142202C3400",,05,1,725000.00,725000.00,,L,X6,CCJE,"College of Criminal Justice Education",,"Marked: RPCPPE 2025 submitted to Accounting (2026-04-13)",RPCPPE2025-ACCT-SUB
5697,2025-05-00.000-0284-000,"T-Shirt Printer","EPSON, DTF Printer, size 660* 400* 300mm",,05,1,70000.00,70000.00,,E,PSON,,,"Farparan, Lilian","Marked: RPCPPE 2025 submitted to Accounting (2026-04-13)",RPCPPE2025-ACCT-SUB
5698,2025-05-00.000-0285-000,"Sewing Machine","Button Hole Industrial Type, single needle (JUKI)",,05,1,81000.00,81000.00,,B,utton,,,"Farparan, Lilian","Marked: RPCPPE 2025 submitted to Accounting (2026-04-13)",RPCPPE2025-ACCT-SUB
5699,2025-05-00.000-0286-000,"Sewing Machine","Button Hole Industrial Type, single needle (JUKI)",,05,1,81000.00,81000.00,,B,utton,,,"Farparan, Lilian","Marked: RPCPPE 2025 submitted to Accounting (2026-04-13)",RPCPPE2025-ACCT-SUB
5700,2025-05-00.000-0287-000,"Tool Set","TOLSEN, 179 pcs/set in 7 roller drawer cabinet",,05,1,65000.00,65000.00,,T,OLSEN,,,,"Marked: RPCPPE 2025 submitted to Accounting (2026-04-13)",RPCPPE2025-ACCT-SUB
5701,2025-05-00.000-0288-000,"High End Computer","Ryzen 5, AMD Ryzen 5 3660, RTX 3060, 16GB DDR4, 1TB SSD with LG LED Monitor 32""",,05,1,61000.00,61000.00,,R,yzen,,,"Farparan, Lilian","Marked: RPCPPE 2025 submitted to Accounting (2026-04-13)",RPCPPE2025-ACCT-SUB
5702,2025-05-00.000-0289-000,Printer,"Zoomjet, for sticker and tarpaulin; Surecolor, 10 feet media length",,05,1,491840.00,491840.00,,Z,oomjet,,,"Farparan, Lilian","Marked: RPCPPE 2025 submitted to Accounting (2026-04-13)",RPCPPE2025-ACCT-SUB
5703,2025-05-00.000-0088-021,"Motor Control Trainer","for Direct Online Connection Model: TB-220413-V-001",,05,1,149573.00,149573.00,,f,or,CMS,"College of Maritime Studies","Samillano, Rowen","Marked: RPCPPE 2025 submitted to Accounting (2026-04-13)",RPCPPE2025-ACCT-SUB
5704,2025-05-00.000-0089-021,"Motor Control Trainer","for Forward Reverse Connection Model: TB-220413-V-002",,05,1,151539.00,151539.00,,f,or,CMS,"College of Maritime Studies","Samillano, Rowen","Marked: RPCPPE 2025 submitted to Accounting (2026-04-13)",RPCPPE2025-ACCT-SUB
5705,2025-05-00.000-0090-021,"Motor Control Trainer","for WYE / DELTA Connection Model: TB-220413-V-003",,05,1,138997.00,138997.00,,f,or,CMS,"College of Maritime Studies","Samillano, Rowen","Marked: RPCPPE 2025 submitted to Accounting (2026-04-13)",RPCPPE2025-ACCT-SUB
5706,2025-05-00.000-0091-021,"Operational Synchronizing Equipment","of Main Switchboard with 3 Units Generator, Model: TB-220413-V-004",,05,1,2451383.00,2451383.00,,o,f,CMS,"College of Maritime Studies","Samillano, Rowen","Marked: RPCPPE 2025 submitted to Accounting (2026-04-13)",RPCPPE2025-ACCT-SUB
5707,2025-05-00.000-0092-021,"Pneumatic Transmitter","can transmit 3 to 15 psi signal",,05,1,58240.00,58240.00,,c,an,CMS,"College of Maritime Studies","Samillano, Rowen","Marked: RPCPPE 2025 submitted to Accounting (2026-04-13)",RPCPPE2025-ACCT-SUB
5708,2025-05-00.000-0093-021,"Reciprocating Air-Driven Pump","0-3 bars, 5-50 liters per minute",,05,1,150000.00,150000.00,,,,CMS,"College of Maritime Studies","Samillano, Rowen","Marked: RPCPPE 2025 submitted to Accounting (2026-04-13)",RPCPPE2025-ACCT-SUB
5709,2025-05-00.000-0094-021,"Shell and Tube Cooler","length 150-350 mm",,05,1,208000.00,208000.00,,l,ength,CMS,"College of Maritime Studies","Samillano, Rowen","Marked: RPCPPE 2025 submitted to Accounting (2026-04-13)",RPCPPE2025-ACCT-SUB
5710,2025-05-00.000-0290-000,"Motor Control, Mechatronics and PLC Trainer","(1 unit) Logo PLC (8 digital input & 4 digital output), (1 unit) Logo Expansion module (4 digital input & 4 digital output), (1 unit) PLC license, (2 units) 24 volts power supply (3A), (3 units) double acting cylinders, (3 units) 5/2 way solenoid valve with base manifold, (1 unit) ? HP Air Compressor, (2 units) Timer relay (24V), (5 units) 4 pins relay (24V), (2 units) NC Push Buttons (5 units) NO Push Buttons (25 units) Terminal blocks (2 units) 2P Circuit Breaker (6A) (2 units) 2P Circuit Breaker (10A) (1 unit) 3P Circuit Breaker (10A) (1 unit) 3kW Phase inverter (1 unit) 1hp VFD (2 units) Fuse with holder (4 units) Pilot lamps (2 red, 2 green, 2 yellow, 2 white) (6 units) Red Switch 6 units) Limit Switch (2 sets) Steel Frame and Support (1 unit) 1 plc cable (3 units) Magnetic Contactor (220V) (3 units) 14 pins relay (220V) (2 units) Thermal overload relay (1 unit) 1hp 3-phase motor (1 unit) Router (2 units) Tool Box with basic tools",,05,1,359350.00,359350.00,,(,1,,,"Farparan, Lilian","Marked: RPCPPE 2025 submitted to Accounting (2026-04-13)",RPCPPE2025-ACCT-SUB
5711,2025-05-00.000-0291-000,"RFID Encoder and Scanner Kit","Tag encoder with its attached barcode scanner can be used w/o any computer connection to encode RFID Tags in industry standards formats; simple plug and play; Windows and Mac compatible; Encodes single HF ISO15693 tags in seconods using input from the serial attached barcode scanner, Emcodes RFID TAgs in ISO28560 Parts 2 format, and recommended defaults; EAS security standard in the default mode for tagging; AFI security standards is also available through system set-up commands",,05,1,748000.00,748000.00,,T,ag,,,"Serrato, Armila","Marked: RPCPPE 2025 submitted to Accounting (2026-04-13)",RPCPPE2025-ACCT-SUB
5712,2025-05-00.000-0292-000,"RFID INVENTORY SCANNER","Must have a unique blade design and connects via bluetooth to the RFID Reader for easy file uploads into follet Destiny Library Manager software; Slide between books for best read capacbility; Single push button operation signal reads RFID tags within 18"" of either side of blade antenna; RFID General Specification: *All RFID equipment should be type-accepted by National telecommunications Commision. *Must integrate with the existing library software which is follet - destiny Library Manager (DLM) without using third-party software and will not violate its licensing agreement. *Vendor must have served and installed the same RFID Library Security System to at least 20 libraries including 10 government institutions. *Training for the designated library staff without additional charge. *Technical support is free of charge within the warranty period of one (1) year",,05,1,375000.00,375000.00,,M,ust,,,"Serrato, Armila","Marked: RPCPPE 2025 submitted to Accounting (2026-04-13)",RPCPPE2025-ACCT-SUB
5713,2025-05-00.000-0293-000,"Diesel Engine","4-cylinder engine, Inline type injection pump with transmission and starter",,05,1,74000.00,74000.00,,,,,,,"Marked: RPCPPE 2025 submitted to Accounting (2026-04-13)",RPCPPE2025-ACCT-SUB
5714,2025-05-00.000-0294-000,"Gasoline Engine","4 Cylinder Gasoline Engine; CDI Ignition System with transmission and starter",,05,1,74000.00,74000.00,,,,,,,"Marked: RPCPPE 2025 submitted to Accounting (2026-04-13)",RPCPPE2025-ACCT-SUB
5715,2025-05-00.000-0295-000,"Electric Welding Machine","Input Supply QIM-400 (380-440V, 3Ph, 50/60 Hz) 20-400 A' 65-75V DC, 17KVA; ASTROWELD 350",,05,1,74000.00,74000.00,,I,nput,,,,"Marked: RPCPPE 2025 submitted to Accounting (2026-04-13)",RPCPPE2025-ACCT-SUB
5716,2025-05-00.000-0296-000,"Electric Pipe Threader Machine","with Cutter, 1/2'' - 4''; MEIHO",,05,1,74000.00,74000.00,,w,ith,,,"Farparan, Lilian","Marked: RPCPPE 2025 submitted to Accounting (2026-04-13)",RPCPPE2025-ACCT-SUB
5717,2025-05-00.000-0009-038,"Analog Speech Laboratory","with multimedia : ACER X1123HP (SN: MRJSA11007308008C68400 ), 1 Laptop: HP intel Core i5 SN: 5CD24830RF",,05,1,673000.00,673000.00,,w,ith,CAS,"College of Arts and Sciences",,"Marked: RPCPPE 2025 submitted to Accounting (2026-04-13)",RPCPPE2025-ACCT-SUB
5718,2025-05-00.000-0043-032,Theodolite,"Double Laser Electronic Theodolite, 2 seconds high precision with tripod stand; DE2A-L SN: 7717922",,05,1,81000.00,81000.00,,D,ouble,CEA,"College of Engineering and Architecture","Vegafria, Christine","Marked: RPCPPE 2025 submitted to Accounting (2026-04-13)",RPCPPE2025-ACCT-SUB
5719,2025-05-00.000-0044-032,Theodolite,"Double Laser Electronic Theodolite, 2 seconds high precision with tripod stand; DE2A-L SN: 7717817",,05,1,81000.00,81000.00,,D,ouble,CEA,"College of Engineering and Architecture","Vegafria, Christine","Marked: RPCPPE 2025 submitted to Accounting (2026-04-13)",RPCPPE2025-ACCT-SUB
5720,2025-05-00.000-0045-032,"Total Station","Prismless Total Station with tripod stand; TOPCON; Model: OTS-102N; SN: 2Q6007",,05,1,239000.00,239000.00,,P,rismless,CEA,"College of Engineering and Architecture","Vegafria, Christine","Marked: RPCPPE 2025 submitted to Accounting (2026-04-13)",RPCPPE2025-ACCT-SUB
5721,2024-05-00.000-0001-021,"V. Dragon Con E5001 Control","Includes : Mini console (1) Steering Wheel Control 1(1), Telegraph for two engines (1), Touch Screen Panel (2), with V. Dragon software and installation.",,05,1,498000.00,498000.00,2024-03-26,I,ncludes,CMS,"College of Maritime Studies",,"Marked: RPCPPE 2025 submitted to Accounting (2026-04-13)",RPCPPE2025-ACCT-SUB
5722,2025-05-00.000-0095-021,"Signalling Lamp","24v; Power of Illuminant: 60W; Tungsten; Halogen Lamp; Intensity 60000; ALDIS Model: CXD8 SN: 18-SQ1799333-PDA",,05,1,58400.00,58400.00,,,,CMS,"College of Maritime Studies",,"Marked: RPCPPE 2025 submitted to Accounting (2026-04-13)",RPCPPE2025-ACCT-SUB
5723,2025-05-00.000-0297-000,"Recovery Machine","refrigerant recovery unit with oil separator VALUE Model: VRR24L-R32 SN: 04BA0340 SN: 04BA0341",,05,1,85000.00,85000.00,,r,efrigerant,,,"Farparan, Lilian","Marked: RPCPPE 2025 submitted to Accounting (2026-04-13)",RPCPPE2025-ACCT-SUB
5724,2025-05-00.000-0298-000,"Recovery Machine","refrigerant recovery unit with oil separator VALUE Model: VRR24L-R32 SN: 04BA0341",,05,1,85000.00,85000.00,,r,efrigerant,,,"Farparan, Lilian","Marked: RPCPPE 2025 submitted to Accounting (2026-04-13)",RPCPPE2025-ACCT-SUB
5725,2025-05-00.000-0006-009,"Steno Writer (Stenography)","Pacific Office Solutions Model: Luminex CSE SN: LS05229; Display screen: Active matrix color TFT-LCD; Screen Size: at least 7 inches; Resolution: 800x480; Tilt Range: 180 degrees; Font size: 1 to 5; Memory: At least 12,000 strokes; Accessories: tripod; micro USB Cable; Charger; Cleaning Kit; Laptop: Acer Model: Aspire A315-59-599C SN: NXK60SP00933714F023400",,05,1,345800.00,345800.00,,P,acific,CBA,"College of Business Accountancy","Bolivar, Loyda","Marked: RPCPPE 2025 submitted to Accounting (2026-04-13)",RPCPPE2025-ACCT-SUB
5726,2025-05-00.000-0005-011,"Gas Oven","3 decks (6 pans; 60x40, watts: 300 voltage: 220v; Heat Load: 54mJ/h; Rated Gas Pressure: 2800-3000 Pa",,05,1,163000.00,163000.00,,,,CIT,"College of Industrial Technology","Farparan, Lilian","Marked: RPCPPE 2025 submitted to Accounting (2026-04-13)",RPCPPE2025-ACCT-SUB
5727,2025-05-00.000-0006-011,"Mechatronics Trainer","1 unit- Siemens Logo PLC (CPU) 8DI/4DO; SIEMENS
1 unit- Siemens Logo expansion module; SIEMENS
1 unit- 2.5A, 24Vdc power supply
1 unit- 10AT, 2P, Circuit Breaker; CHINT
1 unit- 1At, 1P, Circuit Breaker; CHINT
2 units- double acting cylinder; SMC
1 unit- single acting cylinder; SMC
3 units- 5/2 way double coil directional valve; SMC
1 unit- base manifold
4 units- 14 pins 24Vdc; CHINT
1 unit- timer, 24Vdc; CHINT
1 unit- electronic counter; CHINT
4 units- monetary push buttons
1 unit- selector switch
3 units- pilot lamps, 24Vdc
1 unit- buzzer, 24Vdc
6 units- reed switch; SMC
6 units- limit switch; OMRON
1 unit PLC Cable
1 set- tool box with basic tools
50 pcs- din rail mount terminal blocks
1 assy- stell frame
1 unit- air filter unit
1 roll- #18 TF wire; ORION",,05,1,237600.00,237600.00,,,,CIT,"College of Industrial Technology",,"Marked: RPCPPE 2025 submitted to Accounting (2026-04-13)",RPCPPE2025-ACCT-SUB
5728,2025-05-00.000-0007-011,"Mechatronics Trainer","1 unit- Siemens Logo PLC (CPU) 8DI/4DO; SIEMENS
1 unit- Siemens Logo expansion module; SIEMENS
1 unit- 2.5A, 24Vdc power supply
1 unit- 10AT, 2P, Circuit Breaker; CHINT
1 unit- 1At, 1P, Circuit Breaker; CHINT
2 units- double acting cylinder; SMC
1 unit- single acting cylinder; SMC
3 units- 5/2 way double coil directional valve; SMC
1 unit- base manifold
4 units- 14 pins 24Vdc; CHINT
1 unit- timer, 24Vdc; CHINT
1 unit- electronic counter; CHINT
4 units- monetary push buttons
1 unit- selector switch
3 units- pilot lamps, 24Vdc
1 unit- buzzer, 24Vdc
6 units- reed switch; SMC
6 units- limit switch; OMRON
1 unit PLC Cable
1 set- tool box with basic tools
50 pcs- din rail mount terminal blocks
1 assy- stell frame
1 unit- air filter unit
1 roll- #18 TF wire; ORION",,05,1,237600.00,237600.00,,,,CIT,"College of Industrial Technology",,"Marked: RPCPPE 2025 submitted to Accounting (2026-04-13)",RPCPPE2025-ACCT-SUB
5729,2025-05-00.000-0046-032,"Asphalt Penetrometer","Zhejiang Instrument Co. - STLZ-2; SN: 2410140; Double Display Asphalt Penetration Apparatus. Penetration needle 2.5g, hardened steel, with shaft suitable for the plunger; Plunger: 97.5g; Specimen container: 559dia) x 35mm penetration measuring resolution; 0.01mm Maximum penetration depth: 40mm",,05,1,215000.00,215000.00,,Z,hejiang,CEA,"College of Engineering and Architecture","Vegafria, Christine","Marked: RPCPPE 2025 submitted to Accounting (2026-04-13)",RPCPPE2025-ACCT-SUB
5730,2025-05-00.000-0047-032,"Digital Marshall Stability Tester","Zhejiang Instrument Co. - STM-8; SN: 2412143; 1-Automatic Marshall Stability Tester (no serial #)",,05,1,670000.00,670000.00,,Z,hejiang,CEA,"College of Engineering and Architecture","Vegafria, Christine","Marked: RPCPPE 2025 submitted to Accounting (2026-04-13)",RPCPPE2025-ACCT-SUB
5731,2021-07-00.000-0001-032,"Transmission Line Simulator","with Power Factor Load Bank & PC; Brand: TecQuipment; Model: PSL30",,07,1,20250000.00,20250000.00,2021-06-21,w,ith,CEA,"College of Engineering and Architecture","Vegafria, Christine","Marked: RPCPPE 2025 submitted to Accounting (2026-04-13)",RPCPPE2025-ACCT-SUB
5732,2021-07-00.000-0002-032,"Over Current and Earth Fault Relay","Brand: TecQuipment; Model: PSA10",,07,1,1250000.00,1250000.00,2021-06-21,B,rand:,CEA,"College of Engineering and Architecture","Vegafria, Christine","Marked: RPCPPE 2025 submitted to Accounting (2026-04-13)",RPCPPE2025-ACCT-SUB
5733,2025-07-00.000-0001-032,"Electro-Mechanical Training Set","5/2-way single solenoid valve
5/2-way double solenoid valve",,07,1,350000.00,350000.00,,,,CEA,"College of Engineering and Architecture","Vegafria, Christine","Marked: RPCPPE 2025 submitted to Accounting (2026-04-13)",RPCPPE2025-ACCT-SUB
5734,2025-07-00.000-0003-000,"Commercial Kitchen with Vent Hood, Range and Washing Sink","1. Air Ducting for Stainless Steel Kitchen Hood-1850mmL x 1000mmW x 600mmH",,07,1,369634.00,369634.00,,,,,,,"Marked: RPCPPE 2025 submitted to Accounting (2026-04-13)",RPCPPE2025-ACCT-SUB
5735,2025-07-00.000-0004-000,"Commercial Kitchen with Vent Hood, Range and Washing Sink","2. Low Pressure Burner Stove with Convection Oven-1200mmL x 750mmW x 900mmH",,07,1,369634.00,369634.00,,,,,,,"Marked: RPCPPE 2025 submitted to Accounting (2026-04-13)",RPCPPE2025-ACCT-SUB
5736,2025-07-00.000-0005-000,"Commercial Kitchen with Vent Hood, Range and","3. Stainless Steel Dishwashing Table-1500mmL x 600mmW x 1000mmH",,07,1,369634.00,369634.00,,,,,,,"Marked: RPCPPE 2025 submitted to Accounting (2026-04-13)",RPCPPE2025-ACCT-SUB
5737,2025-07-00.000-0006-000,"Portable Instructional Demo Table with Overhead Mirror, Burner, Sink and Drawers","Demo Table-72""W x 36""D x 86""H 1 burner with gas tank",,07,1,94595.00,94595.00,,D,emo,,,,"Marked: RPCPPE 2025 submitted to Accounting (2026-04-13)",RPCPPE2025-ACCT-SUB
5738,2025-07-00.000-0007-000,"Portable Instructional Demo Table with Overhead Mirror, Burner, Sink and Drawers","Demo Table-72""W x 36""D x 86""H 1 burner with gas tank",,07,1,94595.00,94595.00,,D,emo,,,,"Marked: RPCPPE 2025 submitted to Accounting (2026-04-13)",RPCPPE2025-ACCT-SUB
5739,2025-07-00.000-0008-000,"Portable Instructional Demo Table with Overhead Mirror, Burner, Sink and Drawers","Demo Table-72""W x 36""D x 86""H 1 burner with gas tank",,07,1,94595.00,94595.00,,D,emo,,,,"Marked: RPCPPE 2025 submitted to Accounting (2026-04-13)",RPCPPE2025-ACCT-SUB
5740,2025-07-00.000-0009-000,"Shelving Rack","Stainless Steel 4 layers -8ft L x 6ft H x 20"" W",,07,1,65472.00,65472.00,,S,tainless,,,,"Marked: RPCPPE 2025 submitted to Accounting (2026-04-13)",RPCPPE2025-ACCT-SUB
5741,2025-07-00.000-0010-000,"Shelving Rack","Stainless Steel 4 layers -8ft L x 6ft H x 20"" W",,07,1,65472.00,65472.00,,S,tainless,,,,"Marked: RPCPPE 2025 submitted to Accounting (2026-04-13)",RPCPPE2025-ACCT-SUB
5742,2025-07-00.000-0011-000,"Shelving Rack","Stainless Steel 4 layers -8ft L x 6ft H x 20"" W",,07,1,65472.00,65472.00,,S,tainless,,,,"Marked: RPCPPE 2025 submitted to Accounting (2026-04-13)",RPCPPE2025-ACCT-SUB
5743,2025-07-00.000-0012-000,"Shelving Rack","Stainless Steel 4 layers -8ft L x 6ft H x 20"" W",,07,1,65472.00,65472.00,,S,tainless,,,,"Marked: RPCPPE 2025 submitted to Accounting (2026-04-13)",RPCPPE2025-ACCT-SUB
5744,2025-07-00.000-0013-000,"Shelving Rack","Stainless Steel 4 layers -8ft L x 6ft H x 20"" W",,07,1,65472.00,65472.00,,S,tainless,,,,"Marked: RPCPPE 2025 submitted to Accounting (2026-04-13)",RPCPPE2025-ACCT-SUB
5745,2025-07-00.000-0014-000,"Shelving Rack","Stainless Steel 4 layers -8ft L x 6ft H x 20"" W",,07,1,65472.00,65472.00,,S,tainless,,,,"Marked: RPCPPE 2025 submitted to Accounting (2026-04-13)",RPCPPE2025-ACCT-SUB
5746,2025-07-00.000-0015-000,"Shelving Rack","Stainless Steel 4 layers -8ft L x 6ft H x 20"" W",,07,1,65472.00,65472.00,,S,tainless,,,,"Marked: RPCPPE 2025 submitted to Accounting (2026-04-13)",RPCPPE2025-ACCT-SUB
5747,2025-07-00.000-0016-000,"Shelving Rack","Stainless Steel 4 layers -8ft L x 6ft H x 20"" W",,07,1,65472.00,65472.00,,S,tainless,,,,"Marked: RPCPPE 2025 submitted to Accounting (2026-04-13)",RPCPPE2025-ACCT-SUB
5748,2025-07-00.000-0017-000,"Shelving Rack","Stainless Steel 4 layers -8ft L x 6ft H x 20"" W",,07,1,65472.00,65472.00,,S,tainless,,,,"Marked: RPCPPE 2025 submitted to Accounting (2026-04-13)",RPCPPE2025-ACCT-SUB
5749,2025-07-00.000-0018-000,"Shelving Rack","Stainless Steel 4 layers -8ft L x 6ft H x 20"" W",,07,1,65472.00,65472.00,,S,tainless,,,,"Marked: RPCPPE 2025 submitted to Accounting (2026-04-13)",RPCPPE2025-ACCT-SUB
5750,2025-07-00.000-0019-000,"Gas Tank and Pipe Installation services","5 pcs per set 50 kg per set",,07,1,750000.00,750000.00,,,,,,,"Marked: RPCPPE 2025 submitted to Accounting (2026-04-13)",RPCPPE2025-ACCT-SUB
5751,2025-07-00.000-0020-000,"Gas Tank and Pipe Installation services","5 pcs per set 50 kg per set",,07,1,750000.00,750000.00,,,,,,,"Marked: RPCPPE 2025 submitted to Accounting (2026-04-13)",RPCPPE2025-ACCT-SUB
5752,2025-07-00.000-0021-000,"Commercial Rice Steamer","12 trays- 66.25"" H x 65.5cm L x 51.5cm W, SN: 323393",,07,1,85000.00,85000.00,,,,,,,"Marked: RPCPPE 2025 submitted to Accounting (2026-04-13)",RPCPPE2025-ACCT-SUB
5753,2025-07-00.000-0022-000,"Commercial Rice Steamer","13 trays- 66.25"" H x 65.5cm L x 51.5cm W, SN: 323394",,07,1,85000.00,85000.00,,,,,,,"Marked: RPCPPE 2025 submitted to Accounting (2026-04-13)",RPCPPE2025-ACCT-SUB
5754,2025-07-00.000-0023-000,"Dough Mixer","Heavy Duty Electric Spiral, SN: 323387",,07,1,57070.00,57070.00,,H,eavy,,,,"Marked: RPCPPE 2025 submitted to Accounting (2026-04-13)",RPCPPE2025-ACCT-SUB
5755,2025-07-00.000-0024-000,"Dough Mixer","Heavy Duty Electric Spiral, SN: 323388",,07,1,57070.00,57070.00,,H,eavy,,,,"Marked: RPCPPE 2025 submitted to Accounting (2026-04-13)",RPCPPE2025-ACCT-SUB
5756,2025-07-00.000-0025-000,"Bread Proofer","2 doors, 32 trays, SN: 003",,07,1,87500.00,87500.00,,,,,,,"Marked: RPCPPE 2025 submitted to Accounting (2026-04-13)",RPCPPE2025-ACCT-SUB
5757,2025-07-00.000-0026-000,"Bread Proofer","2 doors, 32 trays, SN: 004",,07,1,87500.00,87500.00,,,,,,,"Marked: RPCPPE 2025 submitted to Accounting (2026-04-13)",RPCPPE2025-ACCT-SUB
5758,2025-07-00.000-0027-000,Refrigerator,"Commercial Reach In; Glass Door display; 2 door",,07,1,82400.00,82400.00,,C,ommercial,,,,"Marked: RPCPPE 2025 submitted to Accounting (2026-04-13)",RPCPPE2025-ACCT-SUB
5759,2025-07-00.000-0028-000,Refrigerator,"Commercial Reach In; Glass Door display; 2 door",,07,1,82400.00,82400.00,,C,ommercial,,,,"Marked: RPCPPE 2025 submitted to Accounting (2026-04-13)",RPCPPE2025-ACCT-SUB
5760,2025-07-00.000-0029-000,"Deck Oven","Model: HGB-90Q, Commercial; 3 layer-Dimensions 1170mm x 890mm x 1705mm",,07,1,174720.00,174720.00,,M,odel:,,,,"Marked: RPCPPE 2025 submitted to Accounting (2026-04-13)",RPCPPE2025-ACCT-SUB
5761,2025-07-00.000-0030-000,Freezer,"Brand Ruey Shing, Model: A/S 1588-9269, Commercial Reach In; Glass door display,2 door, SN: 0304938CBBCBH010001",,07,1,130000.00,130000.00,,B,rand,,,,"Marked: RPCPPE 2025 submitted to Accounting (2026-04-13)",RPCPPE2025-ACCT-SUB
5762,2025-07-00.000-0031-000,Freezer,"Brand: Ruey Shing, Model: A/S 1588-9269, Commercial Reach In; Glass door display,2 door, SN: 0304938CBBCBH010002",,07,1,130000.00,130000.00,,B,rand:,,,,"Marked: RPCPPE 2025 submitted to Accounting (2026-04-13)",RPCPPE2025-ACCT-SUB
5763,2025-07-00.000-0032-000,"Espresso Machine","70L, Rotary Pump-Brand: Magister, SN: 32968",,07,1,273000.00,273000.00,,,,,,,"Marked: RPCPPE 2025 submitted to Accounting (2026-04-13)",RPCPPE2025-ACCT-SUB
5764,2025-07-00.000-0033-000,"Espresso Machine","70L, Rotary Pump-Brand: Magister, SN: 32969",,07,1,273000.00,273000.00,,,,,,,"Marked: RPCPPE 2025 submitted to Accounting (2026-04-13)",RPCPPE2025-ACCT-SUB
5765,2025-07-00.000-0034-000,"Bain Marie","Commercial Stainless Steel with cabinet and stand with lock- 2155mmW x 710mmL x 905mmH",,07,1,93549.00,93549.00,,C,ommercial,,,,"Marked: RPCPPE 2025 submitted to Accounting (2026-04-13)",RPCPPE2025-ACCT-SUB
5766,2025-07-00.000-0035-000,"Bain Marie","Commercial Stainless Steel with cabinet and stand with lock- 2155mmW x 710mmL x 905mmH",,07,1,93549.00,93549.00,,C,ommercial,,,,"Marked: RPCPPE 2025 submitted to Accounting (2026-04-13)",RPCPPE2025-ACCT-SUB
5767,2025-07-00.000-0036-000,"Ice Cream Maker Machine","Model: MK-25CTA, 715mm x 560mm x 780m, SN: MY2021M11D10Q018",,07,1,94640.00,94640.00,,M,odel:,,,,"Marked: RPCPPE 2025 submitted to Accounting (2026-04-13)",RPCPPE2025-ACCT-SUB
5768,2025-07-00.000-0037-000,"Ice Cream Maker Machine","Model: MK-25CTA, 715mm x 560mm x 780m, SN: MY2021M11D10Q019",,07,1,94640.00,94640.00,,M,odel:,,,,"Marked: RPCPPE 2025 submitted to Accounting (2026-04-13)",RPCPPE2025-ACCT-SUB
5769,2025-07-00.000-0038-000,"Gas Range","with Double Oven-6 burners, Dimensions 40.5"" H x 75cm L x 120cm W",,07,1,130000.00,130000.00,,w,ith,,,,"Marked: RPCPPE 2025 submitted to Accounting (2026-04-13)",RPCPPE2025-ACCT-SUB
5770,2025-07-00.000-0039-000,"Gas Range","with Double Oven-6 burners, Dimensions 40.5"" H x 75cm L x 120cm W",,07,1,130000.00,130000.00,,w,ith,,,,"Marked: RPCPPE 2025 submitted to Accounting (2026-04-13)",RPCPPE2025-ACCT-SUB
5771,2025-07-00.000-0040-000,"Gas Range","with Double Oven-6 burners, Dimensions 40.5"" H x 75cm L x 120cm W",,07,1,130000.00,130000.00,,w,ith,,,,"Marked: RPCPPE 2025 submitted to Accounting (2026-04-13)",RPCPPE2025-ACCT-SUB
5772,2025-07-00.000-0041-000,"Gas Range","with Double Oven-6 burners, Dimensions 40.5"" H x 75cm L x 120cm W",,07,1,130000.00,130000.00,,w,ith,,,,"Marked: RPCPPE 2025 submitted to Accounting (2026-04-13)",RPCPPE2025-ACCT-SUB
5773,2025-07-00.000-0042-000,Refrigerator,"Food Display, Brand: Ruey Shing, Model: RS-S1003, SN: 63211110031456",,07,1,82400.00,82400.00,,F,ood,,,,"Marked: RPCPPE 2025 submitted to Accounting (2026-04-13)",RPCPPE2025-ACCT-SUB
5774,2025-07-00.000-0043-000,Refrigerator,"Food Display, Brand: Ruey Shing, Model: RS-S1003, SN: 63211110031409",,07,1,82400.00,82400.00,,F,ood,,,,"Marked: RPCPPE 2025 submitted to Accounting (2026-04-13)",RPCPPE2025-ACCT-SUB
5775,2025-07-00.000-0044-000,"Storage Cabinet Utensils","4 layers- Dimensions- 71 inches H x 6 feet W x 46.5cm L",,07,1,72832.00,72832.00,,,,,,,"Marked: RPCPPE 2025 submitted to Accounting (2026-04-13)",RPCPPE2025-ACCT-SUB
5776,2025-07-00.000-0045-000,"Storage Cabinet Utensils","4 layers- Dimensions- 71 inches H x 6 feet W x 46.5cm L",,07,1,72832.00,72832.00,,,,,,,"Marked: RPCPPE 2025 submitted to Accounting (2026-04-13)",RPCPPE2025-ACCT-SUB
5777,2025-07-00.000-0046-000,"Storage Cabinet Utensils","4 layers- Dimensions- 71 inches H x 6 feet W x 46.5cm L",,07,1,72832.00,72832.00,,,,,,,"Marked: RPCPPE 2025 submitted to Accounting (2026-04-13)",RPCPPE2025-ACCT-SUB
5778,2025-07-00.000-0047-000,"Storage Cabinet Utensils","4 layers- Dimensions- 71 inches H x 6 feet W x 46.5cm L",,07,1,72832.00,72832.00,,,,,,,"Marked: RPCPPE 2025 submitted to Accounting (2026-04-13)",RPCPPE2025-ACCT-SUB
5779,2025-07-00.000-0048-000,"Storage Cabinet Utensils","4 layers- Dimensions- 71 inches H x 6 feet W x 46.5cm L",,07,1,72832.00,72832.00,,,,,,,"Marked: RPCPPE 2025 submitted to Accounting (2026-04-13)",RPCPPE2025-ACCT-SUB
5780,2025-07-00.000-0049-000,"Smoker BBQ Grill","Heavy Duty Duo with chimneys Dimension- 51inches H x 188.5 cm W x 57cm L",,07,1,73000.00,73000.00,,H,eavy,,,,"Marked: RPCPPE 2025 submitted to Accounting (2026-04-13)",RPCPPE2025-ACCT-SUB
5781,2025-07-00.000-0050-000,"Smoker BBQ Grill","Heavy Duty Duo with chimneys Dimension- 51inches H x 188.5 cm W x 57cm L",,07,1,73000.00,73000.00,,H,eavy,,,,"Marked: RPCPPE 2025 submitted to Accounting (2026-04-13)",RPCPPE2025-ACCT-SUB
5782,2025-07-00.000-0051-000,"Solid Top Griller","Heavy Duty Gas, Dimensions-105cm H x 55cm W x 75cm L",,07,1,75000.00,75000.00,,H,eavy,,,,"Marked: RPCPPE 2025 submitted to Accounting (2026-04-13)",RPCPPE2025-ACCT-SUB
5783,2025-07-00.000-0052-000,"Solid Top Griller","Heavy Duty Gas, Dimensions-105cm H x 55cm W x 75cm L",,07,1,75000.00,75000.00,,H,eavy,,,,"Marked: RPCPPE 2025 submitted to Accounting (2026-04-13)",RPCPPE2025-ACCT-SUB
5784,2025-07-00.000-0053-000,"Double Deep Fat Fryer","Heavy Duty Dimensions 15 x 15 stand alone",,07,1,75000.00,75000.00,,H,eavy,,,,"Marked: RPCPPE 2025 submitted to Accounting (2026-04-13)",RPCPPE2025-ACCT-SUB
5785,2025-07-00.000-0054-000,"Kitchen Sprinkler System","Brand: Lehavot, Model: WCK-16Manually Operated, (fire suppression)",,07,1,868520.00,868520.00,,B,rand:,,,,"Marked: RPCPPE 2025 submitted to Accounting (2026-04-13)",RPCPPE2025-ACCT-SUB
5786,2025-07-00.000-0055-000,"Kitchen Sprinkler System","Brand: Lehavot, Model: WCK-16Manually Operated, (fire suppression)",,07,1,868520.00,868520.00,,B,rand:,,,,"Marked: RPCPPE 2025 submitted to Accounting (2026-04-13)",RPCPPE2025-ACCT-SUB
5787,2025-07-00.000-0056-000,"Manual Sealing Vacuum Packaging Machine","Brand: Binzap, Model DZ500, SN: 323384",,07,1,71500.00,71500.00,,B,rand:,,,,"Marked: RPCPPE 2025 submitted to Accounting (2026-04-13)",RPCPPE2025-ACCT-SUB
5788,2025-07-00.000-0057-000,"Dish Washing Machine","Brand: Dolphin, Model: DW-1200, 12 place settings, SN: 323391",,07,1,135000.00,135000.00,,B,rand:,,,,"Marked: RPCPPE 2025 submitted to Accounting (2026-04-13)",RPCPPE2025-ACCT-SUB
5789,2025-07-00.000-0002-032,"Materials Testing & Properties Equipment","with Laptops, Item Parts
1. BENCH TOP TENSILE TESTING MACHINE
2. BRINELLE HARDNESS TEST SET
3. Control Box
4. Digital Strain Display
5. LAPTOPS, HP Pavillion; Model: 14-dy1027tu SN: 8CG2043WK4, SN: 8CG151BB4Y, SN: 8CG151BB57, SN: 8CG151BB5B
6. ROTATING FATIQUE MACHINE
7. STRAIN GAUGE TRAINER
8. THIN CYLINDER with Data Aquisition
9. TORSION TESTING MACHINE (30NM)
10. Tortion Meter
11. UNIVERSAL TESTING MACHINE
12. vdas",,07,1,20300000.00,20300000.00,,w,ith,CEA,"College of Engineering and Architecture","Vegafria, Christine","Marked: RPCPPE 2025 submitted to Accounting (2026-04-13)",RPCPPE2025-ACCT-SUB
5790,2025-07-00.000-0003-032,"Thermal Power Plant Engine Trainer","Brand TecQuipmentTD1050, SN: TQ347406-001",,07,1,10490000.00,10490000.00,,B,rand,CEA,"College of Engineering and Architecture","Vegafria, Christine","Marked: RPCPPE 2025 submitted to Accounting (2026-04-13)",RPCPPE2025-ACCT-SUB
5791,2025-07-00.000-0004-032,"Power Systems Laboratory Equipment","three single-phase transformers; One three-phase transformer; Resistive, inductive and capacitive loads; Fixed ratio delta star transformer; Overcurrent protection relay; with Transformer Trainer (TECQUIPMENT Model: PSL20 SN: TQ375452-001) Modular Power System Hub (TECQUIPMENT Model: PSLHB SN: TQ379549-001)",,07,1,24980000.00,24980000.00,,t,hree,CEA,"College of Engineering and Architecture","Vegafria, Christine","Marked: RPCPPE 2025 submitted to Accounting (2026-04-13)",RPCPPE2025-ACCT-SUB
5792,2025-01-00.000-0220-000,"Water Purification System with UV System; MRC","Output (25C): 15L/H, Flowrate: Up to 2 L/min (with pressure tank), Pure Water Outlet: Type 2; reverse osmosis and deionized water; Particle <1/ml",,01,1,391075.00,391075.00,,O,utput,,,"Gadot, Jessebel","Marked: RPCPPE 2025 submitted to Accounting (2026-04-13)",RPCPPE2025-ACCT-SUB
5793,2025-05-00.000-0048-032,"Tilting Flume","Locally Fabricated; Channel: 75mm x 400mm; Bed length: 2500mm; Tilting adjustment: 1; Side walls: acrylic clear glass (9mm); Bed Channel: Stainless; Pump: 1; Head Tank: Stainless; End Tank: stainless; Steel Base stand with caster wheel; Accessories: 1 stainless steel hook and point gauge; 3 standard weirs",,05,1,530000.00,530000.00,2025-02-18,L,ocally,CEA,"College of Engineering and Architecture","Vegafria, Christine","Marked: RPCPPE 2025 submitted to Accounting (2026-04-13)",RPCPPE2025-ACCT-SUB
5794,2025-05-00.000-0001-088,Fumehood,"Dim. At least 1000mmL x 880mmW x 2400mmH; standard air bypass with 100mm wide full double wall assembly, counterbalance, safety sash glass, and built-in motor blower; SN: FH1000-NSBCL3",,05,1,391347.00,391347.00,2025-02-24,D,im.,LMU,"Laboratory Management Unit","Alabado, Ryan","Marked: RPCPPE 2025 submitted to Accounting (2026-04-13)",RPCPPE2025-ACCT-SUB
5795,2025-05-00.000-0008-011,"Preparation Table with Plain Bottom Shelf","Dimension: 2286mmW, 1067mmD, 813mmHt; 18 ga. 1.21mm thick T-304 Stainless Steel top plate, standard 90? bend nosing 50mm thick; 20 ga.0.9mm thick T-304 Stainless steel rectangular horizontal stiffener; 1.2mm thick x 11/2"" T-202 Stainless steel square tubular leg support on square type adjustable bullet feet.",,05,1,157700.00,157700.00,2025-02-24,D,imension:,CIT,"College of Industrial Technology","Francisco, Adrian","Marked: RPCPPE 2025 submitted to Accounting (2026-04-13)",RPCPPE2025-ACCT-SUB
5796,2025-05-00.000-0009-011,"Preparation Table with Plain Bottom Shelf","Dimension: 2286mmW, 1067mmD, 813mmHt; 18 ga. 1.21mm thick T-304 Stainless Steel top plate, standard 90? bend nosing 50mm thick; 20 ga.0.9mm thick T-304 Stainless steel rectangular horizontal stiffener; 1.2mm thick x 11/2"" T-202 Stainless steel square tubular leg support on square type adjustable bullet feet.",,05,1,157700.00,157700.00,2025-02-24,D,imension:,CIT,"College of Industrial Technology","Francisco, Adrian","Marked: RPCPPE 2025 submitted to Accounting (2026-04-13)",RPCPPE2025-ACCT-SUB
5797,2025-05-00.000-0010-011,"Preparation Table with Plain Bottom Shelf","Dimension: 2286mmW, 1067mmD, 813mmHt; 18 ga. 1.21mm thick T-304 Stainless Steel top plate, standard 90? bend nosing 50mm thick; 20 ga.0.9mm thick T-304 Stainless steel rectangular horizontal stiffener; 1.2mm thick x 11/2"" T-202 Stainless steel square tubular leg support on square type adjustable bullet feet.",,05,1,157700.00,157700.00,2025-02-24,D,imension:,CIT,"College of Industrial Technology","Francisco, Adrian","Marked: RPCPPE 2025 submitted to Accounting (2026-04-13)",RPCPPE2025-ACCT-SUB
5798,2025-05-00.000-0011-011,"Preparation Table with Plain Bottom Shelf","Dimension: 2286mmW, 1067mmD, 813mmHt; 18 ga. 1.21mm thick T-304 Stainless Steel top plate, standard 90? bend nosing 50mm thick; 20 ga.0.9mm thick T-304 Stainless steel rectangular horizontal stiffener; 1.2mm thick x 11/2"" T-202 Stainless steel square tubular leg support on square type adjustable bullet feet.",,05,1,157700.00,157700.00,2025-02-24,D,imension:,CIT,"College of Industrial Technology","Francisco, Adrian","Marked: RPCPPE 2025 submitted to Accounting (2026-04-13)",RPCPPE2025-ACCT-SUB
5799,2025-05-00.000-0012-011,"Preparation Table with Plain Bottom Shelf","Dimension: 2286mmW, 1067mmD, 813mmHt; 18 ga. 1.21mm thick T-304 Stainless Steel top plate, standard 90? bend nosing 50mm thick; 20 ga.0.9mm thick T-304 Stainless steel rectangular horizontal stiffener; 1.2mm thick x 11/2"" T-202 Stainless steel square tubular leg support on square type adjustable bullet feet.",,05,1,157700.00,157700.00,2025-02-24,D,imension:,CIT,"College of Industrial Technology","Francisco, Adrian","Marked: RPCPPE 2025 submitted to Accounting (2026-04-13)",RPCPPE2025-ACCT-SUB
5800,2025-05-00.000-0013-011,"Preparation Table with Plain Bottom Shelf","Dimension: 2286mmW, 1067mmD, 813mmHt; 18 ga. 1.21mm thick T-304 Stainless Steel top plate, standard 90? bend nosing 50mm thick; 20 ga.0.9mm thick T-304 Stainless steel rectangular horizontal stiffener; 1.2mm thick x 11/2"" T-202 Stainless steel square tubular leg support on square type adjustable bullet feet.",,05,1,157700.00,157700.00,2025-02-24,D,imension:,CIT,"College of Industrial Technology","Francisco, Adrian","Marked: RPCPPE 2025 submitted to Accounting (2026-04-13)",RPCPPE2025-ACCT-SUB
5801,2025-05-00.000-0014-011,"Preparation Table with Plain Bottom Shelf","Dimension: 2286mmW, 1067mmD, 813mmHt; 18 ga. 1.21mm thick T-304 Stainless Steel top plate, standard 90? bend nosing 50mm thick; 20 ga.0.9mm thick T-304 Stainless steel rectangular horizontal stiffener; 1.2mm thick x 11/2"" T-202 Stainless steel square tubular leg support on square type adjustable bullet feet.",,05,1,157700.00,157700.00,2025-02-24,D,imension:,CIT,"College of Industrial Technology","Francisco, Adrian","Marked: RPCPPE 2025 submitted to Accounting (2026-04-13)",RPCPPE2025-ACCT-SUB
5802,2025-05-00.000-0015-011,"Preparation Table with Plain Bottom Shelf","Dimension: 2286mmW, 1067mmD, 813mmHt; 18 ga. 1.21mm thick T-304 Stainless Steel top plate, standard 90? bend nosing 50mm thick; 20 ga.0.9mm thick T-304 Stainless steel rectangular horizontal stiffener; 1.2mm thick x 11/2"" T-202 Stainless steel square tubular leg support on square type adjustable bullet feet.",,05,1,157700.00,157700.00,2025-02-24,D,imension:,CIT,"College of Industrial Technology","Francisco, Adrian","Marked: RPCPPE 2025 submitted to Accounting (2026-04-13)",RPCPPE2025-ACCT-SUB
5803,2025-05-00.000-0016-011,"Canopy Hood","Dimension: 1850mmw, 1000mmD, 510mmHt; 20 ga 1.0mm thick T-202 Stainless Steel frontal hood panel; drain gutter, side panel, hood upper panel, interior filter divider and prefabricated electrical junction box; 18 ga 1.2mm thick 304 Stainless Steel prefabricated oil cup; inclusions: 2 sets of Vapor proof lamp with fixtures, glass and CFL light bulb, 1 pc On-Off Control Switch, 3 pcs Stainless Steel type Filter, 500mmlx500mmWx42mm thick; Model: PS-315A and other electrical connections",,05,1,124550.00,124550.00,2025-02-24,D,imension:,CIT,"College of Industrial Technology","Francisco, Adrian","Marked: RPCPPE 2025 submitted to Accounting (2026-04-13)",RPCPPE2025-ACCT-SUB
5804,2025-05-00.000-0017-011,"Canopy Hood","Dimension: 1850mmw, 1000mmD, 510mmHt; 20 ga 1.0mm thick T-202 Stainless Steel frontal hood panel; drain gutter, side panel, hood upper panel, interior filter divider and prefabricated electrical junction box; 18 ga 1.2mm thick 304 Stainless Steel prefabricated oil cup; inclusions: 2 sets of Vapor proof lamp with fixtures, glass and CFL light bulb, 1 pc On-Off Control Switch, 3 pcs Stainless Steel type Filter, 500mmlx500mmWx42mm thick; Model: PS-315A and other electrical connections",,05,1,124550.00,124550.00,2025-02-24,D,imension:,CIT,"College of Industrial Technology","Francisco, Adrian","Marked: RPCPPE 2025 submitted to Accounting (2026-04-13)",RPCPPE2025-ACCT-SUB
5805,2025-05-00.000-0018-011,"Chest Freezer","Manual Defrost 3 in 1; function: Chilling, Freezing, Fast freezing; solid top with sliding glass aluminum tube; 6 LED's; color white; Condura - CCF310RI SN: 200082824100015361",,05,1,115685.00,115685.00,2025-02-24,M,anual,CIT,"College of Industrial Technology","Francisco, Adrian","Marked: RPCPPE 2025 submitted to Accounting (2026-04-13)",RPCPPE2025-ACCT-SUB
5806,2025-05-00.000-0019-011,"Chest Freezer","Manual Defrost 3 in 1; function: Chilling, Freezing, Fast freezing; solid top with sliding glass aluminum tube; 6 LED's; color white; Condura - CCF310RI SN: 200083124100019515",,05,1,115685.00,115685.00,2025-02-24,M,anual,CIT,"College of Industrial Technology","Francisco, Adrian","Marked: RPCPPE 2025 submitted to Accounting (2026-04-13)",RPCPPE2025-ACCT-SUB
5807,2025-05-00.000-0020-011,Freezer,"Height (cm): 178; Width: 91.2; Length (cm): 71.6; Gross Weight (kg): 108; Net Weight (kg): 101; Inverter technology: yes: Capacity: 24.7 cu.ft; Wattage: 160 Samsung side by side space; Color-Matte Silver; Samsung - RS62R5031M9 SN: 0ATZ4NAXA00026",,05,1,229985.00,229985.00,2025-02-24,H,eight,CIT,"College of Industrial Technology","Francisco, Adrian","Marked: RPCPPE 2025 submitted to Accounting (2026-04-13)",RPCPPE2025-ACCT-SUB
5808,2025-05-00.000-0021-011,Freezer,"Height (cm): 178; Width: 91.2; Length (cm): 71.6; Gross Weight (kg): 108; Net Weight (kg): 101; Inverter technology: yes: Capacity: 24.7 cu.ft; Wattage: 160 Samsung side by side space; Color-Matte Silver; Samsung - RS62R5031M9 SN: 0ATZ4NAXA00271",,05,1,229985.00,229985.00,2025-02-24,H,eight,CIT,"College of Industrial Technology","Francisco, Adrian","Marked: RPCPPE 2025 submitted to Accounting (2026-04-13)",RPCPPE2025-ACCT-SUB
5809,2025-05-00.000-0049-032,"Pitot Tubes","head diameter of about 2.5mm, transparent pipe approx. 32mm, internal diameter and 430mm length with hose connection & water manometer approx. 500mm length in anodized aluminum structure & panel of painted steel; EDIBON - FME32; SN: FME320063",,05,1,254000.00,254000.00,,h,ead,CEA,"College of Engineering and Architecture","Vegafria, Christine","Marked: RPCPPE 2025 submitted to Accounting (2026-04-13)",RPCPPE2025-ACCT-SUB
5810,2025-05-00.000-0050-032,"U-Shape Manometer","designed for wall assembly, anodized aluminum frame & panels made of painted steel, main metallic elements made of stainless-steel length of approx. 1000mm with upper and lower collector and drain valve with manuals on required services; assembly and installation, starting up, safety, maintenance & practices manuals. EDIBON - HMM-U1000 SN: HMMU10000008",,05,1,349400.00,349400.00,,d,esigned,CEA,"College of Engineering and Architecture","Vegafria, Christine","Marked: RPCPPE 2025 submitted to Accounting (2026-04-13)",RPCPPE2025-ACCT-SUB
5811,2025-05-00.000-0022-011,"Ice Stores in Refrigeration Training Equipment Compressor","refrigeration capacity: approximately 1.7 kW at -15/32 ?C. Maximum Head: 4m Ice Store Capacity: 150L; Glycol-water tank capacity: 28L SN: GT2024121201GTRTMD001",,05,1,667800.00,667800.00,2025-03-20,r,efrigeration,CIT,"College of Industrial Technology","Francisco, Adrian","Marked: RPCPPE 2025 submitted to Accounting (2026-04-13)",RPCPPE2025-ACCT-SUB
5812,2025-05-00.000-0051-032,"Digital Rotary Viscometer","LCD Display: Display in spindle. Speed, temperature, mPas and % torque. Clear & accurate reading with at least 4 rotors & 4 speed. Equipped with RS232 to USB cable to connect to a computer for data output. Bonvoisin - NDJ-5S SN: X241551",,05,1,178878.50,178878.50,,L,CD,CEA,"College of Engineering and Architecture","Vegafria, Christine","Marked: RPCPPE 2025 submitted to Accounting (2026-04-13)",RPCPPE2025-ACCT-SUB
5813,2025-05-00.000-0052-032,"Flash point and Fire Point Apparatus","EIE (INDIA) with Digital temperature indicator along with combined wick system arrangement, dimension; 16x9x7 inches, weight 6 kg  SN: 2411393",,05,1,87886.00,87886.00,2025-04-25,E,IE,CEA,"College of Engineering and Architecture","Vegafria, Christine","Marked: RPCPPE 2025 submitted to Accounting (2026-04-13)",RPCPPE2025-ACCT-SUB
5814,2025-05-00.000-0096-021,"V. Dragon Con E5001","control console includes: mini console (1), steering wheel (1), telegraph for two engines (1), touch screen panel (2), with V. Dragon software system,",,05,1,559600.00,559600.00,2025-07-29,c,ontrol,CMS,"College of Maritime Studies",,"Marked: RPCPPE 2025 submitted to Accounting (2026-04-13)",RPCPPE2025-ACCT-SUB
5815,2025-05-00.000-0097-021,"V. Dragon Con E5001","control console includes: mini console (1), steering wheel (1), telegraph for two engines (1), touch screen panel (2), with V. Dragon software system,",,05,1,559600.00,559600.00,2025-07-29,c,ontrol,CMS,"College of Maritime Studies",,"Marked: RPCPPE 2025 submitted to Accounting (2026-04-13)",RPCPPE2025-ACCT-SUB
5816,2025-05-00.000-0098-021,"V. Dragon Con E5001","control console includes: mini console (1), steering wheel (1), telegraph for two engines (1), touch screen panel (2), with V. Dragon software system,",,05,1,559600.00,559600.00,2025-07-29,c,ontrol,CMS,"College of Maritime Studies",,"Marked: RPCPPE 2025 submitted to Accounting (2026-04-13)",RPCPPE2025-ACCT-SUB
5817,2025-05-00.000-0099-021,"V. Dragon Con E5001","control console includes: mini console (1), steering wheel (1), telegraph for two engines (1), touch screen panel (2), with V. Dragon software system,",,05,1,559600.00,559600.00,2025-07-29,c,ontrol,CMS,"College of Maritime Studies",,"Marked: RPCPPE 2025 submitted to Accounting (2026-04-13)",RPCPPE2025-ACCT-SUB
5818,2025-05-00.000-0100-021,"V. Dragon Con E5001","control console includes: mini console (1), steering wheel (1), telegraph for two engines (1), touch screen panel (2), with V. Dragon software system,",,05,1,559600.00,559600.00,2025-07-29,c,ontrol,CMS,"College of Maritime Studies",,"Marked: RPCPPE 2025 submitted to Accounting (2026-04-13)",RPCPPE2025-ACCT-SUB
5819,2025-01-00.000-0002-088,"Handwheel Autoclave","Capacity: 100L; LED Display; Chamber Material: SUS304; External Size (WxDxH): Manufactorer's Standard 550x640x1270; BIOBASE - BKQ-B100II SN: BKQB100II24105028",,01,1,265050.00,265050.00,,C,apacity:,LMU,"Laboratory Management Unit","Alabado, Ryan","Marked: RPCPPE 2025 submitted to Accounting (2026-04-13)",RPCPPE2025-ACCT-SUB
5820,2025-01-00.000-0003-088,"Laminar Flowhood","External Size (WxDxH)(mm): 1050x805x1950; Internal Size (WxDxH)(mm): 950x490x574; Control System: microprocessor controller with LCD display, graphical and digital display of the operating status of each function. Materials: Main Body: Electro-galvanized steel with antimicrobial Power Coating. Work Zone: Stainless Steel, grade 304; Infitek - LCB-H3F SN: IFTSH241030001",,01,1,139221.00,139221.00,,E,xternal,LMU,"Laboratory Management Unit","Alabado, Ryan","Marked: RPCPPE 2025 submitted to Accounting (2026-04-13)",RPCPPE2025-ACCT-SUB
5821,2025-01-00.000-0004-088,Microcentrifuge,"Table top with max capacity: 5mlx10. Max Speed: 16000r/min. Time Setting: 1min-99min. External size (WxDxH) (mm): 310x230x240. Self-locking device, over-speed safety device, and automatic alarm device. Power Supply: 220V, 60Hz ; Infitek - CFG-16B SN: IFTXY241030001",,01,1,78957.00,78957.00,,T,able,LMU,"Laboratory Management Unit","Alabado, Ryan","Marked: RPCPPE 2025 submitted to Accounting (2026-04-13)",RPCPPE2025-ACCT-SUB
5822,2025-05-00.000-0010-038,"Chemistry Table","with end sink and stools (14 seaters) with gas outlet Dim. 4800mm L X 1200mm W x 850mm H; Dim. 4800mm L x 1200mm W x 850mm H,",,05,1,498000.00,498000.00,,w,ith,CAS,"College of Arts and Sciences","Paller, Ruzel","Marked: RPCPPE 2025 submitted to Accounting (2026-04-13)",RPCPPE2025-ACCT-SUB
5823,2025-01-00.000-0221-000,"Top Loading Balance","with complete accessories including 1 set of standard test weights. Capacity:8200g; with calibration set for Analytical Balances, Class E2- 6pcs, 1x100mg, 1x10g, 2x20g, 1x50g, 1x100g. Includes: protective case, tweezers, dust brush and cleaning cloth, 1 pack of weight boat, white, 20ml, 45x45mm, square, 500/pk, 1 pack of weigh boat, white, 250ml, 140 x 140mm, square, 500/pk; Shimadzu - UP8201X (ASIA) SN: D401410196",,01,1,171000.00,171000.00,,w,ith,,,"Gadot, Jessebel","Marked: RPCPPE 2025 submitted to Accounting (2026-04-13)",RPCPPE2025-ACCT-SUB
5824,2025-01-00.000-0222-000,"Electronic Microscope","Inclusions: 1 Microscope Camera: Ultra HD 4K HDMI/USB Inoe Model: HX4K-16A SN: C 202502; 1 Desktop Computer: 12th Gen Intel Core i5, 8GB RAM, 512GB M.2 NVMe SSD, PCX system unit case, monitor 22"" AOPEN with 650VA UPS (secure)
Inoe-BE410NT SN: G2025010032",,01,1,175500.00,175500.00,,I,nclusions:,,,,"Marked: RPCPPE 2025 submitted to Accounting (2026-04-13)",RPCPPE2025-ACCT-SUB
5825,2025-07-00.000-0058-000,"Texture Analyzer","with Accessories, Probe Kit, CTX Interchangeable Load Cell and Desktop PC (Lenovo) Intel Core i5 SN: PC2EA6WL; Lenovo Thinkvision SN: 1S62AEKAR2WWVNA5ZFCK, Power Supply Santak AVR, Santak UPS",,07,1,1395000.00,1395000.00,,w,ith,,,"Gadot, Jessebel","Marked: RPCPPE 2025 submitted to Accounting (2026-04-13)",RPCPPE2025-ACCT-SUB
5826,2025-07-00.000-0059-000,"DIGESTOR WITH ACCESSORIES","with accessories (HANON-SH220F Digestor)SN: SH327270748, Scrubber (HANON S402) SIN: S0227240132, UPS, and Dust Cover; Kebos UPS SN: 83622209100516",,07,1,495000.00,495000.00,,w,ith,,,"Gadot, Jessebel","Marked: RPCPPE 2025 submitted to Accounting (2026-04-13)",RPCPPE2025-ACCT-SUB
5827,2025-07-00.000-0060-000,"UV.Vis SPECTROPHOTOMETER","AGILENT- Model: CARY 60) SN: MY22419237 w/ desktop, (Acer Veriton X4680G)
SIN: DTVVTSP0092160152E3000, colored
Printer (Canon Pixma) SN: KNUJ13014. AVR
(HOSSONI) SN: Q0301431, UPS
(SOCOMEC) SN: 2121400141",,07,1,917000.00,917000.00,,A,GILENT-,,,,"Marked: RPCPPE 2025 submitted to Accounting (2026-04-13)",RPCPPE2025-ACCT-SUB
5828,2025-01-00.000-0223-000,"Benchtop Incubator","Constant temperature heating. chamber volume: 88L. Certification/Compliance: CE Marked. Controller System: Microprocessor control with vacuum fluorescent display. Chamber Material: Corrosion-resistant stainless-steel chamber (SUS 304). Dimensions: (WxHxD) in inches Chamber- 19.69x14.33x19.60 inches/500x364x500mm. Exterior- 24x30x23? 2inches. Accessories includes No. of shelves: at least 4 perforated stainless-steel shelves; BIOBASE - BJPX-H88BK(D)",,01,1,120000.00,120000.00,,C,onstant,,,"Gadot, Jessebel","Marked: RPCPPE 2025 submitted to Accounting (2026-04-13)",RPCPPE2025-ACCT-SUB
5829,2025-01-00.000-0224-000,"6-Placer Hotplate with Magnetic Stirrer","Work plate dimension: ?134mm; Work plate material: Aluminum with ceramic coating; Motor type: Brushless DC motor; Dimension (WxDxH): at least 564x523x127mm; BIOBASE - MS-H280-S6 SN: JH241AA0000076",,01,1,124164.48,124164.48,,W,ork,,,"Gadot, Jessebel","Marked: RPCPPE 2025 submitted to Accounting (2026-04-13)",RPCPPE2025-ACCT-SUB
5830,2025-07-00.000-0061-000,Autoclave,"Hand Wheel Vertical Type; BIOBASE - BKQ-B100I SN: 	BKQ-B100I22125011",,07,1,324000.00,324000.00,,H,and,,,"Gadot, Jessebel","Marked: RPCPPE 2025 submitted to Accounting (2026-04-13)",RPCPPE2025-ACCT-SUB
5831,2025-07-00.000-0062-000,"Colony Counter","Bioevopeak - Model: CC-J3A SN: BEPKJ230228001; LED display; magnification: 3 times; max count: 9,999; 220V; 50Hz",,07,1,69995.00,69995.00,,B,ioevopeak,,,"Gadot, Jessebel","Marked: RPCPPE 2025 submitted to Accounting (2026-04-13)",RPCPPE2025-ACCT-SUB
5832,2025-07-00.000-0063-000,"Drying Oven","Bioevopeak - Model: DOF-H250-B SN: BEPLY230228001; Capacity: 252L; Temperature range: 10-300C; Shelves: 3/10; 220V; 50/60Hz",,07,1,154500.00,154500.00,,B,ioevopeak,,,"Gadot, Jessebel","Marked: RPCPPE 2025 submitted to Accounting (2026-04-13)",RPCPPE2025-ACCT-SUB
5833,2025-07-00.000-0064-000,Fumehood,"Biobase, Model: FH100, SN: FH10EEII230200007A",,07,1,254603.00,254603.00,,B,iobase,,,"Gadot, Jessebel","Marked: RPCPPE 2025 submitted to Accounting (2026-04-13)",RPCPPE2025-ACCT-SUB
5834,2025-07-00.000-0065-000,Fumehood,"Biobase, Model: FH100, SN: FH10EII230200011A",,07,1,254603.00,254603.00,,B,iobase,,,"Gadot, Jessebel","Marked: RPCPPE 2025 submitted to Accounting (2026-04-13)",RPCPPE2025-ACCT-SUB
5835,2025-01-00.000-0225-000,Stomacher,"with accessories & blender bags, Optimal Blending volume: 400ml, Power: 220V, all stainless steel with AVR
1 security drip tray, 1 power cable, 1box of blender bags with full page filter (500pcs/box), 1 bag opener, 1 bag rack (can hold 10 bags) Interscience",,01,1,327500.00,327500.00,,w,ith,,,"Gadot, Jessebel","Marked: RPCPPE 2025 submitted to Accounting (2026-04-13)",RPCPPE2025-ACCT-SUB
5836,2025-05-00.000-0023-011,"Industrial Motor Control with PLC Trainer","1 unit siemens logo PLC, 1 unit expansion module, 1 unit 2.5A, power supply, 1 unit 10A, 3P, MCB, 1 unit 2A, 2P, MCB, 4 units pilot lamp, 4 units push button, 3 units magnetic contractor, 3 units overload relay, 1 unit selector switch, 1 unit emergency stop, 1 unit router, 1 unit 1 hp induction motor",,05,1,82500.00,82500.00,2025-12-26,,,CIT,"College of Industrial Technology","Francisco, Adrian","Marked: RPCPPE 2025 submitted to Accounting (2026-04-13)",RPCPPE2025-ACCT-SUB
5837,2025-05-00.000-0024-011,"Variable Frequency Drive Trainer","1 unit VFD (1 HP, 220V), 1 unit 2.5A, power supply, 1 unit 10A, 3P, MCB, 1 unit 2A, 2P, MCB, 2 units pilot lamp, 3 units push button, 2 units selector switch",,05,1,67000.00,67000.00,2025-12-26,,,CIT,"College of Industrial Technology","Francisco, Adrian","Marked: RPCPPE 2025 submitted to Accounting (2026-04-13)",RPCPPE2025-ACCT-SUB
5838,2025-01-00.000-0226-000,"Dessicator Cabinet","Ideal for dry storage of moisture-sensitive materials; can be used in refrigerator or at room temperature; color is bronze for light-sensitive materials; fully removable, tray-like shelves have perforated bottoms and slide in/out on pre-set rails; number of shelves: 3; internal volume 0.82 cu ft.; material: acrylic",,01,1,115400.00,115400.00,,I,deal,,,"Gadot, Jessebel","Marked: RPCPPE 2025 submitted to Accounting (2026-04-13)",RPCPPE2025-ACCT-SUB
5839,2025-01-00.000-0227-000,"Laboratory Furnace Exhaust Hood","fabricated, suitable for a Human Lab Digital Muffle Furnace, Industrial type and ducted with electronic and speed control, finish type: stainless steel; Model: DMF-03",,01,1,77500.00,77500.00,,f,abricated,,,"Gadot, Jessebel","Marked: RPCPPE 2025 submitted to Accounting (2026-04-13)",RPCPPE2025-ACCT-SUB
5840,2025-01-00.000-0228-000,"Multiparameter pH Meter","pH Range: -2.00 to 16.00pH, 1000mV
pH Calibration: up to 5 points
pH Temperature Compensation: ATC -5.0 to 100 0c; 23.0 to 212.0F
with additional probes:
Electrical Conductivity
Total Dissolved Solids
Salinity
Dissolved Oxygen
Additional Specifications
Connectivity: 1 micro-USB port for charging and PC connectivity, 1 USB port storage
pH kit includes:
Glass body, refillable pH 4 buffer solutions, at least 2 sachets of pH 4 buffer solutions, at least 2 sachets of pH 7 buffer solutions, at least 2 sachets of pH 10 buffer solutions, electrode cleaning solutions, USB cable, benchtop docking station with electrode holder, all mount cradle, 5 VDC power adapter, instruction manual and quality certificate
HI163100 SN: 116066; Hanna Model:  HI11310 SN: CC9181AE",,01,1,170500.00,170500.00,,p,H,,,"Gadot, Jessebel","Marked: RPCPPE 2025 submitted to Accounting (2026-04-13)",RPCPPE2025-ACCT-SUB
5841,2025-01-00.000-0229-000,"Analytical Balance","Compatible with Velp Scientifica Oxitest, 
Capacity at least 220g, 
Readability 0.1mg, Linearity 0.2mg, 
With RS232 connector
With Calibration Set :w/ Class M2 Test Weights: 10mg, 100mg. 1g, 10g. 100g includes protective case, tweezer, dust brush and cleaning cloth.
1 pack of weight boat, white, 20ml, 45x45mm, square, 500=/pk
1pack of weight boat, white, 250ml, 140x140mm, square 500/pk; Shimadzu - ATX224R SN: D326008231",,01,1,146600.00,146600.00,,C,ompatible,,,"Gadot, Jessebel","Marked: RPCPPE 2025 submitted to Accounting (2026-04-13)",RPCPPE2025-ACCT-SUB
5842,18-01-00.000-0001-031,"Construction of Water System of UA-Caluya Extension",,,01,0,559659.66,0.00,0018-11-12,,,SPM,"Supply and Property Management Unit","Cabagay, Julrey","Marked: RPCPPE 2025 submitted to Accounting (2026-04-13)",RPCPPE2025-ACCT-SUB
5843,2025-05-00.000-0299-031,"Realignment of Waterline System",,,05,0,984618.47,0.00,,,,SPM,"Supply and Property Management Unit",,"Marked: RPCPPE 2025 submitted to Accounting (2026-04-13)",RPCPPE2025-ACCT-SUB
5844,2025-05-00.000-0300-031,"Construction of Water Tank and Looping of Existing Waterline in the University",,,05,0,991658.40,0.00,,,,SPM,"Supply and Property Management Unit",,"Marked: RPCPPE 2025 submitted to Accounting (2026-04-13)",RPCPPE2025-ACCT-SUB
5845,2025-05-00.000-0301-031,"Repair of water systen",,,05,0,249854.74,0.00,,,,SPM,"Supply and Property Management Unit",,"Marked: RPCPPE 2025 submitted to Accounting (2026-04-13)",RPCPPE2025-ACCT-SUB
5909,ADJ-RPCPPE2025-ACCT-SUB-05-1060101000,,"RPCPPE Reconciliation Adjustment 05 1.06.01.010.00",1.06.01.010.00,05,1,12000000.00,12000000.00,,,,,,,"RPCPPE 2025 summary reconciliation auto-adjustment",RPCPPE2025-ACCT-SUB
5910,ADJ-RPCPPE2025-ACCT-SUB-05-1060299000,,"RPCPPE Reconciliation Adjustment 05 1.06.02.990.00",1.06.02.990.00,05,1,12251471.42,12251471.42,,,,,,,"RPCPPE 2025 summary reconciliation auto-adjustment",RPCPPE2025-ACCT-SUB
5911,ADJ-RPCPPE2025-ACCT-SUB-01-1060304000,,"RPCPPE Reconciliation Adjustment 01 1.06.03.040.00",1.06.03.040.00,01,1,559659.66,559659.66,,,,,,,"RPCPPE 2025 summary reconciliation auto-adjustment",RPCPPE2025-ACCT-SUB
5912,ADJ-RPCPPE2025-ACCT-SUB-05-1060304000,,"RPCPPE Reconciliation Adjustment 05 1.06.03.040.00",1.06.03.040.00,05,1,2226131.61,2226131.61,,,,,,,"RPCPPE 2025 summary reconciliation auto-adjustment",RPCPPE2025-ACCT-SUB
5913,ADJ-RPCPPE2025-ACCT-SUB-01-1060305000,,"RPCPPE Reconciliation Adjustment 01 1.06.03.050.00",1.06.03.050.00,01,1,4688170.92,4688170.92,,,,,,,"RPCPPE 2025 summary reconciliation auto-adjustment",RPCPPE2025-ACCT-SUB
5914,ADJ-RPCPPE2025-ACCT-SUB-05-1060305000,,"RPCPPE Reconciliation Adjustment 05 1.06.03.050.00",1.06.03.050.00,05,1,12710009.13,12710009.13,,,,,,,"RPCPPE 2025 summary reconciliation auto-adjustment",RPCPPE2025-ACCT-SUB
5915,ADJ-RPCPPE2025-ACCT-SUB-05-1060401000,,"RPCPPE Reconciliation Adjustment 05 1.06.04.010.00",1.06.04.010.00,05,1,-21201785.55,-21201785.55,,,,,,,"RPCPPE 2025 summary reconciliation auto-adjustment",RPCPPE2025-ACCT-SUB
5916,ADJ-RPCPPE2025-ACCT-SUB-01-1060402000,,"RPCPPE Reconciliation Adjustment 01 1.06.04.020.00",1.06.04.020.00,01,1,3580763.51,3580763.51,,,,,,,"RPCPPE 2025 summary reconciliation auto-adjustment",RPCPPE2025-ACCT-SUB
5917,ADJ-RPCPPE2025-ACCT-SUB-05-1060402000,,"RPCPPE Reconciliation Adjustment 05 1.06.04.020.00",1.06.04.020.00,05,1,4046508.30,4046508.30,,,,,,,"RPCPPE 2025 summary reconciliation auto-adjustment",RPCPPE2025-ACCT-SUB
5918,ADJ-RPCPPE2025-ACCT-SUB-01-1060499000,,"RPCPPE Reconciliation Adjustment 01 1.06.04.990.00",1.06.04.990.00,01,1,-3580763.51,-3580763.51,,,,,,,"RPCPPE 2025 summary reconciliation auto-adjustment",RPCPPE2025-ACCT-SUB
5919,ADJ-RPCPPE2025-ACCT-SUB-05-1060499000,,"RPCPPE Reconciliation Adjustment 05 1.06.04.990.00",1.06.04.990.00,05,1,22198580.57,22198580.57,,,,,,,"RPCPPE 2025 summary reconciliation auto-adjustment",RPCPPE2025-ACCT-SUB
5920,ADJ-RPCPPE2025-ACCT-SUB-01-1060501000,,"RPCPPE Reconciliation Adjustment 01 1.06.05.010.00",1.06.05.010.00,01,1,11853860.00,11853860.00,,,,,,,"RPCPPE 2025 summary reconciliation auto-adjustment",RPCPPE2025-ACCT-SUB
5921,ADJ-RPCPPE2025-ACCT-SUB-05-1060501000,,"RPCPPE Reconciliation Adjustment 05 1.06.05.010.00",1.06.05.010.00,05,1,1856538.00,1856538.00,,,,,,,"RPCPPE 2025 summary reconciliation auto-adjustment",RPCPPE2025-ACCT-SUB
5922,ADJ-RPCPPE2025-ACCT-SUB-01-1060502000,,"RPCPPE Reconciliation Adjustment 01 1.06.05.020.00",1.06.05.020.00,01,1,12344704.00,12344704.00,,,,,,,"RPCPPE 2025 summary reconciliation auto-adjustment",RPCPPE2025-ACCT-SUB
5923,ADJ-RPCPPE2025-ACCT-SUB-05-1060502000,,"RPCPPE Reconciliation Adjustment 05 1.06.05.020.00",1.06.05.020.00,05,1,19961019.00,19961019.00,,,,,,,"RPCPPE 2025 summary reconciliation auto-adjustment",RPCPPE2025-ACCT-SUB
5924,ADJ-RPCPPE2025-ACCT-SUB-06-1060502000,,"RPCPPE Reconciliation Adjustment 06 1.06.05.020.00",1.06.05.020.00,06,1,55000.00,55000.00,,,,,,,"RPCPPE 2025 summary reconciliation auto-adjustment",RPCPPE2025-ACCT-SUB
5925,ADJ-RPCPPE2025-ACCT-SUB-01-1060503000,,"RPCPPE Reconciliation Adjustment 01 1.06.05.030.00",1.06.05.030.00,01,1,18343297.00,18343297.00,,,,,,,"RPCPPE 2025 summary reconciliation auto-adjustment",RPCPPE2025-ACCT-SUB
5926,ADJ-RPCPPE2025-ACCT-SUB-05-1060503000,,"RPCPPE Reconciliation Adjustment 05 1.06.05.030.00",1.06.05.030.00,05,1,17402861.73,17402861.73,,,,,,,"RPCPPE 2025 summary reconciliation auto-adjustment",RPCPPE2025-ACCT-SUB
5927,ADJ-RPCPPE2025-ACCT-SUB-01-1060507000,,"RPCPPE Reconciliation Adjustment 01 1.06.05.070.00",1.06.05.070.00,01,1,391800.00,391800.00,,,,,,,"RPCPPE 2025 summary reconciliation auto-adjustment",RPCPPE2025-ACCT-SUB
5928,ADJ-RPCPPE2025-ACCT-SUB-05-1060507000,,"RPCPPE Reconciliation Adjustment 05 1.06.05.070.00",1.06.05.070.00,05,1,1520860.40,1520860.40,,,,,,,"RPCPPE 2025 summary reconciliation auto-adjustment",RPCPPE2025-ACCT-SUB
5929,ADJ-RPCPPE2025-ACCT-SUB-01-1060509000,,"RPCPPE Reconciliation Adjustment 01 1.06.05.090.00",1.06.05.090.00,01,1,889920.00,889920.00,,,,,,,"RPCPPE 2025 summary reconciliation auto-adjustment",RPCPPE2025-ACCT-SUB
5930,ADJ-RPCPPE2025-ACCT-SUB-05-1060509000,,"RPCPPE Reconciliation Adjustment 05 1.06.05.090.00",1.06.05.090.00,05,1,645000.00,645000.00,,,,,,,"RPCPPE 2025 summary reconciliation auto-adjustment",RPCPPE2025-ACCT-SUB
5931,ADJ-RPCPPE2025-ACCT-SUB-05-1060511000,,"RPCPPE Reconciliation Adjustment 05 1.06.05.110.00",1.06.05.110.00,05,1,579249.67,579249.67,,,,,,,"RPCPPE 2025 summary reconciliation auto-adjustment",RPCPPE2025-ACCT-SUB
5932,ADJ-RPCPPE2025-ACCT-SUB-01-1060513000,,"RPCPPE Reconciliation Adjustment 01 1.06.05.130.00",1.06.05.130.00,01,1,464600.00,464600.00,,,,,,,"RPCPPE 2025 summary reconciliation auto-adjustment",RPCPPE2025-ACCT-SUB
5933,ADJ-RPCPPE2025-ACCT-SUB-05-1060513000,,"RPCPPE Reconciliation Adjustment 05 1.06.05.130.00",1.06.05.130.00,05,1,264800.00,264800.00,,,,,,,"RPCPPE 2025 summary reconciliation auto-adjustment",RPCPPE2025-ACCT-SUB
5934,ADJ-RPCPPE2025-ACCT-SUB-01-1060514000,,"RPCPPE Reconciliation Adjustment 01 1.06.05.140.00",1.06.05.140.00,01,1,19159114.48,19159114.48,,,,,,,"RPCPPE 2025 summary reconciliation auto-adjustment",RPCPPE2025-ACCT-SUB
5935,ADJ-RPCPPE2025-ACCT-SUB-05-1060514000,,"RPCPPE Reconciliation Adjustment 05 1.06.05.140.00",1.06.05.140.00,05,1,47198308.98,47198308.98,,,,,,,"RPCPPE 2025 summary reconciliation auto-adjustment",RPCPPE2025-ACCT-SUB
5936,ADJ-RPCPPE2025-ACCT-SUB-07-1060514000,,"RPCPPE Reconciliation Adjustment 07 1.06.05.140.00",1.06.05.140.00,07,1,90376646.00,90376646.00,,,,,,,"RPCPPE 2025 summary reconciliation auto-adjustment",RPCPPE2025-ACCT-SUB
5937,ADJ-RPCPPE2025-ACCT-SUB-01-1060599000,,"RPCPPE Reconciliation Adjustment 01 1.06.05.990.00",1.06.05.990.00,01,1,14859918.75,14859918.75,,,,,,,"RPCPPE 2025 summary reconciliation auto-adjustment",RPCPPE2025-ACCT-SUB
5938,ADJ-RPCPPE2025-ACCT-SUB-05-1060599000,,"RPCPPE Reconciliation Adjustment 05 1.06.05.990.00",1.06.05.990.00,05,1,9155563.28,9155563.28,,,,,,,"RPCPPE 2025 summary reconciliation auto-adjustment",RPCPPE2025-ACCT-SUB
5939,ADJ-RPCPPE2025-ACCT-SUB-07-1060599000,,"RPCPPE Reconciliation Adjustment 07 1.06.05.990.00",1.06.05.990.00,07,1,58272.00,58272.00,,,,,,,"RPCPPE 2025 summary reconciliation auto-adjustment",RPCPPE2025-ACCT-SUB
5940,ADJ-RPCPPE2025-ACCT-SUB-06-1060599000,,"RPCPPE Reconciliation Adjustment 06 1.06.05.990.00",1.06.05.990.00,06,1,347440.00,347440.00,,,,,,,"RPCPPE 2025 summary reconciliation auto-adjustment",RPCPPE2025-ACCT-SUB
5941,ADJ-RPCPPE2025-ACCT-SUB-01-1060601000,,"RPCPPE Reconciliation Adjustment 01 1.06.06.010.00",1.06.06.010.00,01,1,1640000.00,1640000.00,,,,,,,"RPCPPE 2025 summary reconciliation auto-adjustment",RPCPPE2025-ACCT-SUB
5942,ADJ-RPCPPE2025-ACCT-SUB-05-1060601000,,"RPCPPE Reconciliation Adjustment 05 1.06.06.010.00",1.06.06.010.00,05,1,12842000.00,12842000.00,,,,,,,"RPCPPE 2025 summary reconciliation auto-adjustment",RPCPPE2025-ACCT-SUB
5943,ADJ-RPCPPE2025-ACCT-SUB-01-1060701000,,"RPCPPE Reconciliation Adjustment 01 1.06.07.010.00",1.06.07.010.00,01,1,923555.90,923555.90,,,,,,,"RPCPPE 2025 summary reconciliation auto-adjustment",RPCPPE2025-ACCT-SUB
5944,ADJ-RPCPPE2025-ACCT-SUB-05-1060701000,,"RPCPPE Reconciliation Adjustment 05 1.06.07.010.00",1.06.07.010.00,05,1,14641371.80,14641371.80,,,,,,,"RPCPPE 2025 summary reconciliation auto-adjustment",RPCPPE2025-ACCT-SUB
5945,ADJ-RPCPPE2025-ACCT-SUB-01-1080102000,,"RPCPPE Reconciliation Adjustment 01 1.08.01.020.00",1.08.01.020.00,01,1,7000000.00,7000000.00,,,,,,,"RPCPPE 2025 summary reconciliation auto-adjustment",RPCPPE2025-ACCT-SUB
5946,ADJ-RPCPPE2025-ACCT-SUB-05-1080102000,,"RPCPPE Reconciliation Adjustment 05 1.08.01.020.00",1.08.01.020.00,05,1,9700937.00,9700937.00,,,,,,,"RPCPPE 2025 summary reconciliation auto-adjustment",RPCPPE2025-ACCT-SUB
