id,property_number,item_description,account_code,account_name,fund_source,unit_cost,acquisition_date,office_id
3719,2025-01-01.010-0001-000,"Lot No. 683 - 272 sq. meters @ P0.28/sq.m.",1.06.01.010.00,Land,01,111520.00,,
3720,2025-01-01.010-0002-000,"Lot No. 690 - 225 sq. meters @ P0.19/sq.m.",1.06.01.010.00,Land,01,81000.00,,
3721,2025-01-01.010-0003-000,"Lot No. 684 - 284 sq. meters @ P0.20",1.06.01.010.00,Land,01,116440.00,,
3722,2025-01-01.010-0004-000,"Lot No. 675 - 29,544 sq. meters @ P0.04",1.06.01.010.00,Land,01,3610749.20,,
3723,2025-01-01.010-0005-000,"Lot No. 691 - 1767 sq. meters @ P0.20/sq.m.",1.06.01.010.00,Land,01,636120.00,,
3724,2025-01-01.010-0006-000,"Lot No. 680 - 1554 sq. meters @ P0.14/sq.m.",1.06.01.010.00,Land,01,637140.00,,
3725,2025-01-01.010-0007-000,"Lot No. 679 - 42,685 sq. meters @ P0.12/sq.m.",1.06.01.010.00,Land,01,15366600.00,,
3726,2025-01-01.010-0008-000,"Lot No. 8863 - 6310 sq. meters @ P0.10/sq.m.",1.06.01.010.00,Land,01,2587100.00,,
3727,2025-01-01.010-0009-000,"Lot No. 682 - 213 sq. meters @ P0.14/sq.m.",1.06.01.010.00,Land,01,87330.00,,
3728,2025-01-01.010-0010-000,"Lot No. 8864 - 2142 sq. meters @ P0.10/sq.m.",1.06.01.010.00,Land,01,771120.00,,
3729,2025-01-01.010-0011-000,"Lot No. 674 - 9577 sq. meters @ P0.30/sq.m.",1.06.01.010.00,Land,01,517816.80,,
3730,2015-05-01.010-0001-000,"Title No. N-4814 8,670 sq. m.",1.06.01.010.00,Land,05,12000000.00,2015-07-20,
3950,2025-05-01.010-0001-000,"8,670 sq. m.",1.06.01.010.00,Land,05,12000000.00,,
3731,2004-01-02.990-0001-000,"70 Span 3 x 3 meters ( repaired 325.64 sq. m. 5/10/2024)",1.06.02.990.00,"Other Land Improvements",01,1789757.60,2004-01-01,
3732,2004-01-02.990-0002-000,"81 x 156 sq. m.",1.06.02.990.00,"Other Land Improvements",01,898000.00,2004-01-01,
3733,2004-01-02.990-0003-000,Roadway,1.06.02.990.00,"Other Land Improvements",01,847560.00,2004-01-01,
3734,2018-01-02.990-0001-000,"6,048 sq.m",1.06.02.990.00,"Other Land Improvements",01,8851483.33,2018-06-26,
3735,2018-01-02.990-0002-000,"0.072 sq.m",1.06.02.990.00,"Other Land Improvements",01,148466.98,2018-06-26,
3736,2024-01-02.990-0001-000,"1250 sq.m.",1.06.02.990.00,"Other Land Improvements",01,24999784.35,2024-12-02,
3946,1204-05-02.990-0001-000,"327 sq.m.",1.06.02.990.00,"Other Land Improvements",05,188393.42,1204-02-12,
3737,2005-05-02.990-0001-000,"Drainage System",1.06.02.990.00,"Other Land Improvements",05,1834126.13,2005-08-07,
3739,2018-05-02.990-0001-000,"Const of pavement, pathwalk & drainage - A=230 sq.m.; front of Supply Office (9/21/18)",1.06.02.990.00,"Other Land Improvements",05,2031404.31,2018-09-21,
3742,2020-05-02.990-0001-000,"Land Improvement form Architecture Building to Gate 3 (Provision for Pathwalk)",1.06.02.990.00,"Other Land Improvements",05,375945.29,2020-06-05,
3743,2023-05-02.990-0001-000,"Landscaping of Old GEB Lawn - A=1,026.42 sq.m.",1.06.02.990.00,"Other Land Improvements",05,1909677.54,2023-11-22,
3744,2024-05-02.990-0001-000,"Landscaping at the front of perimeter fence along national road (carabao grass front of center gate) - 327 sq.m.",1.06.02.990.00,"Other Land Improvements",05,188393.42,2024-02-12,
3745,2024-05-02.990-0002-000,"Construction of road network (pool area) - 749 sq.m. w/ slope protection",1.06.02.990.00,"Other Land Improvements",05,2803675.72,2024-11-11,
3746,2024-05-02.990-0003-000,"Construction of sports training center phase 2 (retaining wall north side) - 299.3 sq. m.",1.06.02.990.00,"Other Land Improvements",05,995668.66,2024-11-11,
3747,2024-05-02.990-0004-000,"Perimeter fence and drainage system along national road phase IV (shed extension and walk rays)-Repair - 274.434 sq.m.; front gate",1.06.02.990.00,"Other Land Improvements",05,795891.77,2024-08-15,
3740,2025-05-02.990-0001-000,"Const of pavement, pathwalk & drainage - A=320 sq.m.; front of UA Canteen (9/21/18)",1.06.02.990.00,"Other Land Improvements",05,0.00,,
3741,2025-05-02.990-0002-000,"Const of pavement, pathwalk & drainage - A=962 sq.m.; front of old GEB to Gate-2",1.06.02.990.00,"Other Land Improvements",05,0.00,,
3945,2025-05-02.990-0003-000,"A=1,028.42 sq.m.",1.06.02.990.00,"Other Land Improvements",05,1909677.54,,
3947,2025-05-02.990-0004-000,"749 sq.m. w/ slope protection",1.06.02.990.00,"Other Land Improvements",05,2803675.72,,
3948,2025-05-02.990-0005-000,"299.3 sq. m.",1.06.02.990.00,"Other Land Improvements",05,995668.66,,
3949,2025-05-02.990-0006-000,"274.434 sq.m. ; front gate",1.06.02.990.00,"Other Land Improvements",05,795891.77,,
3738,2026-05-02.990-0001-000,"Rehab of UA drainage (side of Covered Gym) 2nd payment",1.06.02.990.00,"Other Land Improvements",05,1316688.58,2026-04-13,
3752,2025-01-03.050-0001-000,"Installation of additional 17 units Lamp Posts w/ solar powered light",1.06.03.050.00,"Power Supply Systems",01,344000.00,,
3753,2025-01-03.050-0002-000,"Installation of transformer, generator set (Libertad Extension) and rehabilitation fo electrical system (Phase-2,Main Campus)",1.06.03.050.00,"Power Supply Systems",01,1456170.92,,
3754,2025-01-03.050-0003-000,"75KVA, 1 phase, 120/240V, 7620/12300, 60Hz, branded with complete accessories with testing and other necessary tools and materials needed for testing; GMD",1.06.03.050.00,"Power Supply Systems",01,510000.00,,
3755,2025-01-03.050-0004-000,"75KVA, 1 phase, 120/240V, 7620/12300, 60Hz, branded with complete accessories with testing and other necessary tools and materials needed for testing; GMD",1.06.03.050.00,"Power Supply Systems",01,1200000.00,,
3756,2025-01-03.050-0005-000,"AUTOMATIC TRANSFER SWITCH-1250AT, 3 phase, molded case circuit breaker, draw out type, 65kaic, 240V MEMA3R; GMD",1.06.03.050.00,"Power Supply Systems",01,410000.00,,
3757,2025-01-03.050-0006-000,"15KVA, dry type floor mounted, 3 phase, 220V output, 60Hz with complete accessories and with testing and commissioning; GMD",1.06.03.050.00,"Power Supply Systems",01,110000.00,,
3759,2024-05-03.050-0001-000,"Rewiring at Second Floor of the Technology Building",1.06.03.050.00,"Power Supply Systems",05,1972658.89,2024-12-16,
3758,2025-05-03.050-0001-000,"Phase 1, DIESEL Generator set, KiKio KOC200X-III, 200KVA SN: K240915001: Zgenpower",1.06.03.050.00,"Power Supply Systems",05,6470785.67,,
3772,1975-05-04.010-0001-000,"2-storey; 238.68 sq.m.",1.06.04.010.00,Buildings,05,2489735.51,1975-01-28,
3762,2025-05-04.010-0001-000,343.05sq.m.,1.06.04.010.00,Buildings,05,517687.55,,
3763,2025-05-04.010-0002-000,343.05sq.m.,1.06.04.010.00,Buildings,05,2800000.00,,
3764,2025-05-04.010-0003-000,"407.4 sq.m.",1.06.04.010.00,Buildings,05,2100000.00,,
3765,2025-05-04.010-0004-000,"1-storey, 26.75 sq.m.",1.06.04.010.00,Buildings,05,475299.90,,
3766,2025-05-04.010-0005-000,"2-storey 335.5 sq.m.",1.06.04.010.00,Buildings,05,3489653.75,,
3767,2025-05-04.010-0006-000,"Student and Personnel Services Center Phase 1",1.06.04.010.00,Buildings,05,10736765.84,,
3768,2025-05-04.010-0007-000,"195.3 sq.m.",1.06.04.010.00,Buildings,05,133988.74,,
3769,2025-05-04.010-0008-000,"1-storey; 22.1992 (Office)
1-storey 32.2768 ( Barraks/ C.R)",1.06.04.010.00,Buildings,05,998491.67,,
3771,2025-05-04.010-0009-000,"177.968 sq.m. 1 story bldng.",1.06.04.010.00,Buildings,05,996795.02,,
4201,2025-01-04.020-0001-000,"3-storey, 414.63 sq.m.",1.06.04.020.00,"School Buildings",01,4933147.05,,
4202,2025-01-04.020-0002-000,"2-storey, 165.2 sq.m. + 1,048.5 sq.m.",1.06.04.020.00,"School Buildings",01,2034385.02,,
4203,2025-01-04.020-0003-000,"3-storey building 1,291.24 sq.m.",1.06.04.020.00,"School Buildings",01,19999999.72,,
4204,2025-01-04.020-0004-000,"2-storey, 4,284 sq.m.",1.06.04.020.00,"School Buildings",01,11334544.11,,
4205,2025-01-04.020-0005-000,"3-storey, 996.32 sq.m.",1.06.04.020.00,"School Buildings",01,10935224.60,,
4206,2025-01-04.020-0006-000,"4-storey building 4,284 sq.m.",1.06.04.020.00,"School Buildings",01,29999858.99,,
4207,2025-01-04.020-0007-000,"3-storey, 1,291.24 sq.m.,",1.06.04.020.00,"School Buildings",01,9001555.65,,
4208,2025-01-04.020-0008-000,"2-storey building, 1306 sq.m.",1.06.04.020.00,"School Buildings",01,29988669.75,,
4209,2025-01-04.020-0009-000,"416.61 sq.m.",1.06.04.020.00,"School Buildings",01,4638917.64,,
4210,2025-01-04.020-0010-000,"185.47 sq. m.",1.06.04.020.00,"School Buildings",01,1434443.11,,
4217,2025-01-04.020-0011-000,"1,220 sq.m",1.06.04.020.00,"School Buildings",01,3580763.51,2025-07-18,
4212,2023-05-04.020-0001-000,"1188.9136 sq.m.",1.06.04.020.00,"School Buildings",05,1769103.92,2023-04-28,
4211,2025-05-04.020-0001-000,"2-storey, 426.4806 sq.m.",1.06.04.020.00,"School Buildings",05,3298846.23,,
4213,2025-05-04.020-0002-000,"4-storey building, 300 sq.m.",1.06.04.020.00,"School Buildings",05,3818905.20,,
4214,2025-05-04.020-0003-000,"1-storey building, 27 sq.m.",1.06.04.020.00,"School Buildings",05,299611.26,,
4215,2025-05-04.020-0004-000,"1,763.075 sq. m.",1.06.04.020.00,"School Buildings",05,2150228.93,,
4216,2025-05-04.020-0005-000,"1 storey; 241 sq.m.",1.06.04.020.00,"School Buildings",05,4046508.30,,
4181,2025-01-04.990-0001-000,"4 units",1.06.04.990.00,"Other Structures",01,88551.89,,
4182,2025-01-04.990-0002-000,"100 sq.m.",1.06.04.990.00,"Other Structures",01,964445.21,,
4183,2025-01-04.990-0003-000,"463.7 sq.m.",1.06.04.990.00,"Other Structures",01,1765893.19,,
4184,2025-01-04.990-0004-000,"366.2237 sq.m.",1.06.04.990.00,"Other Structures",01,424618.19,,
4185,2025-01-04.990-0005-000,"2,160 sq.m.",1.06.04.990.00,"Other Structures",01,19943587.13,,
4191,2024-05-04.990-0001-000,"298.45 sq.m.",1.06.04.990.00,"Other Structures",05,1900384.00,2024-01-04,
3760,2025-05-04.990-0001-000,157sq.m.,1.06.04.990.00,"Other Structures",05,989777.05,,
3761,2025-05-04.990-0002-000,843.14sq.m.,1.06.04.990.00,"Other Structures",05,359120.00,,
3770,2025-05-04.990-0003-000,"384.65 sq.m",1.06.04.990.00,"Other Structures",05,497155.30,,
4186,2025-05-04.990-0004-000,"152.832 sq.m.",1.06.04.990.00,"Other Structures",05,949189.94,,
4187,2025-05-04.990-0005-000,"314.441 sq.m.",1.06.04.990.00,"Other Structures",05,3453437.89,,
4188,2025-05-04.990-0006-000,"314.441 sq.m.",1.06.04.990.00,"Other Structures",05,930091.88,,
4189,2025-05-04.990-0007-000,"135 sq.m.",1.06.04.990.00,"Other Structures",05,262691.45,,
4190,2025-05-04.990-0008-000,"40.58 sq.m.",1.06.04.990.00,"Other Structures",05,593803.94,,
4192,2025-05-04.990-0009-000,"178.59 sq. m.",1.06.04.990.00,"Other Structures",05,593368.82,,
4193,2025-05-04.990-0010-000,"118.356 sq. m.",1.06.04.990.00,"Other Structures",05,896924.04,,
4194,2025-05-04.990-0011-000,"157 sq.m.",1.06.04.990.00,"Other Structures",05,740905.21,,
4195,2025-05-04.990-0012-000,"Water Borehole Drilling",1.06.04.990.00,"Other Structures",05,560724.24,,
4196,2025-05-04.990-0013-000,"186.3725 sq.m.",1.06.04.990.00,"Other Structures",05,994061.15,,
4197,2025-05-04.990-0014-000,"30.6 Sq.m. 1storey bldg",1.06.04.990.00,"Other Structures",05,900898.90,,
4198,2025-05-04.990-0015-000,"retaining wall- 15.5m, drainage- 32m, backstage- 105 sq.m",1.06.04.990.00,"Other Structures",05,534094.05,,
4199,2025-05-04.990-0016-000,"41.5 sq.m.",1.06.04.990.00,"Other Structures",05,249165.76,2025-04-14,
4200,2025-05-04.990-0017-000,"612.5 sq.m.",1.06.04.990.00,"Other Structures",05,997778.01,2025-04-14,
566,0-01-05.010-0001-000,"Computer Display; Hydraulic S/N: 13098816",1.06.05.010.00,Machinery,01,950000.00,0000-00-00,
570,0-01-05.010-0002-000,"Brand STIHL Model M5720 Original; Made from Germany; SN: S177829109",1.06.05.010.00,Machinery,01,71900.00,0000-00-00,
3958,1905-01-05.010-0001-000,"Brand: Powercraft Model: PMW 250i (Taurus 250) SN: 160650354",1.06.05.010.00,Machinery,01,55000.00,1905-07-08,
3965,2001-01-05.010-0001-000,"Tilting Arbor Scoring w/ table; Model TAS-12SCS; Taiwan brand new S/N: 000523",1.06.05.010.00,Machinery,01,845000.00,2001-04-04,
3951,2025-01-05.010-0001-000,"(TUDA) 1500rpm; Chuck size-16""",1.06.05.010.00,Machinery,01,731000.00,,
3952,2025-01-05.010-0002-000,"6 D.S. Diesel Water Cool 60KVA Generator w/ control Panel Board; 1 phase, 2 phase, 3 phase (TAIYO); SP 2623",1.06.05.010.00,Machinery,01,740500.00,,
3953,2025-01-05.010-0003-000,"Original; Made from Germany; NEWEST SN: 120356011",1.06.05.010.00,Machinery,01,71900.00,,
3954,2025-01-05.010-0004-000,"Original; Made from Germany; SN: S177829121",1.06.05.010.00,Machinery,01,71900.00,,
3956,2025-01-05.010-0005-000,"Rigol DG 3061A; SN: DG3G103900554",1.06.05.010.00,Machinery,01,113900.00,,
3960,2025-01-05.010-0006-000,"with dryer; Samsung;SN: ORCR5ABA900168",1.06.05.010.00,Machinery,01,65000.00,,
3961,2025-01-05.010-0007-000,"Siruba brand; 747F-514M2-24 SN: TH180903376",1.06.05.010.00,Machinery,01,72000.00,,
3962,2025-01-05.010-0008-000,"Siruba brand; 747F-514M2-24; SN: TH180903149",1.06.05.010.00,Machinery,01,72000.00,,
3963,2025-01-05.010-0009-000,"Wakenkiko SN: 5387 7.10ft; length of bed 5.6ft, swing of bed; chuck length 9""; 3 jaw",1.06.05.010.00,Machinery,01,239000.00,,
3964,2025-01-05.010-0010-000,"Model: YXL 700mm cap HINOKI",1.06.05.010.00,Machinery,01,58700.00,,
3966,2025-01-05.010-0011-000,"3 stage w/ 15HP Engine Yanmar; SN-7-0-1639",1.06.05.010.00,Machinery,01,290000.00,,
3967,2025-01-05.010-0012-000,"125 KVA, control panel board; Nissan SN:34288 Model UD63 SN:320410",1.06.05.010.00,Machinery,01,890000.00,,
3968,2025-01-05.010-0013-000,"6LD Yanmar; No. FX4FO964 Japan",1.06.05.010.00,Machinery,01,350000.00,,
3969,2025-01-05.010-0014-000,"B-310; 300 amps; Japan (Daiden)",1.06.05.010.00,Machinery,01,69950.00,,
3970,2025-01-05.010-0015-000,"Model LS-555E, SN-010456 (Taiwan)",1.06.05.010.00,Machinery,01,298000.00,,
3971,2025-01-05.010-0016-000,"Model HS 5310 SN: 020555 Chen Sheng",1.06.05.010.00,Machinery,01,200000.00,,
3972,2025-01-05.010-0017-000,"Model: TC-240",1.06.05.010.00,Machinery,01,156500.00,,
3973,2025-01-05.010-0018-000,"Model: P76ST",1.06.05.010.00,Machinery,01,141000.00,,
3974,2025-01-05.010-0019-000,"Iveco brand; 300KVA; 3 phase; 240V; 60Hz; 80% power factor and with brand new batteries and soundproof enclosure; Italy",1.06.05.010.00,Machinery,01,2100000.00,,
3975,2025-01-05.010-0020-000,"Brand: Powercraft; Model: PIW 315i (Arc 315) SN: 160302638",1.06.05.010.00,Machinery,01,50000.00,,
3955,2026-01-05.010-0001-000,"550 watts; 120V/60Hz",1.06.05.010.00,Machinery,01,94000.00,2026-04-13,
3957,2026-01-05.010-0002-000,"Brand: Powercraft Model:PTAD 200i (Omega 200) No SN:",1.06.05.010.00,Machinery,01,55000.00,2026-04-13,
3976,2026-01-05.010-0003-000,"Brand: Powercraft Model: PMW 250i (Taurus 250)",1.06.05.010.00,Machinery,01,55000.00,2026-04-13,
121,0-05-05.010-0001-000,"Japan (Daiden) B-310 S/N: FE9470081",1.06.05.010.00,Machinery,05,65000.00,0000-00-00,
122,0-05-05.010-0002-000,"Japan (Daiden) B-310 S/N: 0070087",1.06.05.010.00,Machinery,05,65000.00,0000-00-00,
126,0-05-05.010-0003-000,"300 amps. Daiden B310 SN: 0070028",1.06.05.010.00,Machinery,05,75000.00,0000-00-00,
131,0-05-05.010-0004-000,"37""; Model: 55-4507-2 (Mastercraft)",1.06.05.010.00,Machinery,05,198000.00,0000-00-00,
136,0-05-05.010-0005-000,"Electrical DC arc; Model: Bluthunder 403; Italy (Miller) SN-MD282493D",1.06.05.010.00,Machinery,05,249200.00,0000-00-00,
137,0-05-05.010-0006-000,"TIG/MMA; Model: XMT-425VS; US made; (Miller) SN-MC341371U",1.06.05.010.00,Machinery,05,499088.00,0000-00-00,
259,0-05-05.010-0007-000,"Japan (Daiden) B-310 S/N: 0070029",1.06.05.010.00,Machinery,05,65000.00,0000-00-00,
3977,2025-05-05.010-0001-000,"5HP; Japan; UCHIDA",1.06.05.010.00,Machinery,05,70000.00,,
3978,2025-05-05.010-0002-000,"Daiden M: B-3101V S/N: FE02070118",1.06.05.010.00,Machinery,05,75000.00,,
3979,2025-05-05.010-0003-000,"160 amps w/ accessories (SATO)",1.06.05.010.00,Machinery,05,55000.00,,
3980,2025-05-05.010-0004-000,"300amp; Japan (Daiden)",1.06.05.010.00,Machinery,05,69950.00,,
132,2026-05-05.010-0001-000,"Variable Speed Bench; CJ0618A; SP2102,350mm",1.06.05.010.00,Machinery,05,100380.00,2026-04-13,
133,2026-05-05.010-0002-000,"Variable Speed Bench SP2102, 250mm",1.06.05.010.00,Machinery,05,135940.00,2026-04-13,
135,2026-05-05.010-0003-000,"Variable Speed Bench; C6; SP2105, 550mm",1.06.05.010.00,Machinery,05,133980.00,2026-04-13,
651,0-01-05.020-0001-000,"55 inch, 4K Smart Google TV- TCL Model: 55P635; SN: 2401ALY209179C00905",1.06.05.020.00,"Office Equipment",01,50010.00,0000-00-00,
652,0-01-05.020-0002-000,"55 inch, 4K Smart Google TV- TCL Model: 55P635; SN: 2401ALY209179C00144",1.06.05.020.00,"Office Equipment",01,50010.00,0000-00-00,
653,0-01-05.020-0003-000,"55 inch, 4K Smart Google TV- TCL Model: 55P635; SN: 2401ALY209179C00662",1.06.05.020.00,"Office Equipment",01,50010.00,0000-00-00,
654,0-01-05.020-0004-000,"55 inch, 4K Smart Google TV- TCL Model: 55P635; SN: 2401ALY209160B02041",1.06.05.020.00,"Office Equipment",01,50010.00,0000-00-00,
655,0-01-05.020-0005-000,"55 inch, 4K Smart Google TV- TCL Model: 55P635; SN: 2401ALY209179C00841",1.06.05.020.00,"Office Equipment",01,50010.00,0000-00-00,
656,0-01-05.020-0006-000,"55 inch, 4K Smart Google TV- TCL Model: 55P635; SN: 2401ALY209160B02041",1.06.05.020.00,"Office Equipment",01,50010.00,0000-00-00,
657,0-01-05.020-0007-000,"55 inch, 4K Smart Google TV- TCL Model: 55P635; SN: 2401ALY209179C00154",1.06.05.020.00,"Office Equipment",01,50010.00,0000-00-00,
658,0-01-05.020-0008-000,"55 inch, 4K Smart Google TV- TCL Model: 55P635; SN: 2401ALY209179C00937",1.06.05.020.00,"Office Equipment",01,50010.00,0000-00-00,
660,0-01-05.020-0009-000,"55 inch, 4K Smart Google TV- TCL Model: 55P635; SN: 2401ALY209179C00923",1.06.05.020.00,"Office Equipment",01,50010.00,0000-00-00,
661,0-01-05.020-0010-000,"55 inch, 4K Smart Google TV- TCL Model: 55P635; SN: 2401ALY209160B02250",1.06.05.020.00,"Office Equipment",01,50010.00,0000-00-00,
662,0-01-05.020-0011-000,"55 inch, 4K Smart Google TV- TCL Model: 55P635; SN: 2401ALY209160B02058",1.06.05.020.00,"Office Equipment",01,50010.00,0000-00-00,
663,0-01-05.020-0012-000,"55 inch, 4K Smart Google TV- TCL Model: 55P635; SN: 2401ALY209160B02183",1.06.05.020.00,"Office Equipment",01,50010.00,0000-00-00,
664,0-01-05.020-0013-000,"55 inch, 4K Smart Google TV- TCL Model: 55P635; SN: 2401ALY209160B02190",1.06.05.020.00,"Office Equipment",01,50010.00,0000-00-00,
665,0-01-05.020-0014-000,"55 inch, 4K Smart Google TV- TCL Model: 55P635; SN: 2401ALY209160B02037",1.06.05.020.00,"Office Equipment",01,50010.00,0000-00-00,
666,0-01-05.020-0015-000,"55 inch, 4K Smart Google TV- TCL Model: 55P635; SN: 2401ALY209160B02252",1.06.05.020.00,"Office Equipment",01,50010.00,0000-00-00,
667,0-01-05.020-0016-000,"55 inch, 4K Smart Google TV- TCL Model: 55P635; SN: 2401ALY209160B02185",1.06.05.020.00,"Office Equipment",01,61000.00,0000-00-00,
668,0-01-05.020-0017-000,"55 inch, 4K Smart Google TV- TCL Model: 55P635; SN: 2401ALY209160B02191",1.06.05.020.00,"Office Equipment",01,50010.00,0000-00-00,
669,0-01-05.020-0018-000,"55 inch, 4K Smart Google TV- TCL Model: 55P635; SN: 2401ALY209160B02032",1.06.05.020.00,"Office Equipment",01,61000.00,0000-00-00,
670,0-01-05.020-0019-000,"55 inch, 4K Smart Google TV- TCL Model: 55P635; SN: 2401ALY209160B02260",1.06.05.020.00,"Office Equipment",01,61000.00,0000-00-00,
671,0-01-05.020-0020-000,"56 inch, 4K Smart Google TV- TCL Model: 55P635; SN: 2401ALY209160B02105",1.06.05.020.00,"Office Equipment",01,50010.00,0000-00-00,
672,0-01-05.020-0021-000,"55 inch, 4K Smart Google TV- TCL Model: 55P635; SN: 2401ALY209160B02259",1.06.05.020.00,"Office Equipment",01,61000.00,0000-00-00,
673,0-01-05.020-0022-000,"55 inch, 4K Smart Google TV- TCL Model: 55P635; SN: 2401ALY209179C00929",1.06.05.020.00,"Office Equipment",01,61000.00,0000-00-00,
674,0-01-05.020-0023-000,"55 inch, 4K Smart Google TV- TCL Model: 55P635; SN: 2401ALY209179C00946",1.06.05.020.00,"Office Equipment",01,50010.00,0000-00-00,
675,0-01-05.020-0024-000,"55 inch, 4K Smart Google TV- TCL Model: 55P635; SN: 2401ALY209179C00138",1.06.05.020.00,"Office Equipment",01,50010.00,0000-00-00,
676,0-01-05.020-0025-000,"55 inch, 4K Smart Google TV- TCL Model: 55P635; SN: 2401ALY209179C00473",1.06.05.020.00,"Office Equipment",01,50010.00,0000-00-00,
677,0-01-05.020-0026-000,"55 inch, 4K Smart Google TV- TCL Model: 55P635; SN: 2401ALY209160B02245",1.06.05.020.00,"Office Equipment",01,50010.00,0000-00-00,
678,0-01-05.020-0027-000,"55 inch, 4K Smart Google TV- TCL Model: 55P635; SN: 2401ALY209179C00951",1.06.05.020.00,"Office Equipment",01,50010.00,0000-00-00,
679,0-01-05.020-0028-000,"55 inch, 4K Smart Google TV- TCL Model: 55P635; SN: 2401ALY209160B02044",1.06.05.020.00,"Office Equipment",01,50010.00,0000-00-00,
680,0-01-05.020-0029-000,"55 inch, 4K Smart Google TV- TCL Model: 55P635; SN: 2401ALY209160B02046",1.06.05.020.00,"Office Equipment",01,50010.00,0000-00-00,
681,0-01-05.020-0030-000,"55 inch, 4K Smart Google TV- TCL Model: 55P635; SN: 2401ALY209160B02057",1.06.05.020.00,"Office Equipment",01,50010.00,0000-00-00,
682,0-01-05.020-0031-000,"55 inch, 4K Smart Google TV- TCL Model: 55P635; SN: 2401ALY209160B02186",1.06.05.020.00,"Office Equipment",01,50010.00,0000-00-00,
683,0-01-05.020-0032-000,"55 inch, 4K Smart Google TV- TCL Model: 55P635; SN: 2401ALY209179C00924",1.06.05.020.00,"Office Equipment",01,50010.00,0000-00-00,
684,0-01-05.020-0033-000,"55 inch, 4K Smart Google TV- TCL Model: 55P635; SN: 2401ALY209179C00891",1.06.05.020.00,"Office Equipment",01,50010.00,0000-00-00,
685,0-01-05.020-0034-000,"55 inch, 4K Smart Google TV- TCL Model: 55P635; SN: 2401ALY209179C00908",1.06.05.020.00,"Office Equipment",01,50010.00,0000-00-00,
686,0-01-05.020-0035-000,"55 inch, 4K Smart Google TV- TCL Model: 55P635; SN: 2401ALY209179C00878",1.06.05.020.00,"Office Equipment",01,50010.00,0000-00-00,
687,0-01-05.020-0036-000,"55 inch, 4K Smart Google TV- TCL Model: 55P635; SN: 2401ALY209179C00805",1.06.05.020.00,"Office Equipment",01,50010.00,0000-00-00,
688,0-01-05.020-0037-000,"55 inch, 4K Smart Google TV- TCL Model: 55P635; SN: 2401ALY209179C00470",1.06.05.020.00,"Office Equipment",01,50010.00,0000-00-00,
689,0-01-05.020-0038-000,"55 inch, 4K Smart Google TV- TCL Model: 55P635; SN: 2401ALY209179C00930",1.06.05.020.00,"Office Equipment",01,50010.00,0000-00-00,
690,0-01-05.020-0039-000,"55 inch, 4K Smart Google TV- TCL Model: 55P635; SN: 2401ALY209179C00911",1.06.05.020.00,"Office Equipment",01,50010.00,0000-00-00,
691,0-01-05.020-0040-000,"55 inch, 4K Smart Google TV- TCL Model: 55P635; SN: 2401ALY209179C00917",1.06.05.020.00,"Office Equipment",01,50010.00,0000-00-00,
702,0-01-05.020-0041-000,"55 inch, 4K Smart Google TV- TCL Model: 55P635; SN: 2401ALY209179C00469",1.06.05.020.00,"Office Equipment",01,50010.00,0000-00-00,
703,0-01-05.020-0042-000,"55 inch, 4K Smart Google TV- TCL Model: 55P635; SN: 2401ALY209179C00803",1.06.05.020.00,"Office Equipment",01,50010.00,0000-00-00,
704,0-01-05.020-0043-000,"55 inch, 4K Smart Google TV- TCL Model: 55P635; SN: 2401ALY209160B02142",1.06.05.020.00,"Office Equipment",01,50010.00,0000-00-00,
705,0-01-05.020-0044-000,"55 inch, 4K Smart Google TV- TCL Model: 55P635; SN: 2401ALY209179C00894",1.06.05.020.00,"Office Equipment",01,50010.00,0000-00-00,
706,0-01-05.020-0045-000,"55 inch, 4K Smart Google TV- TCL Model: 55P635; SN: 2401ALY209179C00142",1.06.05.020.00,"Office Equipment",01,50010.00,0000-00-00,
707,0-01-05.020-0046-000,"55 inch, 4K Smart Google TV- TCL Model: 55P635; SN: 2401ALY209179C00143",1.06.05.020.00,"Office Equipment",01,50010.00,0000-00-00,
708,0-01-05.020-0047-000,"55 inch, 4K Smart Google TV- TCL Model: 55P635; SN: 2401ALY209160B02106",1.06.05.020.00,"Office Equipment",01,50010.00,0000-00-00,
709,0-01-05.020-0048-000,"55 inch, 4K Smart Google TV- TCL Model: 55P635; SN: 2401ALY209179C00240",1.06.05.020.00,"Office Equipment",01,50010.00,0000-00-00,
710,0-01-05.020-0049-000,"55 inch, 4K Smart Google TV- TCL Model: 55P635; SN: 2401ALY209179C00478",1.06.05.020.00,"Office Equipment",01,50010.00,0000-00-00,
711,0-01-05.020-0050-000,"55 inch, 4K Smart Google TV- TCL Model: 55P635; SN: 2401ALY209160B02140",1.06.05.020.00,"Office Equipment",01,50010.00,0000-00-00,
712,0-01-05.020-0051-000,"55 inch, 4K Smart Google TV- TCL Model: 55P635; SN: 2401ALY209160B02182",1.06.05.020.00,"Office Equipment",01,50010.00,0000-00-00,
713,0-01-05.020-0052-000,"55 inch, 4K Smart Google TV- TCL Model: 55P635; SN: 2401ALY209160B02469",1.06.05.020.00,"Office Equipment",01,50010.00,0000-00-00,
714,0-01-05.020-0053-000,"55 inch, 4K Smart Google TV- TCL Model: 55P635; SN: 2401ALY209179C00933",1.06.05.020.00,"Office Equipment",01,50010.00,0000-00-00,
715,0-01-05.020-0054-000,"55 inch, 4K Smart Google TV- TCL Model: 55P635; SN: 2401ALY209160B02187",1.06.05.020.00,"Office Equipment",01,50010.00,0000-00-00,
716,0-01-05.020-0055-000,"55 inch, 4K Smart Google TV- TCL Model: 55P635; SN: 2401ALY209160B02192",1.06.05.020.00,"Office Equipment",01,50010.00,0000-00-00,
717,0-01-05.020-0056-000,"55 inch, 4K Smart Google TV- TCL Model: 55P635; SN: 2401ALY210070B00998",1.06.05.020.00,"Office Equipment",01,50010.00,0000-00-00,
718,0-01-05.020-0057-000,"55 inch, 4K Smart Google TV- TCL Model: 55P635; SN: 2401ALY209160B02196",1.06.05.020.00,"Office Equipment",01,50010.00,0000-00-00,
719,0-01-05.020-0058-000,"55 inch, 4K Smart Google TV- TCL Model: 55P635; SN: 2401ALY209160B02143",1.06.05.020.00,"Office Equipment",01,50010.00,0000-00-00,
720,0-01-05.020-0059-000,"55 inch, 4K Smart Google TV- TCL Model: 55P635; SN: 2401ALY209160B02029",1.06.05.020.00,"Office Equipment",01,50010.00,0000-00-00,
721,0-01-05.020-0060-000,"55 inch, 4K Smart Google TV- TCL Model: 55P635; SN: 2401ALY209179C00922",1.06.05.020.00,"Office Equipment",01,50010.00,0000-00-00,
722,0-01-05.020-0061-000,"55 inch, 4K Smart Google TV- TCL Model: 55P635; SN: 2401ALY209160B02181",1.06.05.020.00,"Office Equipment",01,50010.00,0000-00-00,
723,0-01-05.020-0062-000,"55 inch, 4K Smart Google TV- TCL Model: 55P635; SN: 2401ALY209160B02040",1.06.05.020.00,"Office Equipment",01,50010.00,0000-00-00,
724,0-01-05.020-0063-000,"55 inch, 4K Smart Google TV- TCL Model: 55P635; SN: 2401ALY209160B02034",1.06.05.020.00,"Office Equipment",01,50010.00,0000-00-00,
725,0-01-05.020-0064-000,"55 inch, 4K Smart Google TV- TCL Model: 55P635; SN: 2401ALY209160B02372",1.06.05.020.00,"Office Equipment",01,50010.00,0000-00-00,
726,0-01-05.020-0065-000,"55 inch, 4K Smart Google TV- TCL Model: 55P635; SN: 2401ALY209160B02033",1.06.05.020.00,"Office Equipment",01,50010.00,0000-00-00,
727,0-01-05.020-0066-000,"55 inch, 4K Smart Google TV- TCL Model: 55P635; SN: 2401ALY209179C00941",1.06.05.020.00,"Office Equipment",01,50010.00,0000-00-00,
728,0-01-05.020-0067-000,"55 inch, 4K Smart Google TV- TCL Model: 55P635; SN: 2401ALY209179C00915",1.06.05.020.00,"Office Equipment",01,50010.00,0000-00-00,
730,0-01-05.020-0068-000,"5 tonner, floor mounted; Everest; SN: 2401248060163190160010",1.06.05.020.00,"Office Equipment",01,191000.00,0000-00-00,
733,0-01-05.020-0069-000,"75' UHD 4K Smart Television - SAMSUNG Model: UA75CU7000G SN: 0NWE3NNX100123",1.06.05.020.00,"Office Equipment",01,82000.00,0000-00-00,
734,0-01-05.020-0070-000,"75' UHD 4K Smart Television - SAMSUNG Model: UA75CU7000G SN: 0NWE3NNX100061",1.06.05.020.00,"Office Equipment",01,82000.00,0000-00-00,
735,0-01-05.020-0071-000,"75' UHD 4K Smart Television - SAMSUNG Model: UA75CU7000G SN: 0NWE3NNX100076",1.06.05.020.00,"Office Equipment",01,82000.00,0000-00-00,
736,0-01-05.020-0072-000,"75' UHD 4K Smart Television - SAMSUNG Model: UA75CU7000G SN: 0NWE3NNX100077",1.06.05.020.00,"Office Equipment",01,82000.00,0000-00-00,
738,0-01-05.020-0073-000,"75' UHD 4K Smart Television - SAMSUNG Model: UA75CU7000G SN: 0NWE3NNX100104",1.06.05.020.00,"Office Equipment",01,82000.00,0000-00-00,
739,0-01-05.020-0074-000,"75' UHD 4K Smart Television - SAMSUNG Model: UA75CU7000G SN: 0NWE3NNX100074",1.06.05.020.00,"Office Equipment",01,82000.00,0000-00-00,
740,0-01-05.020-0075-000,"75' UHD 4K Smart Television - SAMSUNG Model: UA75CU7000G SN: 0NWE3NNX100083",1.06.05.020.00,"Office Equipment",01,82000.00,0000-00-00,
741,0-01-05.020-0076-000,"75' UHD 4K Smart Television - SAMSUNG Model: UA75CU7000G SN: 0NWE3NNX100113",1.06.05.020.00,"Office Equipment",01,82000.00,0000-00-00,
742,0-01-05.020-0077-000,"75' UHD 4K Smart Television - SAMSUNG Model: UA75CU7000G SN: 0NWE3NNWB00080",1.06.05.020.00,"Office Equipment",01,82000.00,0000-00-00,
743,0-01-05.020-0078-000,"75' UHD 4K Smart Television - SAMSUNG Model: UA75CU7000G SN: 0NWE3NNX100075",1.06.05.020.00,"Office Equipment",01,82000.00,0000-00-00,
744,0-01-05.020-0079-000,"75' UHD 4K Smart Television - SAMSUNG Model: UA75CU7000G SN: 0NWE3NNX100080",1.06.05.020.00,"Office Equipment",01,82000.00,0000-00-00,
745,0-01-05.020-0080-000,"75' UHD 4K Smart Television - SAMSUNG Model: UA75CU7000G SN: 0NWE3NNX100072",1.06.05.020.00,"Office Equipment",01,82000.00,0000-00-00,
746,0-01-05.020-0081-000,"75' UHD 4K Smart Television - SAMSUNG Model: UA75CU7000G SN: 0NWE3NNX100110",1.06.05.020.00,"Office Equipment",01,82000.00,0000-00-00,
809,0-01-05.020-0082-000,"75 inch touchscreen, 3,840 x 2,160 pixels, 400 cd/m2 brigthness, Plug and Play Android apps, easy-to use interface and built-in Apps, built-in camera and microphone for interactive conference, HDMI, USB or type-C compatible, split-screen presentation capability, picture-in picture function, multi-touch support for up to 20 mutli; MODEL: DHI-LCH75-MC410-B; SN: AA00E8BPGT00045",1.06.05.020.00,"Office Equipment",01,110000.00,0000-00-00,
1025,0-01-05.020-0083-000,"3T, inverter, floor-mounted; split type, with free installation Outdoor SN: 540N305440244170860006; BOSTON BAY - MFJ-36CRDN1R32-NR SN Indoor: 540N306130141110810047",1.06.05.020.00,"Office Equipment",01,114770.00,0000-00-00,
3995,2018-01-05.020-0001-000,"split type 3 tonner; Kolin SN: 20211807-15282",1.06.05.020.00,"Office Equipment",01,76100.00,2018-12-05,
869,2024-01-05.020-0001-000,"""SET- (ABRAM) 4Mx2.5M P3.91 INDOOR FULL COLORED LED DISPLAY
Includes:
40 pcs. 500mmx500mmx87mm LED display cabinet
2 pcs Novastar all in one video processors. 
SN: 2KUA03C07W0A10003277
SN: 2KUA03C07W0A10003347
8 pcs. 250mmx250mm spare module
4 pcs. Spare power supply
4 pcs spare nova receiver
8 pcs. 0.5M hanging beam
1-unit AVR- 10KVA (STAVCI)
75M 2.Omm2 (14#) 2C Royal Cord
2 pcs 30m heavy duty HDMI""",1.06.05.020.00,"Office Equipment",01,1587500.00,2024-09-30,
870,2024-01-05.020-0002-000,"65"" UHD 4K, refresh rate 60Hz, SAMSUNG - UA65DU7000G SN: 0U4A3NEX301051",1.06.05.020.00,"Office Equipment",01,57450.00,2024-09-30,
871,2024-01-05.020-0003-000,"65"" UHD 4K, refresh rate 60Hz, SAMSUNG - UA65DU7000G SN: 0U4A3NEX300587",1.06.05.020.00,"Office Equipment",01,57450.00,2024-09-30,
872,2024-01-05.020-0004-000,"65"" UHD 4K, refresh rate 60Hz, SAMSUNG - UA65DU7000G SN: 0U4A3NEX300583",1.06.05.020.00,"Office Equipment",01,57450.00,2024-09-30,
873,2024-01-05.020-0005-000,"65"" UHD 4K, refresh rate 60Hz, SAMSUNG - UA65DU7000G SN: 	0U4A3NEX301052",1.06.05.020.00,"Office Equipment",01,57450.00,2024-09-30,
875,2024-01-05.020-0006-000,"65"" UHD 4K, refresh rate 60Hz, SAMSUNG - UA65DU7000G SN: 	0U4A3NEX301056",1.06.05.020.00,"Office Equipment",01,57450.00,2024-09-30,
876,2024-01-05.020-0007-000,"65"" UHD 4K, refresh rate 60Hz, SAMSUNG - UA65DU7000G SN: 	0U4A3NEX300668",1.06.05.020.00,"Office Equipment",01,57450.00,2024-09-30,
1166,2025-01-05.020-0001-000,"3T; inverter; floor-mounted; split type
Outdoor Model: AC036BXPDKC, SN: BPQEP3CY700132D; SAMSUNG - AC036BNPDKC Indoor SN: BPQDP3EY700080L",1.06.05.020.00,"Office Equipment",01,103250.00,2025-12-18,
1167,2025-01-05.020-0002-000,"2.5HP; inverter; split type; wall mounted; Outdoor SN: 121202AHCNW16252D000028; TCL - TAC-24CSA/BEI; Indoor SN: 121201AHCMN25252A000115",1.06.05.020.00,"Office Equipment",01,65940.00,2025-12-18,
1181,2025-01-05.020-0003-000,"2.5HP; inverter; split type; wall mounted- Gray; TCL - TAC-24CSA/BEI SN:  121201AHCMN25252A000056",1.06.05.020.00,"Office Equipment",01,65940.00,2025-12-18,
1182,2025-01-05.020-0004-000,"2.5HP; inverter; split type; wall mounted- Gray; TCL - TAC-24CSA/BEI SN: 121201AHCMN25252A000098",1.06.05.020.00,"Office Equipment",01,65940.00,2025-12-18,
1184,2025-01-05.020-0005-000,"2.5HP; inverter; split type; wall mounted; TCL - TAC-24CSA/BEI SN: 121201AHCMN25252A000046",1.06.05.020.00,"Office Equipment",01,65940.00,2025-12-18,
1185,2025-01-05.020-0006-000,"2.5HP; inverter; split type; wall mounted; TCL - TAC-24CSA/BEI SN: 121201AHCMN25252A000182",1.06.05.020.00,"Office Equipment",01,65940.00,2025-12-18,
3982,2025-01-05.020-0007-000,"with ARDF; Gestetner MP2014AD SN: G617M950386",1.06.05.020.00,"Office Equipment",01,54500.00,,
3983,2025-01-05.020-0008-000,"with ARDF; Gestetner MP2014AD SN: G618M550094",1.06.05.020.00,"Office Equipment",01,54500.00,,
3984,2025-01-05.020-0009-000,"with ARDF; Gestetner MP2001L SN: E346M550018",1.06.05.020.00,"Office Equipment",01,79000.00,,
3985,2025-01-05.020-0010-000,"with ARDF; Gestetner MP2014AD SN: G617M750155",1.06.05.020.00,"Office Equipment",01,54500.00,,
3986,2025-01-05.020-0011-000,"3 ton; floor mounted; Kolin, Outdoor: 20221805-14144; Indoor: 20211801-13643",1.06.05.020.00,"Office Equipment",01,84650.00,,
3987,2025-01-05.020-0012-000,"3 ton; floor mounted; Kolin, Outdoor: SN: 20221805-14147; Indoor: 20211806-14435",1.06.05.020.00,"Office Equipment",01,84650.00,,
3988,2025-01-05.020-0013-000,"3 ton; floor mounted; Kolin, Outdoor: SN: 20221805-13796 Indoor: 20211801-13739",1.06.05.020.00,"Office Equipment",01,84650.00,,
3989,2025-01-05.020-0014-000,"Wall Mounted-DAIKIN 2.5 HP SN: E012583",1.06.05.020.00,"Office Equipment",01,53900.00,,
3990,2025-01-05.020-0015-000,"Wall Mounted-DAIKIN 2.5 HP SN: E009159",1.06.05.020.00,"Office Equipment",01,53900.00,,
3991,2025-01-05.020-0016-000,"Wall Mounted-DAIKIN 2.5 HP SN: E012502",1.06.05.020.00,"Office Equipment",01,53900.00,,
3992,2025-01-05.020-0017-000,"Wall Mounted-DAIKIN 2.5 HP SN: E010708",1.06.05.020.00,"Office Equipment",01,53900.00,,
3993,2025-01-05.020-0018-000,"5 tonner; split type; floor mounted; Koppel SN: KL273089",1.06.05.020.00,"Office Equipment",01,103320.00,,
3994,2025-01-05.020-0019-000,"split type 3 tonner; Kolin SN: 20211807-15269",1.06.05.020.00,"Office Equipment",01,76100.00,,
3996,2025-01-05.020-0020-000,"split type 3 tonner; Kolin SN: 20211807-15277",1.06.05.020.00,"Office Equipment",01,76100.00,,
3997,2025-01-05.020-0021-000,"split type 3 tonner; Kolin SN: 20211806-14244",1.06.05.020.00,"Office Equipment",01,76100.00,,
3998,2025-01-05.020-0022-000,"5 tonner, split type; floor mounted; Koppel SN: KL273088",1.06.05.020.00,"Office Equipment",01,103320.00,,
3999,2025-01-05.020-0023-000,"6 tonner, split type; floor mounted; Koppel SN: LL323286",1.06.05.020.00,"Office Equipment",01,103320.00,,
4000,2025-01-05.020-0024-000,"LED 50"" Smart TV; LG 50UK 6300 PTE SN: 807INJL4Z228",1.06.05.020.00,"Office Equipment",01,54990.00,,
4001,2025-01-05.020-0025-000,"LED 50"" Smart TV; LG 50UK 6300 PTE SN: 805INGQ1D216",1.06.05.020.00,"Office Equipment",01,54990.00,,
4002,2025-01-05.020-0026-000,"LED 50"" Smart TV; LG 50UK 6300 PTE SN: 805INDP3M210",1.06.05.020.00,"Office Equipment",01,54990.00,,
4003,2025-01-05.020-0027-000,"LED 50"" Smart TV; LG 50UK 6300 PTE SN: 807INJL10021",1.06.05.020.00,"Office Equipment",01,54990.00,,
4004,2025-01-05.020-0028-000,"Everest, 3 tonner; Inverter; floor mounted SN: 340624293018719060041",1.06.05.020.00,"Office Equipment",01,100168.00,,
4005,2025-01-05.020-0029-000,"Everest; 5 tonner inverter; floor mounted SN: 340719813098C210160019",1.06.05.020.00,"Office Equipment",01,137436.00,,
4006,2025-01-05.020-0030-000,"Everest; 5 tonner inverter; floor mounted SN: 340719813098C210160015",1.06.05.020.00,"Office Equipment",01,137436.00,,
4007,2025-01-05.020-0031-000,"Everest; 5 tonner inverter; floor mounted SN: 340719813098C210160012",1.06.05.020.00,"Office Equipment",01,137436.00,,
4008,2025-01-05.020-0032-000,"Everest; 5 tonner inverter; floor mounted SN: 340719813098C210160027",1.06.05.020.00,"Office Equipment",01,137436.00,,
4009,2025-01-05.020-0033-000,"Everest; 5 tonner inverter; floor mounted SN: ,340719813098C210160016",1.06.05.020.00,"Office Equipment",01,137436.00,,
4010,2025-01-05.020-0034-000,"Everest; 5 tonner inverter; floor mounted SN: 340719813098C210160018",1.06.05.020.00,"Office Equipment",01,137436.00,,
4011,2025-01-05.020-0035-000,"2.5M x 2M P 3.91 Indoor Full Color Led Screen: Module Specification; Pixel Pitch 3.91mm. Pixel Configuration: SMD2121; Module Resolution:64x64pixels; Scan Mode: 1/16 scan, Module Size: (WxH); 5pcs x 4pcs., Pixels Resolution (WxH): 896dotsx640dots, Brightness:?800cd/m2, Refresh Rates?384HZ, Viewing Angle: H: 140v: 120 Input Voltage: 200-240V, Max, Power Consumption: 600W/m2, Avg. Power Consumption: 200W/m@. IP Grade: IP43, Cabinet Material: die-casting aluminum. Includes: 1 unit video processors, 1 lot power cables, circuit breaker for LED Screen main supply, 1 lot customized rack with 5KVA AVR for power supply, 1 lot fabricated wall bracket for LED screen, 1 lot communication/signal cable, 1 lot additional fabricated mobile stand to combine the exixting LED screen for outdoor use",1.06.05.020.00,"Office Equipment",01,810204.00,,
4012,2025-01-05.020-0036-000,"55 inch, 4K Smart Google TV- TCL Model: 55P635; SN: 2401ALY209160B02038",1.06.05.020.00,"Office Equipment",01,50010.00,,
4013,2025-01-05.020-0037-000,"55 inch, 4K Smart Google TV- TCL Model: 55P635; SN: 2401ALY209160B02028",1.06.05.020.00,"Office Equipment",01,50010.00,,
4014,2025-01-05.020-0038-000,"55 inch, 4K Smart Google TV- TCL Model: 55P635; SN: 2401ALY209160B02036",1.06.05.020.00,"Office Equipment",01,50010.00,,
4015,2025-01-05.020-0039-000,"55 inch, 4K Smart Google TV- TCL Model: 55P635; SN: 2401ALY209179C00907",1.06.05.020.00,"Office Equipment",01,50010.00,,
4016,2025-01-05.020-0040-000,"55 inch, 4K Smart Google TV- TCL Model: 55P635; SN: 2401ALY209179C00952",1.06.05.020.00,"Office Equipment",01,50010.00,,
4017,2025-01-05.020-0041-000,"55 inch, 4K Smart Google TV- TCL Model: 55P635; SN: 2401ALY209179C00476",1.06.05.020.00,"Office Equipment",01,50010.00,,
4018,2025-01-05.020-0042-000,"55 inch, 4K Smart Google TV- TCL Model: 55P635; SN: 2401ALY209179C00485",1.06.05.020.00,"Office Equipment",01,50010.00,,
4019,2025-01-05.020-0043-000,"55 inch, 4K Smart Google TV- TCL Model: 55P635; SN: 2401ALY209179C00936",1.06.05.020.00,"Office Equipment",01,50010.00,,
4020,2025-01-05.020-0044-000,"55 inch, 4K Smart Google TV- TCL Model: 55P635; SN: 2401ALY209160B02189",1.06.05.020.00,"Office Equipment",01,50010.00,,
4021,2025-01-05.020-0045-000,"55 inch, 4K Smart Google TV- TCL Model: 55P635; SN: 2401ALY209160B02195",1.06.05.020.00,"Office Equipment",01,50010.00,,
4022,2025-01-05.020-0046-000,"55 inch, 4K Smart Google TV- TCL Model: 55P635; SN: 2401ALY209179C00931",1.06.05.020.00,"Office Equipment",01,50010.00,,
4103,2025-01-05.020-0047-000,"Everest, 3 tonner; SN: 240062374015C140160054;",1.06.05.020.00,"Office Equipment",01,71500.00,,
4104,2025-01-05.020-0048-000,"Everest, 3 tonner; SN: AHU: 24006237015C140160030: ACCU: 24006237025C090160033z",1.06.05.020.00,"Office Equipment",01,71500.00,,
4105,2025-01-05.020-0049-000,"Everest, 3 tonner; SN: AHU: 240062374015C140160029; ACCU: 240062374025C090160039",1.06.05.020.00,"Office Equipment",01,71500.00,,
164,0-05-05.020-0001-000,"Model: DX-2430; SN:D215Z900597 (Gestetner)",1.06.05.020.00,"Office Equipment",05,125000.00,0000-00-00,
175,0-05-05.020-0002-000,"Ineo +280",1.06.05.020.00,"Office Equipment",05,300000.00,0000-00-00,
180,0-05-05.020-0003-000,"Gestetner MP2001L; S/N: E344M950268",1.06.05.020.00,"Office Equipment",05,78500.00,0000-00-00,
195,0-05-05.020-0004-000,"Gestetner MP-2014AD S/N:G616M550086",1.06.05.020.00,"Office Equipment",05,51000.00,0000-00-00,
221,0-05-05.020-0005-000,"Gestetner DX2430 SN: D214Z700509",1.06.05.020.00,"Office Equipment",05,145000.00,0000-00-00,
231,0-05-05.020-0006-000,"2.5 HP Wall Mounted-DAIKED; MODEL: FTKF60BVL SN: K001746",1.06.05.020.00,"Office Equipment",05,70000.00,0000-00-00,
237,0-05-05.020-0007-000,"GESTENER DX 2430, SN: D211Z100104",1.06.05.020.00,"Office Equipment",05,143000.00,0000-00-00,
407,0-05-05.020-0008-000,"Scanner; Epson; DS-7500; SN: PX5Z002570",1.06.05.020.00,"Office Equipment",05,58235.00,0000-00-00,
458,0-05-05.020-0009-000,"ACER Veriton X4690G, Intel Core i7, 12th Gen, 2TB HDD, 512 SSD, SN: DTVWSSP01T233019983000",1.06.05.020.00,"Office Equipment",05,75000.00,0000-00-00,
459,0-05-05.020-0010-000,"ACER Veriton X4690G, Intel Core i7, 12th Gen, 2TB HDD, 512 SSD, SN: DTVWSSP01T233019A43000",1.06.05.020.00,"Office Equipment",05,75000.00,0000-00-00,
475,0-05-05.020-0011-000,"ACER-C24-1750, Intel Core i5 12th Gen, 1TB SSD, SN: DQBJ3SP001251007A33000",1.06.05.020.00,"Office Equipment",05,60800.00,0000-00-00,
476,0-05-05.020-0012-000,"ACER-C24-1750, Intel Core i5 12th Gen, 1TB SSD, SN: DQBBJ3SP0012510078C3000",1.06.05.020.00,"Office Equipment",05,60800.00,0000-00-00,
477,0-05-05.020-0013-000,"ACER-C24-1750, Intel Core i5 12th Gen, 1TB SSD, SN: DQBJ3SP0012510077F3000",1.06.05.020.00,"Office Equipment",05,60800.00,0000-00-00,
478,0-05-05.020-0014-000,"ACER-C24-1750, Intel Core i5 12th Gen, 1TB SSD, SN: DQBJ3SP00125100783000",1.06.05.020.00,"Office Equipment",05,60800.00,0000-00-00,
480,0-05-05.020-0015-000,"ACER-C24-1750, Intel Core i5 12th Gen, 1TB SSD: SN: DQBJ3SP001251007863000",1.06.05.020.00,"Office Equipment",05,60800.00,0000-00-00,
481,0-05-05.020-0016-000,"ACER- TMP215-54-57HH, Intel Core i5, 11th generation, 8GB RAM, 500GB SSD, 500GB HDD SN: NXVVRSP0082480BCA17600",1.06.05.020.00,"Office Equipment",05,52417.00,0000-00-00,
482,0-05-05.020-0017-000,"ACER- TMP215-54-57HH, Intel Core i5, 11th generation, 8GB RAM, 500GB SSD, 500GB HDD SN: NXVVRSP0082480BC097600",1.06.05.020.00,"Office Equipment",05,52417.00,0000-00-00,
496,0-05-05.020-0018-000,"FUJITSU SCANNER FI-7700S SN: AV1AA00248",1.06.05.020.00,"Office Equipment",05,272674.00,0000-00-00,
497,0-05-05.020-0019-000,"HP- Model: CR0036D, SN: 8CC3222H5T",1.06.05.020.00,"Office Equipment",05,54000.00,0000-00-00,
499,0-05-05.020-0020-000,"ASUS- FX506H, SN: R3NRCX03D82911B",1.06.05.020.00,"Office Equipment",05,50394.00,0000-00-00,
500,0-05-05.020-0021-000,"ASUS- FX506H, SN: R3NRCX03E10311F",1.06.05.020.00,"Office Equipment",05,57734.00,0000-00-00,
502,0-05-05.020-0022-000,"Nikon- D5600 
24.2MP AF-P 18-55mm; 5.6mm; VR Lens Battery/64gb ; LENS SN:20093070
SN Unit: 8276604",1.06.05.020.00,"Office Equipment",05,51846.00,0000-00-00,
503,0-05-05.020-0023-000,"Gestetner MP2014AD SN: G612Z450058",1.06.05.020.00,"Office Equipment",05,68000.00,0000-00-00,
505,0-05-05.020-0024-000,"Alesis, SN: B52104231551674",1.06.05.020.00,"Office Equipment",05,52500.00,0000-00-00,
506,0-05-05.020-0025-000,"Alesis, SN: B52104231551669",1.06.05.020.00,"Office Equipment",05,52500.00,0000-00-00,
507,0-05-05.020-0026-000,"Amd Ryzen 5, Ryzeem 53600, 1TB SSD SN: MMTCBSP00113917EBE4220",1.06.05.020.00,"Office Equipment",05,68247.00,0000-00-00,
508,0-05-05.020-0027-000,"Amd Ryzen 5, Ryzeem 53600, 1TB SSD SN: MMTCBSP00113917EBC4220",1.06.05.020.00,"Office Equipment",05,68247.00,0000-00-00,
509,0-05-05.020-0028-000,"Amd Ryzen 5, Ryzeem 53600, 1TB SSD SN: MMTCBSP00113917EBA4220",1.06.05.020.00,"Office Equipment",05,68247.00,0000-00-00,
510,0-05-05.020-0029-000,"Koppel- Model: KV36FM-ARF21D Floor Mounted Inverter Aircon 3T; SN: 540H418420131110810512",1.06.05.020.00,"Office Equipment",05,100540.00,0000-00-00,
516,0-05-05.020-0030-000,"Koppel- Model: KV36FM-ARF21D Floor Mounted Inverter Aircon 3T; SN: 54H418420131110810332",1.06.05.020.00,"Office Equipment",05,100540.00,0000-00-00,
553,0-05-05.020-0031-000,"Koppel- Model: KV36FM-ARF21D Floor Mounted Inverter Aircon 3T; SN: 540H418420131110810414",1.06.05.020.00,"Office Equipment",05,93790.00,0000-00-00,
554,0-05-05.020-0032-000,"Koppel- Model: KV36FM-ARF21D Floor Mounted Inverter Aircon 3T; SN: 540H418420131110810322",1.06.05.020.00,"Office Equipment",05,93790.00,0000-00-00,
556,0-05-05.020-0033-000,"Gestetner MP2014AD SN: D212Z100004",1.06.05.020.00,"Office Equipment",05,103000.00,0000-00-00,
557,0-05-05.020-0034-000,"Gestetner, MP-2014AD, SN: G612ZC50046",1.06.05.020.00,"Office Equipment",05,64000.00,0000-00-00,
579,0-05-05.020-0035-000,"Floor Mounted; Split Type; 6HP; LG Model: APNQ60GT3E4; SN: 645323060S088C310NT",1.06.05.020.00,"Office Equipment",05,201075.00,0000-00-00,
580,0-05-05.020-0036-000,"Floor Mounted; Split Type; 6HP; LG Model: APNQ60GT3E4; SN: 645323060S070C310NT",1.06.05.020.00,"Office Equipment",05,201075.00,0000-00-00,
581,0-05-05.020-0037-000,"2hp, inverter, split type, wall mounted; SHARP Model: AH-X20ZF SN: 31004366",1.06.05.020.00,"Office Equipment",05,56758.00,0000-00-00,
582,0-05-05.020-0038-000,"2hp, inverter, split type, wall mounted; SHARP Model: AH-X20ZF SN: 31004416",1.06.05.020.00,"Office Equipment",05,56758.00,0000-00-00,
584,0-05-05.020-0039-000,"Koppel- Model: KV36FM-ARF21D Floor Mounted Inverter Aircon 3T; SN: 540H418420131110810281",1.06.05.020.00,"Office Equipment",05,99040.00,0000-00-00,
594,0-05-05.020-0040-000,"floor mounted split-type; 5 tonner; LG Model: APNQ60GT3E4 SN: 306KCQX0S084",1.06.05.020.00,"Office Equipment",05,201075.00,0000-00-00,
601,0-05-05.020-0041-000,"Wall Mounted Split Type Inverter; 2.5 HP; KOLIN Model:KSM-IW25-WCT10M1M32; SN: 18682304-11031 (Outdoor) SN: 18672303-10250 (Indoor)",1.06.05.020.00,"Office Equipment",05,62495.00,0000-00-00,
602,0-05-05.020-0042-000,"Wall Mounted Split Type Inverter; 2.5 HP; KOLIN Model:KSM-IW25-WCT10M1M32; SN: 18682303-10567 (Outdoor) SN: 18672303-10237 (Indoor)",1.06.05.020.00,"Office Equipment",05,62495.00,0000-00-00,
604,0-05-05.020-0043-000,"Wall Mounted Split Type Inverter; 2.0 HP; KOLIN Model: KSM-IW20-WCT10M1M32 SN: 18682303-10817 (Outdoor) SN: 18652304-10957(Indoor)",1.06.05.020.00,"Office Equipment",05,64495.00,0000-00-00,
605,0-05-05.020-0044-000,"Floor Mounted Split Type ;6 HP; LG Model: APUQ60GT3E4; SN : 306KCGW0S087 (Indoor); SN: 306KCRN03W26 (outdoor)",1.06.05.020.00,"Office Equipment",05,213750.00,0000-00-00,
606,0-05-05.020-0045-000,"Floor Mounted Split Type Inverter Aircon; 4.0HP; 3Tonner; KOLIN; Model: KLG-IF40-5G1M32; Indoor SN: 1739230312321; Outdoor SN: 1740230312064",1.06.05.020.00,"Office Equipment",05,123995.00,0000-00-00,
607,0-05-05.020-0046-000,"1.5HP, inverter, split type, wall mounted; SHARP; Model: AU-X15ZF(Outdoor) SN: 36014048(Outdoor); Model: AH-X15ZF(Indoor) SN: 31013774",1.06.05.020.00,"Office Equipment",05,59198.00,0000-00-00,
608,0-05-05.020-0047-000,"2HP, inverter, split type; wattage 905 (380-1135), watts; 1HP, R410A Refrigerant, 8in 1-Air filter technology;KOLIN Model: KSM-IW20-WCT10M1M32; SN: 18652303-10621; SN: 18662304-11290 (Outdoor)",1.06.05.020.00,"Office Equipment",05,65695.00,0000-00-00,
611,0-05-05.020-0048-000,"Floor Mounted Split Type Inverter Aircon; 4.0HP; 3Tonner; KOLIN; Model: KLG-IF40-5G1M32; Indoor SN: 17392303-12123",1.06.05.020.00,"Office Equipment",05,123995.00,0000-00-00,
612,0-05-05.020-0049-000,"Floor Mounted Split Type Inverter Aircon; 4.0HP; 3Tonner; KOLIN; Model: KLG-IF40-5G1M32; Indoor SN: 17392303-12319",1.06.05.020.00,"Office Equipment",05,123995.00,0000-00-00,
627,0-05-05.020-0050-000,"Floor mounted 5 tonner ACU with inverter;SAMSUNG Model: AC048BNPDKC/TC SN:BPQFP3EW700260(indoor) SN: BPQGP3CWA00068(OUTDOOR)",1.06.05.020.00,"Office Equipment",05,158652.00,0000-00-00,
628,0-05-05.020-0051-000,"Floor mounted 5 tonner ACU with inverter;SAMSUNG Model: AC048BNPDKC/TC SN: BPQFP3EW700273(indoor) SN: BPQGP3CW800007(OUTDOOR)",1.06.05.020.00,"Office Equipment",05,158652.00,0000-00-00,
629,0-05-05.020-0052-000,"Floor mounted 5 tonner ACU with inverter;SAMSUNG Model: AC048BNPDKC/TC SN: BPQFP3EW700274(indoor) SN: BPQGP3CWA00069 (OUTDOOR)",1.06.05.020.00,"Office Equipment",05,158652.00,0000-00-00,
630,0-05-05.020-0053-000,"Floor mounted 5 tonner ACU with inverter;SAMSUNG Model: AC048BNPDKC/TC SN: BPQFP3EW700279(indoor) SN: BPQGP3CWA00074 (OUTDOOR)",1.06.05.020.00,"Office Equipment",05,158652.00,0000-00-00,
729,0-05-05.020-0054-000,"5 tonnerFloor Mounted - CARRIER; SN: 3018-0315575",1.06.05.020.00,"Office Equipment",05,124900.00,0000-00-00,
749,0-05-05.020-0055-000,"Intel Core i7-1255U, Windows 11, 8GB DDR4 RAM, 1TB SSD, 15.6' FHD ISP Display- ACER Model: TMP215-54-73VX SN: NXVVRSP0062480DC497600",1.06.05.020.00,"Office Equipment",05,53200.00,0000-00-00,
750,0-05-05.020-0056-000,"Intel Core i7-1255U, Windows 11, 8GB DDR4 RAM, 1TB SSD, 15.6' FHD ISP Display; ACER Model: TMP215-54-73VX SN: NXVVRSP0062480DC917600",1.06.05.020.00,"Office Equipment",05,92400.00,0000-00-00,
752,0-05-05.020-0057-000,"3T; floor-mounted; split type; MIDEA Model:FP-42AFS036KENV-J5; SN: 5412220007335090820106 (indoor) SN: 5412220007439270870012(outdoor)",1.06.05.020.00,"Office Equipment",05,87750.00,0000-00-00,
768,0-05-05.020-0058-000,"ACER- Model: Altos P10 F8 SN: DTL0JSP003316022D83000; Intel Core i7, 32GB DDR4 RAM; 500GB SDD for OS; 2TB HDD Storage; RTX 8 GB GDDR5 VRAM, UPS; 80+ gold power supply, 24-inch monitor; Windows 11 OS",1.06.05.020.00,"Office Equipment",05,76483.00,0000-00-00,
769,0-05-05.020-0059-000,"ACER- Model: Altos P10 F8 SN: DTL0JSP0033130105B3000; Intel Core i7, 32GB DDR4 RAM; 500GB SDD for OS; 2TB HDD Storage; RTX 8 GB GDDR5 VRAM, UPS; 80+ gold power supply, 24-inch monitor; Windows 11 OS",1.06.05.020.00,"Office Equipment",05,76483.00,0000-00-00,
770,0-05-05.020-0060-000,"ACER- Model: Altos P10 F8 SN: DTL0JSP00331400E2A3000; Intel Core i7, 32GB DDR4 RAM; 500GB SDD for OS; 2TB HDD Storage; RTX 8 GB GDDR5 VRAM, UPS; 80+ gold power supply, 24-inch monitor; Windows 11 OS",1.06.05.020.00,"Office Equipment",05,76483.00,0000-00-00,
771,0-05-05.020-0061-000,"ACER- Model: Altos P10 F8 SN: DTL0JSP003316022DA3000; Intel Core i7, 32GB DDR4 RAM; 500GB SDD for OS; 2TB HDD Storage; RTX 8 GB GDDR5 VRAM, UPS; 80+ gold power supply, 24-inch monitor; Windows 11 OS",1.06.05.020.00,"Office Equipment",05,76483.00,0000-00-00,
816,0-05-05.020-0062-000,"printer/scanner with Auto Reverse Document Feeder (ARDF). 10.1-inch Android Ful Touchscreen Control Panel with AVR 2kVA; GESTETNER Model: IMC2010 SN: 9133RA10823",1.06.05.020.00,"Office Equipment",05,270000.00,0000-00-00,
818,0-05-05.020-0063-000,"core i7, 12th Gen, 16GB RAM, 512GB SSD, 1TB HDD (ACER) Model: Altos P10 F9 SN: DTL0MSP01J34300E409600",1.06.05.020.00,"Office Equipment",05,55000.00,0000-00-00,
819,0-05-05.020-0064-000,"GBC Model: CHS10-30 SN: JK05945J; super micro cut; 100L paper drum capacity; shred size: 0.8x5mm",1.06.05.020.00,"Office Equipment",05,336975.00,0000-00-00,
822,0-05-05.020-0065-000,"1537 BASE PFSENSE + SECURITY GATEWAY (Intel ""Xeon-DE"" D-1537) Model: XG-1537-M2-8GB SN:UM239S000625",1.06.05.020.00,"Office Equipment",05,204000.00,0000-00-00,
825,0-05-05.020-0066-000,"split type, wall mounted, 2.0 HP, SAMSUNG Model: AR18CYEAAWKN Outdoor SN: 0KSNPDPX200224, Indoor SN: 0KSMPDBX200072",1.06.05.020.00,"Office Equipment",05,70000.00,0000-00-00,
826,0-05-05.020-0067-000,"SHINHO- Model: S-16 SN: 24020201",1.06.05.020.00,"Office Equipment",05,70000.00,0000-00-00,
842,0-05-05.020-0068-000,"Asus Model: Vivobook X1405V SN: S1N0CV07K17403E",1.06.05.020.00,"Office Equipment",05,59355.00,0000-00-00,
843,0-05-05.020-0069-000,"Asus Model: Vivobook X1405V SN: S1N0CV07K194033",1.06.05.020.00,"Office Equipment",05,59355.00,0000-00-00,
844,0-05-05.020-0070-000,"Asus Model: Vivobook X1405V SN: S1N0CV07K20603F",1.06.05.020.00,"Office Equipment",05,59355.00,0000-00-00,
847,0-05-05.020-0071-000,"ACER - AN515-46-R8H3 SN: NHQH5SP00123701F423400",1.06.05.020.00,"Office Equipment",05,92576.00,0000-00-00,
848,0-05-05.020-0072-000,"5T; Inverter; Floor-Mounted; Split Type;Samsung - AC048BNPDKC/TC; Indoor SN: BPQFP3EX300028 
Outdoor SN: BPQGP3CX400183",1.06.05.020.00,"Office Equipment",05,146000.00,0000-00-00,
854,0-05-05.020-0073-000,"inverter; 3.0HP floor mounted type; TCL - 36TCFS/JI Indoor SN: 10ACLNQ501ZQ50300283; Outdoor SN: 10ACMWQ500ZQ50200324",1.06.05.020.00,"Office Equipment",05,88640.00,0000-00-00,
855,0-05-05.020-0074-000,"3T; floor mounted; split type;TCL - 28TCFS/JI2-ID; Indoor SN: 10HSWNQ500ZQ52600038; Outdoor SN: 10HSXWQ500ZQ52400072",1.06.05.020.00,"Office Equipment",05,118296.00,0000-00-00,
858,0-05-05.020-0075-000,"75"" LED; 4K resolution; TCL - 75P755; SN: 2405ALY217201A00143",1.06.05.020.00,"Office Equipment",05,68000.00,0000-00-00,
874,0-05-05.020-0076-000,"NIKON - D3500 Lens SN: 20087121
Tamron A14P Lens SN: 105416 Camera SN: 9047145",1.06.05.020.00,"Office Equipment",05,64920.00,0000-00-00,
877,0-05-05.020-0077-000,"FUJIFILM - X-T30II X-T100, 24MP; SC 15-45mm F3.5 APS-C
LENS SN: 4CC11359 Camera SN: 47011038",1.06.05.020.00,"Office Equipment",05,66688.00,0000-00-00,
878,0-05-05.020-0078-000,"ACER - TMP216-51G-53UB SN: NXB18SP019424140E27600",1.06.05.020.00,"Office Equipment",05,52030.00,0000-00-00,
887,0-05-05.020-0079-000,"Printer- Print, scan, copy, fax with ADF; EPSON Model: L15150; SN: X6N7050605",1.06.05.020.00,"Office Equipment",05,50610.00,0000-00-00,
888,0-05-05.020-0080-000,"Printer- Print, scan, copy, fax with ADF; EPSON Model: L15150; SN: X6N7049918",1.06.05.020.00,"Office Equipment",05,50610.00,0000-00-00,
959,0-05-05.020-0081-000,"heavy duty multi-function digital copier A3 copy. Print and colored scan; with ADF (Automatic Reverse Document Feeder), with single tray. Gestetner - M 2701 SN: 3284Z730045",1.06.05.020.00,"Office Equipment",05,83500.00,0000-00-00,
963,0-05-05.020-0082-000,"AF-P NIKKOR 70-300mm F4.5-5.6E ED VR Lens ""Nikon AFP 70-300F45-56E ED VR Mount -Crop: Nikon F-Mount Type-Focal:70-300mm Aperture: Max f/4.6-5.6"" SN: 2027161",1.06.05.020.00,"Office Equipment",05,59950.00,0000-00-00,
1147,0-05-05.020-0083-000,"2.5HP; inverter; split type; wall mounted; 1 phase 230V, 60Hz KAIZER Model: KSPA-2.HP SN: KSPA25HP2024070138",1.06.05.020.00,"Office Equipment",05,56000.00,0000-00-00,
1148,0-05-05.020-0084-000,"2.5HP; inverter; split type; wall mounted; 1 phase 230V, 60Hz KAIZER Model: KSPA-2.HP SN: KSPA25HP2024070254",1.06.05.020.00,"Office Equipment",05,56000.00,0000-00-00,
1149,0-05-05.020-0085-000,"2.5HP; inverter; split type; wall mounted; 1 phase 230V, 60Hz KAIZER Model: KSPA-2.HP SN: KSPA25HP2024070116",1.06.05.020.00,"Office Equipment",05,56000.00,0000-00-00,
1187,0-05-05.020-0086-000,"Heavy Duty Multi-Function Digital Copier A3 Copy, Print and colored scan; with ADRF (Automatic Reverse Document Feeder); with single tray; bypass tray; 100 sheets capacity; A3 (11'' x 17''), copying printing and colored scanning; memory 512mb;RICOH M2810N SN: 9535X840068; ADRF SN: 9555X810187",1.06.05.020.00,"Office Equipment",05,78640.00,0000-00-00,
462,2023-05-05.020-0001-000,"Altos Brainspere T110F5, SN: USRJYTA028314000280V00",1.06.05.020.00,"Office Equipment",05,88600.00,2023-08-18,
595,2023-05-05.020-0002-000,"Sony SN: 4916874",1.06.05.020.00,"Office Equipment",05,101038.00,2023-05-25,
2570,2023-05-05.020-0003-000,"ACER Veriton X4690G, Intel Core i7, 2TB HDD, SN: DTVWSSP01T233019A33000",1.06.05.020.00,"Office Equipment",05,75000.00,2023-01-01,
946,2025-05-05.020-0001-000,"3T; inverter; flour mounted; split type; SN: 1212050ACMW17247E000157(Outdoor); TCL - 36TCFS/JI Indoor SN: 1212040ACLN11247F000129",1.06.05.020.00,"Office Equipment",05,136530.00,2025-01-21,
949,2025-05-05.020-0002-000,"3HP inverter floor mounted type; 230V, 1 phase, 60Hz including installation Outdoor SN: 1212050HSXW17247E000037; TCL - 28TCFS/JI2-ID Indoor SN: 10HSWNQ700ZQ70900014",1.06.05.020.00,"Office Equipment",05,71500.00,2025-01-21,
951,2025-05-05.020-0003-000,"4HP; floor standing; inverter grade- R410a refrigerant Outdoor SN:1212050ACMW17247E000137; TCL - 36TCFS/JI Indoor SN: 1212040ACLN11247F000114",1.06.05.020.00,"Office Equipment",05,116400.00,2025-01-21,
952,2025-05-05.020-0004-000,"3T; floor mounted; split type Outdoor SN: 1212050ACMW17247E000112; TCL - 36TCFS/JI Indoor SN: 1212040ACLN11247F000111",1.06.05.020.00,"Office Equipment",05,102750.00,2025-01-21,
1144,2025-05-05.020-0005-000,"Scanner type ADF; Paper Chute Capacity (A4 Landscape) 300 sheets typical daily duty cycle 30,000 sheets; multifield detection; overlap detection (ultrasonic sensor); Paper Protection Warp Detection; RICOH FUJITSU FI -7700 SN: AU2AH00436",1.06.05.020.00,"Office Equipment",05,487800.00,2025-07-17,
4027,2025-05-05.020-0006-000,"split type; 5.0 TR 60 BTU; Floor mounted; 3 phase; 220V; 60 cycles (Carrier) SN: 42BFEFSUCAR05TEER10PC-0488006",1.06.05.020.00,"Office Equipment",05,127000.00,,
4028,2025-05-05.020-0007-000,"Model: iR2116J, SN: (21)DHR07528 Canon",1.06.05.020.00,"Office Equipment",05,94000.00,,
4029,2025-05-05.020-0008-000,"Model MP-1600L (Gestetner) 3 in 1",1.06.05.020.00,"Office Equipment",05,120000.00,,
4030,2025-05-05.020-0009-000,"3-in-1 (Printer, Copier, Scanner) Gestetner; MP- 1600Le; SN-L6986250494",1.06.05.020.00,"Office Equipment",05,85000.00,,
4031,2025-05-05.020-0010-000,"3 tonner, split type (Panasonic) Model: CU-PC3611KQ; SN: no sn",1.06.05.020.00,"Office Equipment",05,69000.00,,
4032,2025-05-05.020-0011-000,"4 tonner, split type (Panasonic) Model: CU-PC3611KQ; SN: 7735000140,",1.06.05.020.00,"Office Equipment",05,69000.00,,
4033,2025-05-05.020-0012-000,"5 tonner, split type (Panasonic) Model: CU-PC3611KQ; SN: , 7735000135",1.06.05.020.00,"Office Equipment",05,69000.00,,
4034,2025-05-05.020-0013-000,"40""; Flatscreen (LCD)",1.06.05.020.00,"Office Equipment",05,70000.00,,
4035,2025-05-05.020-0014-000,"TV-37"" LCD; Model: LA37B530P7R (Samsung); /N: AZ8E3DG7300751; AZ8E3DGZ300773; Home Theater-Model: DAV-DZ270 (Sony); S/N: 4130970; 4130747; model: LA37B530P7R; SN:",1.06.05.020.00,"Office Equipment",05,61000.00,,
4036,2025-05-05.020-0015-000,"TV-37"" LCD; Model: LA37B530P7R (Samsung); /N: AZ8E3DG7300751; AZ8E3DGZ300773; Home Theater-Model: DAV-DZ270 (Sony); S/N: 4130970; 4130747; model: ; SN: AZ8E3DGZ300751Y",1.06.05.020.00,"Office Equipment",05,61000.00,,
4037,2025-05-05.020-0016-000,"3 Tonner, split type floor mounted (Carrier); ASBFE600BA; SN: 42BFEFSUCAR05TEER17PC-1126905",1.06.05.020.00,"Office Equipment",05,137000.00,,
4038,2025-05-05.020-0017-000,"5 tonner, floor mounted, split type; Model FP=53ASBFE600 (Carrier); Outdoor-38ASBCDUCAR05TKXK10PC-0426069; 0426075, SN: Indoor - 42BFEFSUCAR05TEER10PC-04880006; SN: Indoor - 42BFEFSUCAR05TEER10PC-0487886",1.06.05.020.00,"Office Equipment",05,188000.00,,
4039,2025-05-05.020-0018-000,"3 tonner, split type; floor mounted; Model: ASBFM360BA (Carrier)SN; Indoor 42BFEFSAUCAR03TEAR10PC-0498405",1.06.05.020.00,"Office Equipment",05,112000.00,,
4040,2025-05-05.020-0019-000,"3 tonner; split type; floor mounted; (Carrier); Indoor: Model No.: ASBFM360BA-EW; SN: 42BFMFSUCAR03TEEJ11PC0392452; Outdoor: Model No.: 38RDS360DC; SN: 38RDSCDUCAR03TEE",1.06.05.020.00,"Office Equipment",05,78522.00,,
4041,2025-05-05.020-0020-000,"3 tonner; split type; floor mounted; (Carrier); Indoor: Model No.: ASBFM360BA-EW; SN: 42BFMFSUCAR03TEEJ11PC0392452; Outdoor: Model No.: 38RDS360DC; SN: 38RDSCDUCAR03TEE",1.06.05.020.00,"Office Equipment",05,78522.00,,
4042,2025-05-05.020-0021-000,"5 tonner, split type; floor mounted (Koppel) SN: Indoor: FE273080; Outdoor: GE323645; GE323647",1.06.05.020.00,"Office Equipment",05,99100.00,,
4043,2025-05-05.020-0022-000,"KOLIN KSM-25CB1NV 2.5HP; Wall-mounted; inverter deluxe single split type w/ installation",1.06.05.020.00,"Office Equipment",05,66000.00,,
4044,2025-05-05.020-0023-000,"Kolin KFM-7001E; 5 tonner; SN: 10771405-10718",1.06.05.020.00,"Office Equipment",05,100000.00,,
4045,2025-05-05.020-0024-000,"KOLIN KFM-400F1J 3 Tonner ; split type; floor mounted w/ installation",1.06.05.020.00,"Office Equipment",05,75000.00,,
4046,2025-05-05.020-0025-000,"SHARP 45038; SN: 45038879",1.06.05.020.00,"Office Equipment",05,162735.00,,
4047,2025-05-05.020-0026-000,"Gestetner MP2001L; S/N:E344M9501462015",1.06.05.020.00,"Office Equipment",05,78500.00,,
4048,2025-05-05.020-0027-000,"w/ ADF; Sharp AR-5618; SN: 43030921",1.06.05.020.00,"Office Equipment",05,58000.00,,
4049,2025-05-05.020-0028-000,"Gestetner MP2001L; w/ ARDF; SN",1.06.05.020.00,"Office Equipment",05,74850.00,,
4050,2025-05-05.020-0029-000,"Gestetner MP2001L; w/ ARDF; SN; E345M750007",1.06.05.020.00,"Office Equipment",05,74850.00,,
4051,2025-05-05.020-0030-000,"Gestetner MP2001L; w/ ARDF; SN: E345M750005",1.06.05.020.00,"Office Equipment",05,74850.00,,
4052,2025-05-05.020-0031-000,"Gestetner MP2001L; w/ ARDF; SN: E345M950308",1.06.05.020.00,"Office Equipment",05,74850.00,,
4053,2025-05-05.020-0032-000,"5-tonner splt type; floor mounted w/ installation; Koppel",1.06.05.020.00,"Office Equipment",05,99199.00,,
4054,2025-05-05.020-0033-000,"DX2430; gestetner SN: D2177200469",1.06.05.020.00,"Office Equipment",05,145000.00,,
4055,2025-05-05.020-0034-000,"Gestetner MP-2014AD S/N:G616M550072",1.06.05.020.00,"Office Equipment",05,51000.00,,
4056,2025-05-05.020-0035-000,"Gestetner MP-2014AD S/N: G616M550146",1.06.05.020.00,"Office Equipment",05,51000.00,,
4057,2025-05-05.020-0036-000,"5 tonner; split-type LG SN: 603TALBAH5632",1.06.05.020.00,"Office Equipment",05,112000.00,,
4058,2025-05-05.020-0037-000,"Gestetner MP-2014AD SN: G616M550080",1.06.05.020.00,"Office Equipment",05,65000.00,,
4059,2025-05-05.020-0038-000,"with ARDF; Gestetner MP2014AD SN: G617M350075",1.06.05.020.00,"Office Equipment",05,60000.00,,
4060,2025-05-05.020-0039-000,"with ARDF; Gestetner MP2014AD SN: G617M450082",1.06.05.020.00,"Office Equipment",05,60000.00,,
4061,2025-05-05.020-0040-000,"with ARDF; Gestetner MP2014AD SN: G617M550080",1.06.05.020.00,"Office Equipment",05,60000.00,,
4062,2025-05-05.020-0041-000,"with ARDF; Gestetner MP2014AD SN: G617M350349",1.06.05.020.00,"Office Equipment",05,60000.00,,
4063,2025-05-05.020-0042-000,"with ARDF; Gestetner MP2014AD SN: G617M65002",1.06.05.020.00,"Office Equipment",05,60000.00,,
4064,2025-05-05.020-0043-000,"5 tonnerFloor Mounted - CARRIER",1.06.05.020.00,"Office Equipment",05,124900.00,,
4065,2025-05-05.020-0044-000,"7 tonnerFloor Mounted - CARRIER",1.06.05.020.00,"Office Equipment",05,124900.00,,
4066,2025-05-05.020-0045-000,"5 Tonner; split type Everest ET-60FSIM SN: 2404126260279150160023",1.06.05.020.00,"Office Equipment",05,107800.00,,
4067,2025-05-05.020-0046-000,"5 Tonner; split type Everest ET-60FSIM SN: 2404126260279150160011",1.06.05.020.00,"Office Equipment",05,107800.00,,
4068,2025-05-05.020-0047-000,"2.5HP split type Everest ET-S25ST-HF SN: 25STID170362",1.06.05.020.00,"Office Equipment",05,54780.00,,
4069,2025-05-05.020-0048-000,"2.5HP split type Everest ET-S25ST-HF SN: 25STIE170406",1.06.05.020.00,"Office Equipment",05,54780.00,,
4070,2025-05-05.020-0049-000,"3 tonner; split type Everest ET36FS IM SN: 2403496080275180160040; 2403496080275180160041",1.06.05.020.00,"Office Equipment",05,157300.00,,
4071,2025-05-05.020-0050-000,"5 tonner, Koppel; SN: GK273140; KH273184",1.06.05.020.00,"Office Equipment",05,95960.00,,
4072,2025-05-05.020-0051-000,"3 tonner floor mounted, split type; Koppel; SN: AL748822 - AL323009",1.06.05.020.00,"Office Equipment",05,71365.00,,
4073,2025-05-05.020-0052-000,"Gestetner DX2430 SN: D218ZA00037",1.06.05.020.00,"Office Equipment",05,84000.00,,
4074,2025-05-05.020-0053-000,"Gestetner MP-2014AD w/ ARDF SN: G619M450171",1.06.05.020.00,"Office Equipment",05,72000.00,,
4075,2025-05-05.020-0054-000,"Gestetner MP-2014AD w/ ARDF SN: G619M350122",1.06.05.020.00,"Office Equipment",05,72000.00,,
4076,2025-05-05.020-0055-000,"Gestetner MP-2014AD w/ ARDF SN: G619M350059",1.06.05.020.00,"Office Equipment",05,72000.00,,
4077,2025-05-05.020-0056-000,"KOPPEL KV18WM-ARF21C2; Wall Mounted (Split Type); SN: 34089080698250130355",1.06.05.020.00,"Office Equipment",05,66500.00,,
4078,2025-05-05.020-0057-000,"GESTETNER with ADF MP 2014AD; SN: G619M950073",1.06.05.020.00,"Office Equipment",05,58000.00,,
4079,2025-05-05.020-0058-000,"5 tonner Floor Mounted-DAIKEN SN: K002825",1.06.05.020.00,"Office Equipment",05,125000.00,,
4080,2025-05-05.020-0059-000,"2.5 HP Wall Mounted-DAIKED SN:",1.06.05.020.00,"Office Equipment",05,70000.00,,
4081,2025-05-05.020-0060-000,"(2)-3 seater sofa; (1) Ottoman; (2) Side Tables",1.06.05.020.00,"Office Equipment",05,73500.00,,
4082,2025-05-05.020-0061-000,"Gestetner MP2014AD SN:",1.06.05.020.00,"Office Equipment",05,58000.00,,
4083,2025-05-05.020-0062-000,"Gestetner MP2014AD SN:",1.06.05.020.00,"Office Equipment",05,58000.00,,
4084,2025-05-05.020-0063-000,"5 TR, floor-mounted, SAMSUNG, SN: B95QP3EN200004Y",1.06.05.020.00,"Office Equipment",05,167250.00,,
4085,2025-05-05.020-0064-000,"5 TR, floor-mounted, SAMSUNG, SN: B95QP3EMA00011Z",1.06.05.020.00,"Office Equipment",05,167250.00,,
4086,2025-05-05.020-0065-000,"specification:, contruction: plastic, transducers: 1x1.7"" HF+1x15"" LF, frequency reponse (-3db) 40Hz-18kHz, rated power: 100w HF, 300w LF (rms), amplier type: class H, input impedance: 120dB (peak), rated impedance:8, dispersion (HxV) 90? x 60, connector: 2x XLR, power supply: 110V/220V 50/60Hz",1.06.05.020.00,"Office Equipment",05,53600.00,,
4087,2025-05-05.020-0066-000,"SET- (RL RUILING), 1 LED display body, p2.5 mm, 1pc. Spare module, 320x160mm, 1pc. Power supply, 1pc. Spare reciever, Model: N300V5-A",1.06.05.020.00,"Office Equipment",05,350000.00,,
4088,2025-05-05.020-0067-000,"1.0 HP Motor, Brand: WEG, Frame Number: 8027Sep2018, SN: 1045650011",1.06.05.020.00,"Office Equipment",05,790000.00,,
4089,2025-05-05.020-0068-000,"Amd Ryzen 7, Intel Core i7, 1TB SSD, 16GB RAM, SN: NHQBCSP0062020BFDF3400",1.06.05.020.00,"Office Equipment",05,79499.00,,
4090,2025-05-05.020-0069-000,"Amd Ryzen 7, Intel Core i7, 1TB SSD, 16GB RAM, SN:",1.06.05.020.00,"Office Equipment",05,79499.00,,
4091,2025-05-05.020-0070-000,"Brother L15180, SN: X9DT000605",1.06.05.020.00,"Office Equipment",05,57148.00,,
4092,2025-05-05.020-0071-000,"CANON- C3120, SN: YEA00713",1.06.05.020.00,"Office Equipment",05,171600.00,,
4093,2025-05-05.020-0072-000,"ACER-C24-1750, Intel Core i5 12th Gen, 1TB SSD: SN: DQBJ3SP0012510077D3000",1.06.05.020.00,"Office Equipment",05,60800.00,,
4094,2025-05-05.020-0073-000,"3 toner-Midea",1.06.05.020.00,"Office Equipment",05,93960.00,,
4095,2025-05-05.020-0074-000,"Gestetner, MP-2014AD, SN: G612ZA50046",1.06.05.020.00,"Office Equipment",05,64000.00,,
4096,2025-05-05.020-0075-000,"Nikon- D7500
w/ Lens; 18.55mm lens SN:70494626
SN Unit: 8236888",1.06.05.020.00,"Office Equipment",05,82574.00,,
4097,2025-05-05.020-0076-000,"floor mounted split-type; 5 tonner; LG Model: APNQ60GT3E4 SN: 306KCAS0S096",1.06.05.020.00,"Office Equipment",05,201075.00,,
4098,2025-05-05.020-0077-000,"Wall Mounted Split Type Inverter; 2.5 HP; KOLIN Model:KSM-IW25-WCT10M1M32; SN: 18682304-11031 (Outdoor) SN: 18672303-10234 (Indoor)",1.06.05.020.00,"Office Equipment",05,62495.00,,
4099,2025-05-05.020-0078-000,"1.5HP, inverter, wall mounted, split type; SHARP Model: AH-X15ZF SN: 31013764",1.06.05.020.00,"Office Equipment",05,59198.00,,
4100,2025-05-05.020-0079-000,"Asus Model: Vivobook X1405V SN: S1N0CV07K19003G",1.06.05.020.00,"Office Equipment",05,59355.00,,
4102,2025-05-05.020-0080-000,"Kolin KSM-25CB1im; SN: 10711209-13363",1.06.05.020.00,"Office Equipment",05,66000.00,,
4106,2025-05-05.020-0081-000,"3.0 HP;  inverter, split type; wall mounted; Model: Midea - FP-42AST030KEIV-F4; SN: 54122000GFQ47170641052; SN: 	54122000GFQ47170640320",1.06.05.020.00,"Office Equipment",05,139420.00,,
4023,2026-05-05.020-0001-000,"Sharp, AR5618; SN: 33003128",1.06.05.020.00,"Office Equipment",05,59680.00,2026-04-13,
4024,2026-05-05.020-0002-000,"Kolin KFM-7001E; 5 Tonner; SN: 10771405-10718; 10771308-10419 10771405-10718; 10771308-10419",1.06.05.020.00,"Office Equipment",05,214000.00,2026-04-13,
4025,2026-05-05.020-0003-000,"KoliN KFM-400FIJ (1) SN: indoor: 10631306-14354; indoor: 10631306-14356",1.06.05.020.00,"Office Equipment",05,154150.00,2026-04-13,
4026,2026-05-05.020-0004-000,"Multifunction Sharp M26N; SN: 45038879",1.06.05.020.00,"Office Equipment",05,162735.00,2026-04-13,
4101,2025-06-05.020-0001-000,"branded, processor; equivalent to core i5;Quadcore (3M Cache, 3.1 GHz), Memory: 8 GB DDR4 SDRAM memory, Display: 19.5'' LED Display, USB Keyboard & USB Optical Mouse, Windows 10; ACER",1.06.05.020.00,"Office Equipment",06,55000.00,,
884,0-01-05.030-0001-000,"Intel Core i5 13th Gen; 8gb DDR4 RAM; 512Gb NVMe SSD; Nvidia RTX 2050 Graphics Card; ACER - TMP216-51G-53UB SN: NXB18SP019424140D87600",1.06.05.030.00,"Information and Communication Technology Equipment",01,57850.00,0000-00-00,
885,0-01-05.030-0002-000,"Intel Core i5 13th Gen; 8gb DDR4 RAM; 512Gb NVMe SSD; Nvidia RTX 2050 Graphics Card; ACER - TMP216-51G-53UB SN: NXB18SP0194241409E7600",1.06.05.030.00,"Information and Communication Technology Equipment",01,57850.00,0000-00-00,
970,0-01-05.030-0003-000,"Processor: Intel/ryzen quadcore/4-core 2.0GHz or faster, 64-bit; Memory: 2GB DDR4; Drives and Bay Support: 2x2.5' SATA SSD- 3 years hardware warranty includes: 2x2.5'' SATA SSD; 2TB with LED monitor 19.5"" and UPS; ALTOS OSAN - XN3004T; SN: XN19CQ00045",1.06.05.030.00,"Information and Communication Technology Equipment",01,96750.00,0000-00-00,
971,0-01-05.030-0004-000,"Ultra-High Resolution Dual Sided RETRANSFER Card Printer; Heavy Duty IPSEC Network Security; Electronic Security Lock with UPS MATICA - EDIsecure; SN: A4S11749",1.06.05.030.00,"Information and Communication Technology Equipment",01,150000.00,0000-00-00,
1038,0-01-05.030-0005-000,"indoor/outdoor LEDWALL 2.5Mx2m; P 3.91 Indoor Full Color Led Screen; Module Specification: Pixel Pitch: 3.91mm; Pixel Configuration: SMD2121; Module Resolution: 64x64pixels; Scan code:1/16 scan; Module Size 250mmx250mm; Cabinet Specification: Cabinet Size (WxHxD) 500mmx500mmx85mm; Cabinet Quantity (WxH): 5pcs x 4pcs; 1 unit Video Processors; 1 Lot Power Cables; Circuit breaker for LED Screen Main Supply; 1 lot customized rack 5KVA AVR for power supply; 1 lot fabricated wall bracket for LED screen; 1 lot communication/signal cable, 30m communication cable; 30m HDMI cable with booster; 75m-2.0mm 2c #14 2c royal cord",1.06.05.030.00,"Information and Communication Technology Equipment",01,750000.00,0000-00-00,
1044,0-01-05.030-0006-000,"Intel core i5, 12MB cache, 2.1GHz-4.6GHz Clock Rate; Memory: 8GB DDR4-3200MHz, expandable to 32GB; Storage: 1TB NVMe SSD; MSI - Thin 15 B13UCX SN: K2406N0023758",1.06.05.030.00,"Information and Communication Technology Equipment",01,50500.00,0000-00-00,
1045,0-01-05.030-0007-000,"Intel core i5, 12MB cache, 2.1GHz-4.6GHz Clock Rate; Memory: 8GB DDR4-3200MHz, expandable to 32GB; Storage: 1TB NVMe SSD; MSI - Thin 15 B13UCX SN: K2406N0023899",1.06.05.030.00,"Information and Communication Technology Equipment",01,50500.00,0000-00-00,
1046,0-01-05.030-0008-000,"Intel core i5, 12MB cache, 2.1GHz-4.6GHz Clock Rate; Memory: 8GB DDR4-3200MHz, expandable to 32GB; Storage: 1TB NVMe SSD; MSI - Thin 15 B13UCX SN: K2406N0023807",1.06.05.030.00,"Information and Communication Technology Equipment",01,50500.00,0000-00-00,
1047,0-01-05.030-0009-000,"Intel core i5, 12MB cache, 2.1GHz-4.6GHz Clock Rate; Memory: 8GB DDR4-3200MHz, expandable to 32GB; Storage: 1TB NVMe SSD; MSI - Thin 15 B13UCX SN: K2406N0023807",1.06.05.030.00,"Information and Communication Technology Equipment",01,50500.00,0000-00-00,
1048,0-01-05.030-0010-000,"Intel core i5, 12MB cache, 2.1GHz-4.6GHz Clock Rate; Memory: 8GB DDR4-3200MHz, expandable to 32GB; Storage: 1TB NVMe SSD; MSI - Thin 15 B13UCX SN: K2406N0023590",1.06.05.030.00,"Information and Communication Technology Equipment",01,50500.00,0000-00-00,
1049,0-01-05.030-0011-000,"Intel core i5, 12MB cache, 2.1GHz-4.6GHz Clock Rate; Memory: 8GB DDR4-3200MHz, expandable to 32GB; Storage: 1TB NVMe SSD; MSI - Thin 15 B13UCX SN: K2406N0023814",1.06.05.030.00,"Information and Communication Technology Equipment",01,50500.00,0000-00-00,
1050,0-01-05.030-0012-000,"Intel core i5, 12MB cache, 2.1GHz-4.6GHz Clock Rate; Memory: 8GB DDR4-3200MHz, expandable to 32GB; Storage: 1TB NVMe SSD; MSI - Thin 15 B13UCX SN: K2406N0023755",1.06.05.030.00,"Information and Communication Technology Equipment",01,50500.00,0000-00-00,
1051,0-01-05.030-0013-000,"Intel core i5, 12MB cache, 2.1GHz-4.6GHz Clock Rate; Memory: 8GB DDR4-3200MHz, expandable to 32GB; Storage: 1TB NVMe SSD; MSI - Thin 15 B13UCX SN: K2406N0023919",1.06.05.030.00,"Information and Communication Technology Equipment",01,50500.00,0000-00-00,
1052,0-01-05.030-0014-000,"Intel core i5, 12MB cache, 2.1GHz-4.6GHz Clock Rate; Memory: 8GB DDR4-3200MHz, expandable to 32GB; Storage: 1TB NVMe SSD; MSI - Thin 15 B13UCX SN: K2406N0023809",1.06.05.030.00,"Information and Communication Technology Equipment",01,50500.00,0000-00-00,
1053,0-01-05.030-0015-000,"Intel core i5, 12MB cache, 2.1GHz-4.6GHz Clock Rate; Memory: 8GB DDR4-3200MHz, expandable to 32GB; Storage: 1TB NVMe SSD; MSI - Thin 15 B13UCX SN: K2406N0023819",1.06.05.030.00,"Information and Communication Technology Equipment",01,50500.00,0000-00-00,
1054,0-01-05.030-0016-000,"Intel core i5, 12MB cache, 2.1GHz-4.6GHz Clock Rate; Memory: 8GB DDR4-3200MHz, expandable to 32GB; Storage: 1TB NVMe SSD; MSI - Thin 15 B13UCX SN: K2406N0023740",1.06.05.030.00,"Information and Communication Technology Equipment",01,50500.00,0000-00-00,
1055,0-01-05.030-0017-000,"Intel core i5, 12MB cache, 2.1GHz-4.6GHz Clock Rate; Memory: 8GB DDR4-3200MHz, expandable to 32GB; Storage: 1TB NVMe SSD; MSI - Thin 15 B13UCX SN: K2406N0023745",1.06.05.030.00,"Information and Communication Technology Equipment",01,50500.00,0000-00-00,
1056,0-01-05.030-0018-000,"Intel core i5, 12MB cache, 2.1GHz-4.6GHz Clock Rate; Memory: 8GB DDR4-3200MHz, expandable to 32GB; Storage: 1TB NVMe SSD; MSI - Thin 15 B13UCX SN: K2406N0023812",1.06.05.030.00,"Information and Communication Technology Equipment",01,50500.00,0000-00-00,
1057,0-01-05.030-0019-000,"Intel core i5, 12MB cache, 2.1GHz-4.6GHz Clock Rate; Memory: 8GB DDR4-3200MHz, expandable to 32GB; Storage: 1TB NVMe SSD; MSI - Thin 15 B13UCX SN: K2406N0023794",1.06.05.030.00,"Information and Communication Technology Equipment",01,50500.00,0000-00-00,
1058,0-01-05.030-0020-000,"Intel core i5, 12MB cache, 2.1GHz-4.6GHz Clock Rate; Memory: 8GB DDR4-3200MHz, expandable to 32GB; Storage: 1TB NVMe SSD; MSI - Thin 15 B13UCX SN: K2406N0024269",1.06.05.030.00,"Information and Communication Technology Equipment",01,50500.00,0000-00-00,
1059,0-01-05.030-0021-000,"Intel core i5, 12MB cache, 2.1GHz-4.6GHz Clock Rate; Memory: 8GB DDR4-3200MHz, expandable to 32GB; Storage: 1TB NVMe SSD; MSI - Thin 15 B13UCX SN: K2406N0023916",1.06.05.030.00,"Information and Communication Technology Equipment",01,50500.00,0000-00-00,
1060,0-01-05.030-0022-000,"Intel core i5, 12MB cache, 2.1GHz-4.6GHz Clock Rate; Memory: 8GB DDR4-3200MHz, expandable to 32GB; Storage: 1TB NVMe SSD; MSI - Thin 15 B13UCX SN: K2406N0023808",1.06.05.030.00,"Information and Communication Technology Equipment",01,50500.00,0000-00-00,
1061,0-01-05.030-0023-000,"Intel core i5, 12MB cache, 2.1GHz-4.6GHz Clock Rate; Memory: 8GB DDR4-3200MHz, expandable to 32GB; Storage: 1TB NVMe SSD; MSI - Thin 15 B13UCX SN: K2406N0023947",1.06.05.030.00,"Information and Communication Technology Equipment",01,50500.00,0000-00-00,
1062,0-01-05.030-0024-000,"Intel core i5, 12MB cache, 2.1GHz-4.6GHz Clock Rate; Memory: 8GB DDR4-3200MHz, expandable to 32GB; Storage: 1TB NVMe SSD; MSI - Thin 15 B13UCX SN: K2406N0023817",1.06.05.030.00,"Information and Communication Technology Equipment",01,50500.00,0000-00-00,
1063,0-01-05.030-0025-000,"Intel core i5, 12MB cache, 2.1GHz-4.6GHz Clock Rate; Memory: 8GB DDR4-3200MHz, expandable to 32GB; Storage: 1TB NVMe SSD; MSI - Thin 15 B13UCX SN: K2406N0023810",1.06.05.030.00,"Information and Communication Technology Equipment",01,50500.00,0000-00-00,
1064,0-01-05.030-0026-000,"Intel core i5, 12MB cache, 2.1GHz-4.6GHz Clock Rate; Memory: 8GB DDR4-3200MHz, expandable to 32GB; Storage: 1TB NVMe SSD; MSI - Thin 15 B13UCX SN: K2406N0023821",1.06.05.030.00,"Information and Communication Technology Equipment",01,50500.00,0000-00-00,
1065,0-01-05.030-0027-000,"Intel core i5, 12MB cache, 2.1GHz-4.6GHz Clock Rate; Memory: 8GB DDR4-3200MHz, expandable to 32GB; Storage: 1TB NVMe SSD; MSI - Thin 15 B13UCX SN: K2406N0023752",1.06.05.030.00,"Information and Communication Technology Equipment",01,50500.00,0000-00-00,
1066,0-01-05.030-0028-000,"Intel core i5, 12MB cache, 2.1GHz-4.6GHz Clock Rate; Memory: 8GB DDR4-3200MHz, expandable to 32GB; Storage: 1TB NVMe SSD; MSI - Thin 15 B13UCX SN: K2406N0023823",1.06.05.030.00,"Information and Communication Technology Equipment",01,50500.00,0000-00-00,
1067,0-01-05.030-0029-000,"Intel core i5, 12MB cache, 2.1GHz-4.6GHz Clock Rate; Memory: 8GB DDR4-3200MHz, expandable to 32GB; Storage: 1TB NVMe SSD; MSI - Thin 15 B13UCX SN: K2406N0023684",1.06.05.030.00,"Information and Communication Technology Equipment",01,50500.00,0000-00-00,
1068,0-01-05.030-0030-000,"Intel core i5, 12MB cache, 2.1GHz-4.6GHz Clock Rate; Memory: 8GB DDR4-3200MHz, expandable to 32GB; Storage: 1TB NVMe SSD; MSI - Thin 15 B13UCX SN: K2406N0023754",1.06.05.030.00,"Information and Communication Technology Equipment",01,50500.00,0000-00-00,
1069,0-01-05.030-0031-000,"Intel core i5, 12MB cache, 2.1GHz-4.6GHz Clock Rate; Memory: 8GB DDR4-3200MHz, expandable to 32GB; Storage: 1TB NVMe SSD; MSI - Thin 15 B13UCX SN: K2406N0023792",1.06.05.030.00,"Information and Communication Technology Equipment",01,50500.00,0000-00-00,
1070,0-01-05.030-0032-000,"Intel core i5, 12MB cache, 2.1GHz-4.6GHz Clock Rate; Memory: 8GB DDR4-3200MHz, expandable to 32GB; Storage: 1TB NVMe SSD; MSI - Thin 15 B13UCX SN: K2406N0023797",1.06.05.030.00,"Information and Communication Technology Equipment",01,50500.00,0000-00-00,
1071,0-01-05.030-0033-000,"Intel core i5, 12MB cache, 2.1GHz-4.6GHz Clock Rate; Memory: 8GB DDR4-3200MHz, expandable to 32GB; Storage: 1TB NVMe SSD; MSI - Thin 15 B13UCX SN: K2406N0023811",1.06.05.030.00,"Information and Communication Technology Equipment",01,50500.00,0000-00-00,
1072,0-01-05.030-0034-000,"Intel core i5, 12MB cache, 2.1GHz-4.6GHz Clock Rate; Memory: 8GB DDR4-3200MHz, expandable to 32GB; Storage: 1TB NVMe SSD; MSI - Thin 15 B13UCX SN: K2406N0023826",1.06.05.030.00,"Information and Communication Technology Equipment",01,50500.00,0000-00-00,
1073,0-01-05.030-0035-000,"Intel core i5, 12MB cache, 2.1GHz-4.6GHz Clock Rate; Memory: 8GB DDR4-3200MHz, expandable to 32GB; Storage: 1TB NVMe SSD; MSI - Thin 15 B13UCX SN: K2406N0023759",1.06.05.030.00,"Information and Communication Technology Equipment",01,50500.00,0000-00-00,
1074,0-01-05.030-0036-000,"Intel core i5, 12MB cache, 2.1GHz-4.6GHz Clock Rate; Memory: 8GB DDR4-3200MHz, expandable to 32GB; Storage: 1TB NVMe SSD; MSI - Thin 15 B13UCX SN: K2406N0023829",1.06.05.030.00,"Information and Communication Technology Equipment",01,50500.00,0000-00-00,
1075,0-01-05.030-0037-000,"Intel core i5, 12MB cache, 2.1GHz-4.6GHz Clock Rate; Memory: 8GB DDR4-3200MHz, expandable to 32GB; Storage: 1TB NVMe SSD; MSI - Thin 15 B13UCX SN: K2406N0023816",1.06.05.030.00,"Information and Communication Technology Equipment",01,50500.00,0000-00-00,
1076,0-01-05.030-0038-000,"Intel core i5, 12MB cache, 2.1GHz-4.6GHz Clock Rate; Memory: 8GB DDR4-3200MHz, expandable to 32GB; Storage: 1TB NVMe SSD; MSI - Thin 15 B13UCX SN: K2406N0023786",1.06.05.030.00,"Information and Communication Technology Equipment",01,50500.00,0000-00-00,
1077,0-01-05.030-0039-000,"Intel core i5, 12MB cache, 2.1GHz-4.6GHz Clock Rate; Memory: 8GB DDR4-3200MHz, expandable to 32GB; Storage: 1TB NVMe SSD; MSI - Thin 15 B13UCX SN: K2406N0023789",1.06.05.030.00,"Information and Communication Technology Equipment",01,50500.00,0000-00-00,
1078,0-01-05.030-0040-000,"Intel core i5, 12MB cache, 2.1GHz-4.6GHz Clock Rate; Memory: 8GB DDR4-3200MHz, expandable to 32GB; Storage: 1TB NVMe SSD; MSI - Thin 15 B13UCX SN: K2406N0023795",1.06.05.030.00,"Information and Communication Technology Equipment",01,50500.00,0000-00-00,
1079,0-01-05.030-0041-000,"Intel core i5, 12MB cache, 2.1GHz-4.6GHz Clock Rate; Memory: 8GB DDR4-3200MHz, expandable to 32GB; Storage: 1TB NVMe SSD; MSI - Thin 15 B13UCX SN: K2406N0023831",1.06.05.030.00,"Information and Communication Technology Equipment",01,50500.00,0000-00-00,
1080,0-01-05.030-0042-000,"branded, processor; Intel core i5; quad-core (3M cache, 3.1GHz) Memory: 8GB DDR4 SDRAM memory; Display: 19.5"" LED display, USB Keyboard & USB optical mouse, storage: 1TB SSD; with UPS 650VA ACER - Aspire TC-1785 SN: DTBLNSP003507004349600",1.06.05.030.00,"Information and Communication Technology Equipment",01,50000.00,0000-00-00,
1081,0-01-05.030-0043-000,"branded, processor; Intel core i5; quad-core (3M cache, 3.1GHz) Memory: 8GB DDR4 SDRAM memory; Display: 19.5"" LED display, USB Keyboard & USB optical mouse, storage: 1TB SSD; with UPS 650VA ACER - Aspire TC-1785 SN: DTBLNSP003507004259600",1.06.05.030.00,"Information and Communication Technology Equipment",01,50000.00,0000-00-00,
1082,0-01-05.030-0044-000,"branded, processor; Intel core i5; quad-core (3M cache, 3.1GHz) Memory: 8GB DDR4 SDRAM memory; Display: 19.5"" LED display, USB Keyboard & USB optical mouse, storage: 1TB SSD; with UPS 650VA ACER - Aspire TC-1785 SN: DTBLNSP0035070043B9600",1.06.05.030.00,"Information and Communication Technology Equipment",01,50000.00,0000-00-00,
1083,0-01-05.030-0045-000,"branded, processor; Intel core i5; quad-core (3M cache, 3.1GHz) Memory: 8GB DDR4 SDRAM memory; Display: 19.5"" LED display, USB Keyboard & USB optical mouse, storage: 1TB SSD; with UPS 650VA ACER - Aspire TC-1785 SN: DTBLNSP003507003A99600",1.06.05.030.00,"Information and Communication Technology Equipment",01,50000.00,0000-00-00,
1084,0-01-05.030-0046-000,"branded, processor; Intel core i5; quad-core (3M cache, 3.1GHz) Memory: 8GB DDR4 SDRAM memory; Display: 19.5"" LED display, USB Keyboard & USB optical mouse, storage: 1TB SSD; with UPS 650VA ACER - Aspire TC-1785 SN: DTBLNSP003507003BC9600",1.06.05.030.00,"Information and Communication Technology Equipment",01,50000.00,0000-00-00,
1085,0-01-05.030-0047-000,"branded, processor; Intel core i5; quad-core (3M cache, 3.1GHz) Memory: 8GB DDR4 SDRAM memory; Display: 19.5"" LED display, USB Keyboard & USB optical mouse, storage: 1TB SSD; with UPS 650VA ACER - Aspire TC-1785 SN: DTBLNSP0035070043C9600",1.06.05.030.00,"Information and Communication Technology Equipment",01,50000.00,0000-00-00,
1086,0-01-05.030-0048-000,"branded, processor; Intel core i5; quad-core (3M cache, 3.1GHz) Memory: 8GB DDR4 SDRAM memory; Display: 19.5"" LED display, USB Keyboard & USB optical mouse, storage: 1TB SSD; with UPS 650VA ACER - Aspire TC-1785 SN: DTBLNSP003507003AB9600",1.06.05.030.00,"Information and Communication Technology Equipment",01,50000.00,0000-00-00,
1087,0-01-05.030-0049-000,"branded, processor; Intel core i5; quad-core (3M cache, 3.1GHz) Memory: 8GB DDR4 SDRAM memory; Display: 19.5"" LED display, USB Keyboard & USB optical mouse, storage: 1TB SSD; with UPS 650VA ACER - Aspire TC-1785 SN: DTBLNSP003507003B49600",1.06.05.030.00,"Information and Communication Technology Equipment",01,50000.00,0000-00-00,
1088,0-01-05.030-0050-000,"branded, processor; Intel core i5; quad-core (3M cache, 3.1GHz) Memory: 8GB DDR4 SDRAM memory; Display: 19.5"" LED display, USB Keyboard & USB optical mouse, storage: 1TB SSD; with UPS 650VA ACER - Aspire TC-1785 SN: DTBLNSP003507003C19600",1.06.05.030.00,"Information and Communication Technology Equipment",01,50000.00,0000-00-00,
1089,0-01-05.030-0051-000,"branded, processor; Intel core i5; quad-core (3M cache, 3.1GHz) Memory: 8GB DDR4 SDRAM memory; Display: 19.5"" LED display, USB Keyboard & USB optical mouse, storage: 1TB SSD; with UPS 650VA ACER - Aspire TC-1785 SN: DTBLNSP003507003B19600",1.06.05.030.00,"Information and Communication Technology Equipment",01,50000.00,0000-00-00,
1090,0-01-05.030-0052-000,"branded, processor; Intel core i5; quad-core (3M cache, 3.1GHz) Memory: 8GB DDR4 SDRAM memory; Display: 19.5"" LED display, USB Keyboard & USB optical mouse, storage: 1TB SSD; with UPS 650VA ACER - Aspire TC-1785 SN: DTBLNSP003507003B39600",1.06.05.030.00,"Information and Communication Technology Equipment",01,50000.00,0000-00-00,
1091,0-01-05.030-0053-000,"branded, processor; Intel core i5; quad-core (3M cache, 3.1GHz) Memory: 8GB DDR4 SDRAM memory; Display: 19.5"" LED display, USB Keyboard & USB optical mouse, storage: 1TB SSD; with UPS 650VA ACER - Aspire TC-1785 SN: DTBLNSP003507004149600",1.06.05.030.00,"Information and Communication Technology Equipment",01,50000.00,0000-00-00,
1092,0-01-05.030-0054-000,"branded, processor; Intel core i5; quad-core (3M cache, 3.1GHz) Memory: 8GB DDR4 SDRAM memory; Display: 19.5"" LED display, USB Keyboard & USB optical mouse, storage: 1TB SSD; with UPS 650VA ACER - Aspire TC-1785 SN: DTBLNSP003507003BD9600",1.06.05.030.00,"Information and Communication Technology Equipment",01,50000.00,0000-00-00,
1093,0-01-05.030-0055-000,"branded, processor; Intel core i5; quad-core (3M cache, 3.1GHz) Memory: 8GB DDR4 SDRAM memory; Display: 19.5"" LED display, USB Keyboard & USB optical mouse, storage: 1TB SSD; with UPS 650VA ACER - Aspire TC-1785 SN: DTBLNSP003507003FF9600",1.06.05.030.00,"Information and Communication Technology Equipment",01,50000.00,0000-00-00,
1094,0-01-05.030-0056-000,"branded, processor; Intel core i5; quad-core (3M cache, 3.1GHz) Memory: 8GB DDR4 SDRAM memory; Display: 19.5"" LED display, USB Keyboard & USB optical mouse, storage: 1TB SSD; with UPS 650VA ACER - Aspire TC-1785 SN: DTBLNSP003507004079600",1.06.05.030.00,"Information and Communication Technology Equipment",01,50000.00,0000-00-00,
1095,0-01-05.030-0057-000,"branded, processor; Intel core i5; quad-core (3M cache, 3.1GHz) Memory: 8GB DDR4 SDRAM memory; Display: 19.5"" LED display, USB Keyboard & USB optical mouse, storage: 1TB SSD; with UPS 650VA ACER - Aspire TC-1785 SN: DTBLNSP003507004019600",1.06.05.030.00,"Information and Communication Technology Equipment",01,50000.00,0000-00-00,
1096,0-01-05.030-0058-000,"branded, processor; Intel core i5; quad-core (3M cache, 3.1GHz) Memory: 8GB DDR4 SDRAM memory; Display: 19.5"" LED display, USB Keyboard & USB optical mouse, storage: 1TB SSD; with UPS 650VA ACER - Aspire TC-1785 SN: DTBLNSP003507003AC9600",1.06.05.030.00,"Information and Communication Technology Equipment",01,50000.00,0000-00-00,
1097,0-01-05.030-0059-000,"branded, processor; Intel core i5; quad-core (3M cache, 3.1GHz) Memory: 8GB DDR4 SDRAM memory; Display: 19.5"" LED display, USB Keyboard & USB optical mouse, storage: 1TB SSD; with UPS 650VA ACER - Aspire TC-1785 SN: DTBLNSP003507003F59600",1.06.05.030.00,"Information and Communication Technology Equipment",01,50000.00,0000-00-00,
1098,0-01-05.030-0060-000,"branded, processor; Intel core i5; quad-core (3M cache, 3.1GHz) Memory: 8GB DDR4 SDRAM memory; Display: 19.5"" LED display, USB Keyboard & USB optical mouse, storage: 1TB SSD; with UPS 650VA ACER - Aspire TC-1785 SN: DTBLNSP003507004469600",1.06.05.030.00,"Information and Communication Technology Equipment",01,50000.00,0000-00-00,
1099,0-01-05.030-0061-000,"branded, processor; Intel core i5; quad-core (3M cache, 3.1GHz) Memory: 8GB DDR4 SDRAM memory; Display: 19.5"" LED display, USB Keyboard & USB optical mouse, storage: 1TB SSD; with UPS 650VA ACER - Aspire TC-1785 SN: DTBLNSP0035070042B9600",1.06.05.030.00,"Information and Communication Technology Equipment",01,50000.00,0000-00-00,
1100,0-01-05.030-0062-000,"branded, processor; Intel core i5; quad-core (3M cache, 3.1GHz) Memory: 8GB DDR4 SDRAM memory; Display: 19.5"" LED display, USB Keyboard & USB optical mouse, storage: 1TB SSD; with UPS 650VA ACER - Aspire TC-1785 SN: DTBLNSP003507003909600",1.06.05.030.00,"Information and Communication Technology Equipment",01,50000.00,0000-00-00,
1101,0-01-05.030-0063-000,"branded, processor; Intel core i5; quad-core (3M cache, 3.1GHz) Memory: 8GB DDR4 SDRAM memory; Display: 19.5"" LED display, USB Keyboard & USB optical mouse, storage: 1TB SSD; with UPS 650VA ACER - Aspire TC-1785 SN: DTBLNSP003507004139600",1.06.05.030.00,"Information and Communication Technology Equipment",01,50000.00,0000-00-00,
1102,0-01-05.030-0064-000,"branded, processor; Intel core i5; quad-core (3M cache, 3.1GHz) Memory: 8GB DDR4 SDRAM memory; Display: 19.5"" LED display, USB Keyboard & USB optical mouse, storage: 1TB SSD; with UPS 650VA ACER - Aspire TC-1785 SN: DTBLNSP003507003AA9600",1.06.05.030.00,"Information and Communication Technology Equipment",01,50000.00,0000-00-00,
1103,0-01-05.030-0065-000,"branded, processor; Intel core i5; quad-core (3M cache, 3.1GHz) Memory: 8GB DDR4 SDRAM memory; Display: 19.5"" LED display, USB Keyboard & USB optical mouse, storage: 1TB SSD; with UPS 650VA ACER - Aspire TC-1785 SN: DTBLNSP003507003A89600",1.06.05.030.00,"Information and Communication Technology Equipment",01,50000.00,0000-00-00,
1104,0-01-05.030-0066-000,"branded, processor; Intel core i5; quad-core (3M cache, 3.1GHz) Memory: 8GB DDR4 SDRAM memory; Display: 19.5"" LED display, USB Keyboard & USB optical mouse, storage: 1TB SSD; with UPS 650VA ACER - Aspire TC-1785 SN: DTBLNSP003507003B29600",1.06.05.030.00,"Information and Communication Technology Equipment",01,50000.00,0000-00-00,
1105,0-01-05.030-0067-000,"branded, processor; Intel core i5; quad-core (3M cache, 3.1GHz) Memory: 8GB DDR4 SDRAM memory; Display: 19.5"" LED display, USB Keyboard & USB optical mouse, storage: 1TB SSD; with UPS 650VA ACER - Aspire TC-1785 SN: DTBLNSP003507003EE9600",1.06.05.030.00,"Information and Communication Technology Equipment",01,50000.00,0000-00-00,
1106,0-01-05.030-0068-000,"branded, processor; Intel core i5; quad-core (3M cache, 3.1GHz) Memory: 8GB DDR4 SDRAM memory; Display: 19.5"" LED display, USB Keyboard & USB optical mouse, storage: 1TB SSD; with UPS 650VA ACER - Aspire TC-1785 SN: DTBLNSP003507004459600",1.06.05.030.00,"Information and Communication Technology Equipment",01,50000.00,0000-00-00,
1107,0-01-05.030-0069-000,"branded, processor; Intel core i5; quad-core (3M cache, 3.1GHz) Memory: 8GB DDR4 SDRAM memory; Display: 19.5"" LED display, USB Keyboard & USB optical mouse, storage: 1TB SSD; with UPS 650VA ACER - Aspire TC-1785 SN: DTBLNSP003507004329600",1.06.05.030.00,"Information and Communication Technology Equipment",01,50000.00,0000-00-00,
1108,0-01-05.030-0070-000,"branded, processor; Intel core i5; quad-core (3M cache, 3.1GHz) Memory: 8GB DDR4 SDRAM memory; Display: 19.5"" LED display, USB Keyboard & USB optical mouse, storage: 1TB SSD; with UPS 650VA ACER - Aspire TC-1785 SN: DTBLNSP003507004069600",1.06.05.030.00,"Information and Communication Technology Equipment",01,50000.00,0000-00-00,
1109,0-01-05.030-0071-000,"branded, processor; Intel core i5; quad-core (3M cache, 3.1GHz) Memory: 8GB DDR4 SDRAM memory; Display: 19.5"" LED display, USB Keyboard & USB optical mouse, storage: 1TB SSD; with UPS 650VA ACER - Aspire TC-1785 SN: DTBLNSP003507003B79600",1.06.05.030.00,"Information and Communication Technology Equipment",01,50000.00,0000-00-00,
1110,0-01-05.030-0072-000,"branded, processor; Intel core i5; quad-core (3M cache, 3.1GHz) Memory: 8GB DDR4 SDRAM memory; Display: 19.5"" LED display, USB Keyboard & USB optical mouse, storage: 1TB SSD; with UPS 650VA ACER - Aspire TC-1785 SN: DTBLNSP0035070042D9600",1.06.05.030.00,"Information and Communication Technology Equipment",01,50000.00,0000-00-00,
1114,0-01-05.030-0073-000,"Intel CoreTM Ultra 9 Processor 185H 2.3 GHz (24MB Cache, up to 5.1GHz, 16 cores, 22 threads) and 32GB LPDDR5x memory. Dual Screen laptop with two full-size OLED touchscreen, with dual 14-inch 3K OLED 120 Hz display. Touch screen with stylus support. 2TB M.2 NVMeTM PCle 4.0 SSD. Included Accessories- Stylus, sleeve, laptop bag, power charger.",1.06.05.030.00,"Information and Communication Technology Equipment",01,155000.00,0000-00-00,
1115,0-01-05.030-0074-000,"CISS Factory Made; Print Scan Copy Fax with ADF; Epson - L15150 SN: X6N7058564",1.06.05.030.00,"Information and Communication Technology Equipment",01,55600.00,0000-00-00,
1117,0-01-05.030-0075-000,"CISS Factory Made; Print Scan Copy Fax with ADF; Epson - L15150 SN: X6N7057991",1.06.05.030.00,"Information and Communication Technology Equipment",01,55600.00,0000-00-00,
1118,0-01-05.030-0076-000,"CISS Factory Made; Print Scan Copy Fax with ADF; Epson - L15150 SN: X6N7057352",1.06.05.030.00,"Information and Communication Technology Equipment",01,55600.00,0000-00-00,
1120,0-01-05.030-0077-000,"CISS Factory Made; Print Scan Copy Fax with ADF; Epson - L15150 SN: X6N7057989",1.06.05.030.00,"Information and Communication Technology Equipment",01,55600.00,0000-00-00,
1121,0-01-05.030-0078-000,"CISS Factory Made; Print Scan Copy Fax with ADF; Epson - L15150 SN: X6N7051691",1.06.05.030.00,"Information and Communication Technology Equipment",01,55600.00,0000-00-00,
1122,0-01-05.030-0079-000,"CISS Factory Made; Print Scan Copy Fax with ADF; Epson - L15150 SN: X6N7058566",1.06.05.030.00,"Information and Communication Technology Equipment",01,55600.00,0000-00-00,
1127,0-01-05.030-0080-000,"CISS Factory Made; Print Scan Copy Fax with ADF; Epson - L15150 SN: X6N7057361",1.06.05.030.00,"Information and Communication Technology Equipment",01,55600.00,0000-00-00,
1128,0-01-05.030-0081-000,"branded; processor: i7-13700KF; NVIDIA GeForce RTX 4080 16GB; 16GB DDR4 U-DIMM; 1TB M.2 2280 NVMe 4.0 SSD; Power Supply: 750W; Monitor: 24.5""; Keyboard and Mouse; BOSSTON tower case; Asus - S501MER-714700006WSM SN: T2PFWT000849068",1.06.05.030.00,"Information and Communication Technology Equipment",01,189895.00,0000-00-00,
1129,0-01-05.030-0082-000,"branded; processor: i7-13700KF; NVIDIA GeForce RTX 4080 16GB; 16GB DDR4 U-DIMM; 1TB M.2 2280 NVMe 4.0 SSD; Power Supply: 750W; Monitor: 24.5""; Keyboard and Mouse; BOSSTON tower case; Asus - S501MER-714700006WSM SN: T2PFWT000881064",1.06.05.030.00,"Information and Communication Technology Equipment",01,189895.00,0000-00-00,
1190,0-01-05.030-0083-000,"All In One; Intel Core i5-1340P; 16gb DDR4 RAM; 512 GB SSD; 23.8' Wide View Angle Monitor w/ Full HD 1080P; Intel UHD Graphics; ACER - C24-1851 SN: DQBKPSP00751500E873000",1.06.05.030.00,"Information and Communication Technology Equipment",01,69000.00,0000-00-00,
1035,2025-01-05.030-0001-000,"1X3mx2.5m P3.91; Outdoor fixed LED display; 30 pcs panel 500mmx500mm; Front and back service access spare parts; Power supply, 6 pcs.; Spare Nova receiving card: 6 pcs; Spare Module: 8 pcs; 1 10KVA AVR; 60 meters Communication cable; 1 lot fixed wall mount bracket; 75m-2.0mm 2c #14 2c Royal Cord; Primeled - P3.91-13S",1.06.05.030.00,"Information and Communication Technology Equipment",01,1080000.00,2025-03-19,
1132,2025-01-05.030-0002-000,"camera with accessories kit; LENS X00D_24.2 MP APS-C; 24.2MP CMOS DX 23.5 x 15.6mm. Lens AF-S NIKKOR 18-140mm SN: 20341517; NIKON D7200 SN: 9400805",1.06.05.030.00,"Information and Communication Technology Equipment",01,53850.00,2025-04-14,
1160,2025-01-05.030-0003-000,"factory made; print; scan; copy; fax with ADF; print speed of up to 25.0 rpm; Prints up to A3+; Automatic Duplex Printing; Ultra-high page yield of 7,500 pages(black) and 6,000 pages (color); Wi-Fi; with free initial consumables; Epson - L15150 SN: 	X6N7059125",1.06.05.030.00,"Information and Communication Technology Equipment",01,55000.00,2025-12-18,
1170,2025-01-05.030-0004-000,"Intel core i5-12500H; memory: 16GB DDR4; storage: 512 GB NVMe SSD; Graphics: NVIDIA GeForce; ACER - TMP216-51G-52D6; SN: NXB18SP00D5232F80A7600",1.06.05.030.00,"Information and Communication Technology Equipment",01,57850.00,2025-12-18,
1171,2025-01-05.030-0005-000,"Intel core i5-12500H; memory: 16GB DDR4; storage: 512 GB NVMe SSD; Graphics: NVIDIA GeForce; ACER - TMP216-51G-52D6; SN: NXB18SP00D5232F85A7600",1.06.05.030.00,"Information and Communication Technology Equipment",01,57850.00,2025-12-18,
1172,2025-01-05.030-0006-000,"Intel core i5-12500H; memory: 16GB DDR4; storage: 512 GB NVMe SSD; Graphics: NVIDIA GeForce; ACER - TMP216-51G-52D6; SN: NXB18SP00D5232F7D37600",1.06.05.030.00,"Information and Communication Technology Equipment",01,57850.00,2025-12-18,
1173,2025-01-05.030-0007-000,"Intel core i5-12500H; memory: 8GB DDR4; storage: 1TB NVMe SSD; Graphics: NVIDIA GeForce; ACER - TMP216-51G-52D6; SN: NXB18SP00D5232F84B7600",1.06.05.030.00,"Information and Communication Technology Equipment",01,59800.00,2025-12-18,
1174,2025-01-05.030-0008-000,"Intel core i5-12500H; memory: 8GB DDR4; storage: 1TB NVMe SSD; Graphics: NVIDIA GeForce; ACER - TMP216-51G-52D6; SN: NXB18SP00D5232F8807600",1.06.05.030.00,"Information and Communication Technology Equipment",01,59800.00,2025-12-18,
1175,2025-01-05.030-0009-000,"Intel core i5-12500H; memory: 8GB DDR4; storage: 1TB NVMe SSD; Graphics: NVIDIA GeForce; ACER - TMP216-51G-52D6; SN: NXB18SP00D5232F8917600",1.06.05.030.00,"Information and Communication Technology Equipment",01,59800.00,2025-12-18,
1176,2025-01-05.030-0010-000,"Intel core i5-12500H; memory: 8GB DDR4; storage: 1TB NVMe SSD; Graphics: NVIDIA GeForce; ACER - TMP216-51G-52D6; SN: NXB18SP00D5232F8287600",1.06.05.030.00,"Information and Communication Technology Equipment",01,59800.00,2025-12-18,
1177,2025-01-05.030-0011-000,"Intel core i5-12500H; memory: 8GB DDR4; storage: 1TB NVMe SSD; Graphics: NVIDIA GeForce; ACER - TMP216-51G-52D6; SN: NXB18SP00D5232F8187600",1.06.05.030.00,"Information and Communication Technology Equipment",01,59800.00,2025-12-18,
1178,2025-01-05.030-0012-000,"Intel core i5-12500H; memory: 8GB DDR4; storage: 1TB NVMe SSD; Graphics: NVIDIA GeForce; ACER - TMP216-51G-52D6; SN: NXB18SP00D5232F85F7600",1.06.05.030.00,"Information and Communication Technology Equipment",01,59800.00,2025-12-18,
1180,2025-01-05.030-0013-000,"factory made; print; scan; copy; fax with ADF; print speed of up to 25.0 rpm; Prints up to A3+; Automatic Duplex Printing; Ultra-high page yield of 7,500 pages(black) and 6,000 pages (color); Wi-Fi; EPSON L15150 SN: X6N7068198",1.06.05.030.00,"Information and Communication Technology Equipment",01,55000.00,2025-12-18,
1183,2025-01-05.030-0014-000,"Heavy Duty multi-function digital copier A3 9copy, print and colored scan; with ARDF (Automatic Reverse Document Feeder; with single tray; bypass tray; FUJIFILM - D-B590 SN: 464776",1.06.05.030.00,"Information and Communication Technology Equipment",01,111600.00,2025-12-18,
3816,2025-01-05.030-0015-000,"HP Scanjet Pro 4500 f1 SN: CN8AAD6047",1.06.05.030.00,"Information and Communication Technology Equipment",01,52100.00,,
3817,2025-01-05.030-0016-000,"HP Scanjet Pro 4500 f1 SN: CN8AAD605D",1.06.05.030.00,"Information and Communication Technology Equipment",01,52100.00,,
3818,2025-01-05.030-0017-000,"HP Scanjet Pro 4500 f1 SN: CN8AAD605J",1.06.05.030.00,"Information and Communication Technology Equipment",01,52100.00,,
3836,2025-01-05.030-0018-000,"HP Pavilion X360, Core i5 SN: 8CG8360KS1",1.06.05.030.00,"Information and Communication Technology Equipment",01,54239.25,,
3837,2025-01-05.030-0019-000,8CG8361J9Y,1.06.05.030.00,"Information and Communication Technology Equipment",01,54239.25,,
3838,2025-01-05.030-0020-000,8CG8361J9V,1.06.05.030.00,"Information and Communication Technology Equipment",01,54239.25,,
3839,2025-01-05.030-0021-000,8CG8361J9R,1.06.05.030.00,"Information and Communication Technology Equipment",01,54239.25,,
3847,2025-01-05.030-0022-000,"core i5; Acer Travelmate X349; SN: NXVEESP007721095597200",1.06.05.030.00,"Information and Communication Technology Equipment",01,54500.00,,
3850,2025-01-05.030-0023-000,"Canon PowerShot SX60 HS SN: 443053003250",1.06.05.030.00,"Information and Communication Technology Equipment",01,58800.00,,
3851,2025-01-05.030-0024-000,"1 x switch, 24-port Gigabit Ethernet SN:",1.06.05.030.00,"Information and Communication Technology Equipment",01,59250.00,,
3852,2025-01-05.030-0025-000,"1 x switch, 24-port Gigabit Ethernet SN:",1.06.05.030.00,"Information and Communication Technology Equipment",01,59250.00,,
3853,2025-01-05.030-0026-000,"1 x switch, 24-port Gigabit Ethernet SN:",1.06.05.030.00,"Information and Communication Technology Equipment",01,59250.00,,
3854,2025-01-05.030-0027-000,"1 x switch, 24-port Gigabit Ethernet SN:",1.06.05.030.00,"Information and Communication Technology Equipment",01,59250.00,,
3855,2025-01-05.030-0028-000,"1 x switch, 24-port Gigabit Ethernet SN:",1.06.05.030.00,"Information and Communication Technology Equipment",01,59250.00,,
3856,2025-01-05.030-0029-000,"1 x switch, 24-port Gigabit Ethernet SN:",1.06.05.030.00,"Information and Communication Technology Equipment",01,59250.00,,
3857,2025-01-05.030-0030-000,"1 x switch, 24-port Gigabit Ethernet SN:",1.06.05.030.00,"Information and Communication Technology Equipment",01,59250.00,,
3867,2025-01-05.030-0031-000,"MTS-88 C-Use",1.06.05.030.00,"Information and Communication Technology Equipment",01,76200.00,,
3879,2025-01-05.030-0032-000,"Flash Forge Creator Pro 2",1.06.05.030.00,"Information and Communication Technology Equipment",01,98000.00,,
3880,2025-01-05.030-0033-000,"HP T120 24-in Printer",1.06.05.030.00,"Information and Communication Technology Equipment",01,98650.00,,
3881,2025-01-05.030-0034-000,"16 Bit Micro Controller 80C 196 KC Emulation",1.06.05.030.00,"Information and Communication Technology Equipment",01,126500.00,,
3882,2025-01-05.030-0035-000,"ETS 7000",1.06.05.030.00,"Information and Communication Technology Equipment",01,135000.00,,
3883,2025-01-05.030-0036-000,"Core i7; Dell XPS-13; SN:7342QQ2",1.06.05.030.00,"Information and Communication Technology Equipment",01,145700.00,,
3884,2025-01-05.030-0037-000,"Digital Learning Teaching",1.06.05.030.00,"Information and Communication Technology Equipment",01,159950.00,,
3885,2025-01-05.030-0038-000,"with unified communication, 1 x intergrated Service Router, with 8x5 NBD",1.06.05.030.00,"Information and Communication Technology Equipment",01,175000.00,,
3886,2025-01-05.030-0039-000,"Scanjet Enterprise Flow N9120 fn2; SN: CNL9CAN01G",1.06.05.030.00,"Information and Communication Technology Equipment",01,180000.00,,
3887,2025-01-05.030-0040-000,"1 x Data Center rack, 42U, 800mm (W) x 1070mm (D), 2 x Power distribution unit, Basic, OU, 16A, IEC309 input, 20 x C13, 4 x C19 outlets, EIA-310D, IEC-60297-2",1.06.05.030.00,"Information and Communication Technology Equipment",01,199700.00,,
3888,2025-01-05.030-0041-000,"1 x Data Center rack, 42U, 800mm (W) x 1070mm (D), 2 x Power distribution unit, Basic, OU, 16A, IEC309 input, 20 x C13, 4 x C19 outlets, EIA-310D, IEC-60297-2",1.06.05.030.00,"Information and Communication Technology Equipment",01,199700.00,,
3889,2025-01-05.030-0042-000,"1 x Network attached storage Appliance, 1 x 16GB RAM Module, 4 x 4TB Enterprise, Capacity HDD, 1 x sliding Railing Kit, Intel",1.06.05.030.00,"Information and Communication Technology Equipment",01,200000.00,,
3891,2025-01-05.030-0043-000,"MFP -HP Design jet 36""",1.06.05.030.00,"Information and Communication Technology Equipment",01,260000.00,,
3892,2025-01-05.030-0044-000,"Max 3D Printer; Createbot w/ accs.",1.06.05.030.00,"Information and Communication Technology Equipment",01,345000.00,,
3893,2025-01-05.030-0045-000,"1 x layer 3 switch, 16 port 10G SFP+ Ports
SN: A960278700076",1.06.05.030.00,"Information and Communication Technology Equipment",01,356550.00,,
3894,2025-01-05.030-0046-000,"16.0 Kwatts/20.0 kVA Output power, capacity, 16.0KWatts/20.0 kVA Max",1.06.05.030.00,"Information and Communication Technology Equipment",01,400000.00,,
3895,2025-01-05.030-0047-000,"1U Rackmount; 1 x server with virtualization, 1U Rackmountable",1.06.05.030.00,"Information and Communication Technology Equipment",01,500000.00,,
3896,2025-01-05.030-0048-000,"1U Rackmount; 1 x server with virtualization, 1U Rackmountable",1.06.05.030.00,"Information and Communication Technology Equipment",01,500000.00,,
3897,2025-01-05.030-0049-000,"1 x Server, Medium Enterprise",1.06.05.030.00,"Information and Communication Technology Equipment",01,500000.00,,
3898,2025-01-05.030-0050-000,"CPU: Atheros AR7241 400MHz Network",1.06.05.030.00,"Information and Communication Technology Equipment",01,605000.00,,
3899,2025-01-05.030-0051-000,"20KVA, 240V, 3-phase",1.06.05.030.00,"Information and Communication Technology Equipment",01,800000.00,,
3900,2025-01-05.030-0052-000,"2000 Meters, 8 Core",1.06.05.030.00,"Information and Communication Technology Equipment",01,2500000.00,,
3944,2025-01-05.030-0053-000,"All in one; Intel Core Ultra 7; 8gb DDR5 RAM; 512gb SSD; Intel Graphics; 27' Wide Angle Monitor with Full HD 1080P; ACER - C27-195ES SN: DQBMGSP001524009DF3000",1.06.05.030.00,"Information and Communication Technology Equipment",01,50600.00,2025-12-18,
3890,2026-01-05.030-0001-000,"Origin: Italy: DL 1893; SN: 1105683.24",1.06.05.030.00,"Information and Communication Technology Equipment",01,233500.00,2026-04-13,
457,0-05-05.030-0001-000,"Brand: ACER, Model: N22C1, 15.6"" Full HD (1920 x 1080) 16:9 144 Hz. DDR4 1TB SSD SN: NHQH4SP002237028103400",1.06.05.030.00,"Information and Communication Technology Equipment",05,78999.00,0000-00-00,
461,0-05-05.030-0002-000,"AMD Ryzen, Model: N22C1 Nitro 5, 6 cores SN: NHQH4SP002237029783400",1.06.05.030.00,"Information and Communication Technology Equipment",05,83739.00,0000-00-00,
463,0-05-05.030-0003-000,"Brand: Panasonic, Model: AG-AC30, SN: H1TKA0135",1.06.05.030.00,"Information and Communication Technology Equipment",05,123188.00,0000-00-00,
467,0-05-05.030-0004-000,"ACER Verito X4690G, Intel Core i7, 12 cores 20 threads, 2TB HDD, 500GB SSD, 32GB RAM, SN: DTVWSSP01T2330199B3000",1.06.05.030.00,"Information and Communication Technology Equipment",05,85855.00,0000-00-00,
468,0-05-05.030-0005-000,"ACER Verito X4690G, Intel Core i7, 12 cores 20 threads, 2TB HDD, 500GB SSD, 32GB RAM, SN: DTVWSSP01T2330199F3000",1.06.05.030.00,"Information and Communication Technology Equipment",05,85855.00,0000-00-00,
469,0-05-05.030-0006-000,"ACER Verito X4690G, Intel Core i7, 12 cores 20 threads, 2TB HDD, 500GB SSD, 32GB RAM, SN: DTVWSSP01T233019A93000",1.06.05.030.00,"Information and Communication Technology Equipment",05,85855.00,0000-00-00,
470,0-05-05.030-0007-000,"ACER Verito X4690G, Intel Core i7, 12 cores 20 threads, 2TB HDD, 500GB SSD, 32GB RAM, SN: DTVWSSP01T233019A83000",1.06.05.030.00,"Information and Communication Technology Equipment",05,85855.00,0000-00-00,
471,0-05-05.030-0008-000,"ACER Verito X4690G, Intel Core i7, 12 cores 20 threads, 2TB HDD, 500GB SSD, 32GB RAM, SN: DTVWSSP01T233019993000",1.06.05.030.00,"Information and Communication Technology Equipment",05,85855.00,0000-00-00,
472,0-05-05.030-0009-000,"ACER Verito X4690G, Intel Core i7, 12 cores 20 threads, 2TB HDD, 500GB SSD, 32GB RAM, SN: DTVWSSP01T233019AF3000",1.06.05.030.00,"Information and Communication Technology Equipment",05,85855.00,0000-00-00,
828,0-05-05.030-0010-000,"AMD Ryzen 7 5800X, 16GB RAM, 1TB SSD, M.2NVME 1TB, 144Hz Monitor 24 inches (Philips) SN: UK02241003913",1.06.05.030.00,"Information and Communication Technology Equipment",05,52500.00,0000-00-00,
830,0-05-05.030-0011-000,"AMD Ryzen 7 5800X, 16GB RAM, 1TB SSD, M.2NVME 1TB, 144Hz Monitor 24 inches (Philips) SN: UK02241003808",1.06.05.030.00,"Information and Communication Technology Equipment",05,52500.00,0000-00-00,
832,0-05-05.030-0012-000,"AMD Ryzen 7 5800X, 16GB RAM, 1TB SSD, M.2NVME 1TB, 144Hz Monitor 24 inches (Philips) SN: UK02241003845",1.06.05.030.00,"Information and Communication Technology Equipment",05,52500.00,0000-00-00,
833,0-05-05.030-0013-000,"AMD Ryzen 7 5800X, 16GB RAM, 1TB SSD, M.2NVME 1TB, 144Hz Monitor 24 inches (Philips) SN: UK02241003823",1.06.05.030.00,"Information and Communication Technology Equipment",05,52500.00,0000-00-00,
835,0-05-05.030-0014-000,"AMD Ryzen 7 5800X, 16GB RAM, 1TB SSD, M.2NVME 1TB, 144Hz Monitor 24 inches (Philips) SN: UK02241003805",1.06.05.030.00,"Information and Communication Technology Equipment",05,52500.00,0000-00-00,
836,0-05-05.030-0015-000,"AMD Ryzen 7 5800X, 16GB RAM, 1TB SSD, M.2NVME 1TB, 144Hz Monitor 24 inches (Philips) SN: UK02241003802",1.06.05.030.00,"Information and Communication Technology Equipment",05,52500.00,0000-00-00,
837,0-05-05.030-0016-000,"AMD Ryzen 7 5800X, 16GB RAM, 1TB SSD, M.2NVME 1TB, 144Hz Monitor 24 inches (Philips) SN: UK02241003857",1.06.05.030.00,"Information and Communication Technology Equipment",05,52500.00,0000-00-00,
838,0-05-05.030-0017-000,"AMD Ryzen 7 5800X, 16GB RAM, 1TB SSD, M.2NVME 1TB, 144Hz Monitor 24 inches (Philips) SN: UK02241003821",1.06.05.030.00,"Information and Communication Technology Equipment",05,52500.00,0000-00-00,
839,0-05-05.030-0018-000,"AMD Ryzen 7 5800X, 16GB RAM, 1TB SSD, M.2NVME 1TB, 144Hz Monitor 24 inches (Philips) SN: UK02241003829",1.06.05.030.00,"Information and Communication Technology Equipment",05,52500.00,0000-00-00,
841,0-05-05.030-0019-000,"AMD Ryzen 7 5800X, 16GB RAM, 1TB SSD, M.2NVME 1TB, 144Hz Monitor 24 inches (Philips) SN: UK02241003807",1.06.05.030.00,"Information and Communication Technology Equipment",05,52500.00,0000-00-00,
886,0-05-05.030-0020-000,"Printer- Print, scan, copy, fax with ADF; EPSON Model: L15150; SN: X6N7052299",1.06.05.030.00,"Information and Communication Technology Equipment",05,50609.00,0000-00-00,
904,0-05-05.030-0021-000,"Self Service Book Search",1.06.05.030.00,"Information and Communication Technology Equipment",05,275286.00,0000-00-00,
906,0-05-05.030-0022-000,"70"" display; TCL - 70P655; SN: 2408ALY221983A00669",1.06.05.030.00,"Information and Communication Technology Equipment",05,72750.00,0000-00-00,
907,0-05-05.030-0023-000,"32 Channel H.265 Digital Video Recorder; 25 units IP Camera HKVISION - DS-7732NXI-K4 SN: FF7234731",1.06.05.030.00,"Information and Communication Technology Equipment",05,352780.31,0000-00-00,
942,0-05-05.030-0024-000,"CISS Factory Made; A3+; EPSON L15150 SN: X6N7053001",1.06.05.030.00,"Information and Communication Technology Equipment",05,50609.00,0000-00-00,
947,0-05-05.030-0025-000,"EPSON L15150 SN: X6N7053525",1.06.05.030.00,"Information and Communication Technology Equipment",05,54500.00,0000-00-00,
948,0-05-05.030-0026-000,"EPSON L15150 SN: X6N7053520",1.06.05.030.00,"Information and Communication Technology Equipment",05,54500.00,0000-00-00,
950,0-05-05.030-0027-000,"Dell - EMC E75S; SN: 9D7WN44",1.06.05.030.00,"Information and Communication Technology Equipment",05,240900.00,0000-00-00,
954,0-05-05.030-0028-000,"for Coffee Shop, includes Lenovo Tablet - 10.1"" Model: Lenovo TB-X306X SN: HVA18KY4; Money Detector Model: NX-113; Thermal Printer HPRT",1.06.05.030.00,"Information and Communication Technology Equipment",05,81500.00,0000-00-00,
964,0-05-05.030-0029-000,"Synology - DS723+; SN: 2440TPRY60PEH",1.06.05.030.00,"Information and Communication Technology Equipment",05,99500.00,0000-00-00,
965,0-05-05.030-0030-000,"HP - All-in-One 24-cb1049d SN: 8CC434173B",1.06.05.030.00,"Information and Communication Technology Equipment",05,50500.00,0000-00-00,
966,0-05-05.030-0031-000,"All-in-One; ACER - ASPIRE C24-195ES; SN: DQBM4SP00143901B093000",1.06.05.030.00,"Information and Communication Technology Equipment",05,52950.00,0000-00-00,
967,0-05-05.030-0032-000,"All-in-One; ACER - ASPIRE C24-195ES; SN: DQBM4SP00143901B0F3000",1.06.05.030.00,"Information and Communication Technology Equipment",05,52950.00,0000-00-00,
968,0-05-05.030-0033-000,"All-in-One; ACER - ASPIRE C24-195ES; SN: DQBM4SP00143901B053000",1.06.05.030.00,"Information and Communication Technology Equipment",05,52950.00,0000-00-00,
969,0-05-05.030-0034-000,"All-in-One; ACER - ASPIRE C24-195ES; SN: DQBM4SP00143901B1F3000",1.06.05.030.00,"Information and Communication Technology Equipment",05,52950.00,0000-00-00,
973,0-05-05.030-0035-000,"intel core i7 (3.0GHz); 15.6"" FHD IPS 144 Hz Display; 16GB DDR4 RAM memory; NVIDIA eForce GTX 1650 512GB SSD Storage",1.06.05.030.00,"Information and Communication Technology Equipment",05,54670.00,0000-00-00,
1004,0-05-05.030-0036-000,"A3 Wi-Fi Duplex All-in-One Ink Tank Printer Epson; Epson - L15150 SN: X6N7055131",1.06.05.030.00,"Information and Communication Technology Equipment",05,54500.00,0000-00-00,
1111,0-05-05.030-0037-000,"AMD Ryzen 5 7535HS Processor 8GB DDR5 Memory 1TB M.2 NVme Solid State Drive NVIDIA Geforce RTX 2050 laptop GPU, up to 1670MHz at 60W (70 wit dynamic boost), 4GB GDR6 15.6"" FHD; Asus - FA506NF-HN005W SN: S5NRCX057349217",1.06.05.030.00,"Information and Communication Technology Equipment",05,58000.00,0000-00-00,
1112,0-05-05.030-0038-000,"AMD Ryzen 5 7535HS Processor 8GB DDR5 Memory 1TB M.2 NVme Solid State Drive NVIDIA Geforce RTX 2050 laptop GPU, up to 1670MHz at 60W (70 wit dynamic boost), 4GB GDR6 15.6"" FHD; Asus - FA506NF-HN005W SN: S5NRCX05726821E",1.06.05.030.00,"Information and Communication Technology Equipment",05,58000.00,0000-00-00,
1113,0-05-05.030-0039-000,"AMD Ryzen 5 7535HS Processor 8GB DDR5 Memory 1TB M.2 NVme Solid State Drive NVIDIA Geforce RTX 2050 laptop GPU, up to 1670MHz at 60W (70 wit dynamic boost), 4GB GDR6 15.6"" FHD; Asus - FA506NF-HN005W SN: S5NRCX057328219",1.06.05.030.00,"Information and Communication Technology Equipment",05,58000.00,0000-00-00,
1123,0-05-05.030-0040-000,"Intel Core i5 13420h; 8gb DDR5-5200 RAM; 1TB M.2 NVME SSD; Nvidia Geforce RTX 3050 4GB GDDR6; MSI - Thin 15 B13UCX SN: K2406N0063824",1.06.05.030.00,"Information and Communication Technology Equipment",05,62500.00,0000-00-00,
1124,0-05-05.030-0041-000,"Intel Core i5 13420h; 8gb DDR5-5200 RAM; 1TB M.2 NVME SSD; Nvidia Geforce RTX 3050 4GB GDDR6; MSI - Thin 15 B13UCX SN: K2406N0063683",1.06.05.030.00,"Information and Communication Technology Equipment",05,62500.00,0000-00-00,
1125,0-05-05.030-0042-000,"Intel Core i5 13420h; 8gb DDR5-5200 RAM; 1TB M.2 NVME SSD; Nvidia Geforce RTX 3050 4GB GDDR6; MSI - Thin 15 B13UCX SN: K2406N0063728",1.06.05.030.00,"Information and Communication Technology Equipment",05,62500.00,0000-00-00,
1126,0-05-05.030-0043-000,"All in one Ink Tank Printer; CISS; Epson - L15150 SN: X6N7053458",1.06.05.030.00,"Information and Communication Technology Equipment",05,58595.00,0000-00-00,
1130,0-05-05.030-0044-000,"Statech.com RXCONS1916K; 16 Port Rackmount console w/ 6ft Cables-Integrated KVM Switch w/ 19"" LCD Monitor-Fully Featured 1U LCD KVM Drawer-0SD KVM-Durable 50,000 MTBF-USB + VGA support",1.06.05.030.00,"Information and Communication Technology Equipment",05,186500.00,0000-00-00,
1139,0-05-05.030-0045-000,"standard (processor: AMD Ryzen 5, 8MB cache, 3.3GHz-4.7GHz clock rate; or higher; Memory: 8GB DDR4-3200MHz, expandable to 32GB; Storage: 1TB NVMe SSD; ACER Model: N23C3 SN: NXEH3SP00M5120CAF53400",1.06.05.030.00,"Information and Communication Technology Equipment",05,55000.00,0000-00-00,
1140,0-05-05.030-0046-000,"standard (processor: AMD Ryzen 5, 8MB cache, 3.3GHz-4.7GHz clock rate; or higher; Memory: 8GB DDR4-3200MHz, expandable to 32GB; Storage: 1TB NVMe SSD; ACER Model: N23C3 SN: NXEJ4SP00451104BE93400",1.06.05.030.00,"Information and Communication Technology Equipment",05,55000.00,0000-00-00,
1141,0-05-05.030-0047-000,"standard (processor: AMD Ryzen 5, 8MB cache, 3.3GHz-4.7GHz clock rate; or higher; Memory: 8GB DDR4-3200MHz, expandable to 32GB; Storage: 1TB NVMe SSD; ACER Model: N23C3 SN: NXEJ4SP004511031953400",1.06.05.030.00,"Information and Communication Technology Equipment",05,55000.00,0000-00-00,
1142,0-05-05.030-0048-000,"Intel core i5, 10 cores, E-cores up to 3.40GHz, P-cores up to 4.60GHz, 20MB Intel; Memory 8GB or higher (support up to 32GB), DDR4-SDRAM, 1 slots X 8GB; Storage: 512GB SSD or higher; Graphics: Intel UHD 730 graphics for 13th Generation, Monitor: 23.8"" with 144Hz refresh rate; ACER Veriton X2715G SN: DTR0QSP01Z42100E453000",1.06.05.030.00,"Information and Communication Technology Equipment",05,50000.00,0000-00-00,
1143,0-05-05.030-0049-000,"Intel core i5, 10 cores, E-cores up to 3.40GHz, P-cores up to 4.60GHz, 20MB Intel; Memory 8GB or higher (support up to 32GB), DDR4-SDRAM, 1 slots X 8GB; Storage: 512GB SSD or higher; Graphics: Intel UHD 730 graphics for 13th Generation, Monitor: 23.8"" with 144Hz refresh rate ACER Veriton X2715G SN: DTR0QSP01Z42100E263000",1.06.05.030.00,"Information and Communication Technology Equipment",05,50000.00,0000-00-00,
1191,0-05-05.030-0050-000,"[Processor(s) Intel Xeon Silver 4210R 2.4G 10C/20T, 9.6GT/s, 13.7M Cache, Turbo, HT (100W) DDR4-2400, CK Memory 8GB RDIM; DELL Power Edge R540 SN: 60PV8G3",1.06.05.030.00,"Information and Communication Technology Equipment",05,986000.00,0000-00-00,
1192,0-05-05.030-0051-000,"3200 to 5600K; Daylight, Tungsten; CRl 96 TLCl 97;
Bluetloth; AC Power (Cable Included); 100 to 240 VAC, 50 / 60 Hz; 120 W];
GODOX",1.06.05.030.00,"Information and Communication Technology Equipment",05,66000.00,0000-00-00,
3827,2013-05-05.030-0001-000,"Acer 3000 ANSI; EV-X13; IBM x 3250 M4; Model: 2583AC1 SN: 2583C2A-06WTYT3, 7915M2A-06XCCFE5",1.06.05.030.00,"Information and Communication Technology Equipment",05,465880.92,2013-10-24,
455,2023-05-05.030-0001-000,"TP-Link TL-SG3452, SWITCH L2-TP Link Jetstream, Port: 48x Gigabit RJ45 Ports, 4x 10G SFP, SN: 222G93R5000851",1.06.05.030.00,"Information and Communication Technology Equipment",05,51870.00,2023-01-18,
456,2023-05-05.030-0002-000,"CISS, EPSON: L15150, SN: X6N7019108",1.06.05.030.00,"Information and Communication Technology Equipment",05,54280.00,2023-05-25,
466,2023-05-05.030-0003-000,"D-Link, DGS-1520-28MP, 28-ports Gigabit, SN: SYEE126000249",1.06.05.030.00,"Information and Communication Technology Equipment",05,134525.00,2023-01-18,
596,2023-05-05.030-0004-000,"AMD Ryzen, 6 Core SSD 500GB",1.06.05.030.00,"Information and Communication Technology Equipment",05,54035.00,2023-05-25,
597,2023-05-05.030-0005-000,"KSTAR - 10kVA, Model: UDC9110H-RT
SN: 310038110D79890900010",1.06.05.030.00,"Information and Communication Technology Equipment",05,85600.00,2023-05-25,
598,2023-05-05.030-0006-000,"KSTAR - 10kVA, Model: UDC9110H-RT
SN: 310038110D79890900004",1.06.05.030.00,"Information and Communication Technology Equipment",05,85600.00,2023-05-25,
811,2023-05-05.030-0007-000,"PVC ID Card Printer (MATICA) Model: MC310 SN: 0002641",1.06.05.030.00,"Information and Communication Technology Equipment",05,50000.00,2023-08-22,
2547,2023-05-05.030-0008-000,"Dual Processor: DELL PowerEdge 2U R540, SN: 41573293707",1.06.05.030.00,"Information and Communication Technology Equipment",05,677000.00,2023-06-21,
3878,2023-05-05.030-0009-000,"Brand: ACER, Model: N22C1, 15.6"" Full HD (1920 x 1080) 16:9 144 Hz. DDR4 1TB SSD SN:",1.06.05.030.00,"Information and Communication Technology Equipment",05,78999.00,2023-01-18,
3815,2025-05-05.030-0001-000,"Panasonic AG-DVC7 DV/Canon DC40",1.06.05.030.00,"Information and Communication Technology Equipment",05,69455.00,,
3819,2025-05-05.030-0002-000,"Acer, P3250 SN: EYJ801004821005165900",1.06.05.030.00,"Information and Communication Technology Equipment",05,52894.00,,
3820,2025-05-05.030-0003-000,"Acer P3250 DLP Projector w/ Tripod; SN: EYJ8501005902003525901",1.06.05.030.00,"Information and Communication Technology Equipment",05,52413.00,,
3821,2025-05-05.030-0004-000,"IDL-400 SN: 042304",1.06.05.030.00,"Information and Communication Technology Equipment",05,69000.00,,
3822,2025-05-05.030-0005-000,"IDL-400 SN: 010168",1.06.05.030.00,"Information and Communication Technology Equipment",05,69000.00,,
3823,2025-05-05.030-0006-000,"HP Laserjet P4515N; China SN: CNFY398348",1.06.05.030.00,"Information and Communication Technology Equipment",05,124300.00,,
3824,2025-05-05.030-0007-000,"Biometric Scanner",1.06.05.030.00,"Information and Communication Technology Equipment",05,78000.00,,
3825,2025-05-05.030-0008-000,"Biometric Scanner",1.06.05.030.00,"Information and Communication Technology Equipment",05,78000.00,,
3830,2025-05-05.030-0009-000,"Acer P5307WB; SN: MRJ211007437004CE8410",1.06.05.030.00,"Information and Communication Technology Equipment",05,60000.00,,
3831,2025-05-05.030-0010-000,"Sony ILCE-6000L; with tripod VCT-R640; SN: S01-4881211",1.06.05.030.00,"Information and Communication Technology Equipment",05,55515.00,,
3832,2025-05-05.030-0011-000,"Sony ILCE-6000L; with tripod VCT-R640; SN: 4881193",1.06.05.030.00,"Information and Communication Technology Equipment",05,55515.00,,
3833,2025-05-05.030-0012-000,"Model: DS18158 (Synology) SN: 1530MHN762500; 1530MHN249701",1.06.05.030.00,"Information and Communication Technology Equipment",05,109200.00,,
3834,2025-05-05.030-0013-000,"IDL Logic Trainer 800A; SN: 055619-2015.09",1.06.05.030.00,"Information and Communication Technology Equipment",05,123000.00,,
3835,2025-05-05.030-0014-000,"6KVA; 4.2 KW-PRO Link PRO 906sTransformer T300chi-fl008h",1.06.05.030.00,"Information and Communication Technology Equipment",05,65000.00,,
3840,2025-05-05.030-0015-000,"Desktop PC 15 Terminal Server, intel core i7-4790 Monitor Model: P166HQL; SN: MMLTYSS003534076354206; MMLTYSS0035340719B4206; MMLTYSS003534072674206; MMLTYSS003534076964206; MMLTYSS003534072184206; MMLTYSS003534071FD4206; MMLTYSS003534074F24206; MMLTYSS003534071F04206; MMLTYSS003534074F84206; MMLTYSS003534072294206; MMLTYSS003534074314206; MMLTYSS003534072664206; MMLTYSS003534071F44206; MMLTYSS003534071A44206; MMLTYSS003534071EF4206",1.06.05.030.00,"Information and Communication Technology Equipment",05,226500.00,,
3841,2025-05-05.030-0016-000,"High Lumen Outdoor, EPSON
SN:VZ3F5Y0006L",1.06.05.030.00,"Information and Communication Technology Equipment",05,205000.00,,
3842,2025-05-05.030-0017-000,"Nikon D7100; SN: 2082436",1.06.05.030.00,"Information and Communication Technology Equipment",05,55000.00,,
3843,2025-05-05.030-0018-000,"Lenovo Y7070; Intel core i7;SN: MP07L9ZG",1.06.05.030.00,"Information and Communication Technology Equipment",05,84800.00,,
3844,2025-05-05.030-0019-000,"Touch Screen, lenovo YOGA 500-151SK",1.06.05.030.00,"Information and Communication Technology Equipment",05,52015.00,,
3845,2025-05-05.030-0020-000,"lenovo System x 3650 M5 Rack; SN: 5462AC4J3222TW",1.06.05.030.00,"Information and Communication Technology Equipment",05,388720.00,,
3846,2025-05-05.030-0021-000,"DSLR Canon EOS 800D; SN: 068021000302",1.06.05.030.00,"Information and Communication Technology Equipment",05,59500.00,,
3848,2025-05-05.030-0022-000,"Acer; Intel Core i5; SP 513-52N-53GI SN: NXGR7SP004742053576600",1.06.05.030.00,"Information and Communication Technology Equipment",05,52991.00,,
3849,2025-05-05.030-0023-000,"Acer; Intel Core i5; SP 513-52N-53GI SN: NXGR7SP004739011E46600",1.06.05.030.00,"Information and Communication Technology Equipment",05,52991.00,,
3858,2025-05-05.030-0024-000,"Model: CR805; SN: NM1156; Entrust Data Card",1.06.05.030.00,"Information and Communication Technology Equipment",05,200000.00,,
3859,2025-05-05.030-0025-000,"All in 1; Core i5; HP Pavillion; SN: 8CC6270D78",1.06.05.030.00,"Information and Communication Technology Equipment",05,58777.00,,
3860,2025-05-05.030-0026-000,"All in 1; Core i5; HP Pavilion; SN: 8CC6270D79",1.06.05.030.00,"Information and Communication Technology Equipment",05,58777.00,,
3861,2025-05-05.030-0027-000,"WURKTON BL6230; SN: 4461",1.06.05.030.00,"Information and Communication Technology Equipment",05,288000.00,,
3862,2025-05-05.030-0028-000,"3-phase transformer connection; 2 toggle switch; 2 digital voltmeter; banana socket",1.06.05.030.00,"Information and Communication Technology Equipment",05,754986.78,,
3863,2025-05-05.030-0029-000,"Reversing, two-speed and reduce-voltage -3ph induction motor 1/2hp 220v; -3ph mccb fuji 15 amp 3 pole; LAPTOP Travelmate P2; windows 10 with license, core i5; SN: NXVGTSP013839021C57200",1.06.05.030.00,"Information and Communication Technology Equipment",05,1024997.73,,
3864,2025-05-05.030-0030-000,"Intel Core i7 SN: DTVQVSP14194401E889600; Monitor SN: MMLXKSS01391203BC34236",1.06.05.030.00,"Information and Communication Technology Equipment",05,92736.00,,
3865,2025-05-05.030-0031-000,"ACER N19H4; SN: NXHJKSP001943045674S00",1.06.05.030.00,"Information and Communication Technology Equipment",05,58950.00,,
3866,2025-05-05.030-0032-000,"LENOVO YOGA 730-151WL; Intel Core i7; SN: MP1KROFD",1.06.05.030.00,"Information and Communication Technology Equipment",05,86130.00,,
3868,2025-05-05.030-0033-000,"LENOVO YOGA 730-151WL; Intel Core i7; SN: MP1KQLZS",1.06.05.030.00,"Information and Communication Technology Equipment",05,86130.00,,
3869,2025-05-05.030-0034-000,"CANON IR C3020",1.06.05.030.00,"Information and Communication Technology Equipment",05,151000.00,,
3870,2025-05-05.030-0035-000,"All-in-One; HP Pavillon; SN: HCC9330Q5L",1.06.05.030.00,"Information and Communication Technology Equipment",05,53750.00,,
3871,2025-05-05.030-0036-000,"DSLR NIKON D7500 SN: 8818622",1.06.05.030.00,"Information and Communication Technology Equipment",05,79875.00,,
3872,2025-05-05.030-0037-000,"PROLINK 6kva; Model PRO906-WS",1.06.05.030.00,"Information and Communication Technology Equipment",05,80000.00,,
3873,2025-05-05.030-0038-000,Nikon,1.06.05.030.00,"Information and Communication Technology Equipment",05,89100.00,,
3874,2025-05-05.030-0039-000,Rubigi,1.06.05.030.00,"Information and Communication Technology Equipment",05,160000.00,,
3875,2025-05-05.030-0040-000,"HP Scanjet N9120; SN: CNN3JAN01K",1.06.05.030.00,"Information and Communication Technology Equipment",05,210000.00,,
3876,2025-05-05.030-0041-000,"Acer Travelmate P214; SN: NXVLESP02N1111A9E07600",1.06.05.030.00,"Information and Communication Technology Equipment",05,50000.00,,
3877,2025-05-05.030-0042-000,"For Telephone: IP-PBX SN: 21AWNNWLC13CBECC",1.06.05.030.00,"Information and Communication Technology Equipment",05,129100.00,,
3901,2025-05-05.030-0043-000,"ACER - TMP216-51G-53UB SN: NXB18SP019424140DA7600",1.06.05.030.00,"Information and Communication Technology Equipment",05,54670.00,,
3902,2025-05-05.030-0044-000,"ACER - TMP216-51G-53UB SN: NXB18SP019424140B97600",1.06.05.030.00,"Information and Communication Technology Equipment",05,54670.00,,
3903,2025-05-05.030-0045-000,"ACER - TMP216-51G-53UB SN: NXB18SP019424140DE7600",1.06.05.030.00,"Information and Communication Technology Equipment",05,54670.00,,
3904,2025-05-05.030-0046-000,"ACER - TMP216-51G-53UB SN: NXB18SP004326069B27600",1.06.05.030.00,"Information and Communication Technology Equipment",05,54670.00,,
3905,2025-05-05.030-0047-000,"ACER - TMP216-51G-53UB SN: NXB18SP004326067D6700",1.06.05.030.00,"Information and Communication Technology Equipment",05,54670.00,,
3906,2025-05-05.030-0048-000,"14 in screen 2 OLED 90 hz refresh rate 600 nits HDR peak brightness, intel i5-12500H processor, 8GB DDR4 RAM, 512GB M.2 NVME, Backlit keyboard, 70WHr Battery;Asus - X1605VA-MB262WS SN: R9N0CV12809038E",1.06.05.030.00,"Information and Communication Technology Equipment",05,50451.00,,
3907,2025-05-05.030-0049-000,"14 in screen 2 OLED 90 hz refresh rate 600 nits HDR peak brightness, intel i5-12500H processor, 8GB DDR4 RAM, 512GB M.2 NVME, Backlit keyboard, 70WHr Battery; Asus - X1605VA-MB262WS SN: R9N0CV128049385",1.06.05.030.00,"Information and Communication Technology Equipment",05,50451.00,,
3908,2025-05-05.030-0050-000,"14 in screen 2 OLED 90 hz refresh rate 600 nits HDR peak brightness, intel i5-12500H processor, 8GB DDR4 RAM, 512GB M.2 NVME, Backlit keyboard, 70WHr Battery; Asus - X1605ZA-MB819WSM SN: S5N0CV179494228",1.06.05.030.00,"Information and Communication Technology Equipment",05,50451.00,,
3909,2025-05-05.030-0051-000,"15.6 inches IPS display; AMD ryzen 5; 8GB RAM DDR5; GeForce RTX 2050; 512GB SSD ACER - ANV15-41-R2M0 SN: NHQPGSP002434033427600",1.06.05.030.00,"Information and Communication Technology Equipment",05,50451.00,,
3910,2025-05-05.030-0052-000,"15.6 inches IPS display; AMD ryzen 5; 8GB RAM DDR5; GeForce RTX 2050; 512GB SSD ACER - ANV15-41-R2M0 SN: NHQPGSP00243032017600",1.06.05.030.00,"Information and Communication Technology Equipment",05,50451.00,,
3911,2025-05-05.030-0053-000,"CISS Factory Made; A3+; EPSON L15150 SN: X6N7052926",1.06.05.030.00,"Information and Communication Technology Equipment",05,50609.00,,
3912,2025-05-05.030-0054-000,"print/scan/copy/Fax with ADF; inkjet; automatic duplex printing; prints up to A3+; Touch LCD Screen: 4.3"" with reduction/enlargement/auto-fit function; flatbed colour image scanner; Maximum scan area: 297 x 431.8mm; scan features: scan to memory device/email/computer; Epson - L15150 SN: X6N7053333",1.06.05.030.00,"Information and Communication Technology Equipment",05,52950.00,,
3913,2025-05-05.030-0055-000,"18-55IS II KIT; Lens X000D_24.2 MP APS-CMOS sensor; DIGIC4+, 9-point AF with 1 center cross type AF point with 64GB SD Card
Camera Lens SN: 4032007342; CANON - EOS R10 SN: 268033001069",1.06.05.030.00,"Information and Communication Technology Equipment",05,73950.00,,
3914,2025-05-05.030-0056-000,"Intel core i5-14400 2.5GHz; cache 29.50 MB, 64-bit hyperthreading; Chipset Model: H610; Memory: 8GB; Maximum Memory: 32GB; Memory slots: 2; Storage: 512GB SSD; 21.5"" monitor display; ACER - Aspire TC-1785 SN: DTBLNSP00343000FCD9600",1.06.05.030.00,"Information and Communication Technology Equipment",05,50595.00,,
3915,2025-05-05.030-0057-000,"Intel core i5-14400 2.5GHz; cache 29.50 MB, 64-bit hyperthreading; Chipset Model: H610; Memory: 8GB; Maximum Memory: 32GB; Memory slots: 2; Storage: 512GB SSD; 21.5"" monitor display; ACER - Aspire TC-1785 SN: DTBLNSP00343000FCE9600",1.06.05.030.00,"Information and Communication Technology Equipment",05,50595.00,,
3916,2025-05-05.030-0058-000,"Intel core i5-14400 2.5GHz; cache 29.50 MB, 64-bit hyperthreading; Chipset Model: H610; Memory: 8GB; Maximum Memory: 32GB; Memory slots: 2; Storage: 512GB SSD; 21.5"" monitor display; ACER - Aspire TC-1785 SN: DTBLNSP00343000F359600",1.06.05.030.00,"Information and Communication Technology Equipment",05,50595.00,,
3917,2025-05-05.030-0059-000,"10KVA, minimum of 100 minutes full load back up time with battery 20pcs 12V 
Battery Model: RTII-BR20009 SN: 310319120E46535500020; KSTAR - UDC9110H-RT SN: 310038110E46535600010",1.06.05.030.00,"Information and Communication Technology Equipment",05,79500.00,,
3918,2025-05-05.030-0060-000,"10KVA, minimum of 100 minutes full load back up time with battery 20pcs 12V 
Battery Model: RTII-BR20009 SN: 310319120E46535500013; KSTAR - UDC9110H-RT SN: 310038110E46535600008",1.06.05.030.00,"Information and Communication Technology Equipment",05,79500.00,,
3919,2025-05-05.030-0061-000,"Intel Core i5-14400 processor; 8GB DDR4 memory; 512GB M.2 2280 PCI-E Solid State Drive; 1TB 3.5' Hard Drive; 24 inches monitor with keyboard and mouse ACER - Aspire TC-1785; SN: DTBLNSP00344200A379600",1.06.05.030.00,"Information and Communication Technology Equipment",05,50500.00,,
3920,2025-05-05.030-0062-000,"Intel Core i5-14400 processor; 8GB DDR4 memory; 512GB M.2 2280 PCI-E Solid State Drive; 1TB 3.5' Hard Drive; 24 inches monitor with keyboard and mouse ACER - Aspire TC-1785; SN: DTBLNSP00344200A359600",1.06.05.030.00,"Information and Communication Technology Equipment",05,50500.00,,
3921,2025-05-05.030-0063-000,"Intel Core i5-14400 processor; 8GB DDR4 memory; 512GB M.2 2280 PCI-E Solid State Drive; 1TB 3.5' Hard Drive; 24 inches monitor with keyboard and mouse ACER - Aspire TC-1785; SN: DTBLNSP00344200A389600",1.06.05.030.00,"Information and Communication Technology Equipment",05,50500.00,,
3922,2025-05-05.030-0064-000,"Intel Core i5-14400 processor; 8GB DDR4 memory; 512GB M.2 2280 PCI-E Solid State Drive; 1TB 3.5' Hard Drive; 24 inches monitor with keyboard and mouse ACER - Aspire TC-1785; SN: 	DTBLNSP00344200A5B9600",1.06.05.030.00,"Information and Communication Technology Equipment",05,50500.00,,
3923,2025-05-05.030-0065-000,"Intel Core i5-14400 processor; 8GB DDR4 memory; 512GB M.2 2280 PCI-E Solid State Drive; 1TB 3.5' Hard Drive; 24 inches monitor with keyboard and mouse ACER - Aspire TC-1785; SN: DTBLNSP00344200A4D9600",1.06.05.030.00,"Information and Communication Technology Equipment",05,50500.00,,
3924,2025-05-05.030-0066-000,"Intel Core i5-14400 processor; 8GB DDR4 memory; 512GB M.2 2280 PCI-E Solid State Drive; 1TB 3.5' Hard Drive; 24 inches monitor with keyboard and mouse ACER - Aspire TC-1785; SN: DTBLNSP00344200A419600",1.06.05.030.00,"Information and Communication Technology Equipment",05,50500.00,,
3925,2025-05-05.030-0067-000,"Intel Core i5-14400 processor; 8GB DDR4 memory; 512GB M.2 2280 PCI-E Solid State Drive; 1TB 3.5' Hard Drive; 24 inches monitor with keyboard and mouse ACER - Aspire TC-1785; SN: DTBLNSP00344200A2E9600",1.06.05.030.00,"Information and Communication Technology Equipment",05,50500.00,,
3926,2025-05-05.030-0068-000,"Intel Core i5-14400 processor; 8GB DDR4 memory; 512GB M.2 2280 PCI-E Solid State Drive; 1TB 3.5' Hard Drive; 24 inches monitor with keyboard and mouse ACER - Aspire TC-1785; SN: DTBLNSP00344200A349600",1.06.05.030.00,"Information and Communication Technology Equipment",05,50500.00,,
3927,2025-05-05.030-0069-000,"Intel Core i5-14400 processor; 8GB DDR4 memory; 512GB M.2 2280 PCI-E Solid State Drive; 1TB 3.5' Hard Drive; 24 inches monitor with keyboard and mouse ACER - Aspire TC-1785; SN: DTBLNSP00344200A329600",1.06.05.030.00,"Information and Communication Technology Equipment",05,50500.00,,
3928,2025-05-05.030-0070-000,"Intel Core i5-14400 processor; 8GB DDR4 memory; 512GB M.2 2280 PCI-E Solid State Drive; 1TB 3.5' Hard Drive; 24 inches monitor with keyboard and mouse ACER - Aspire TC-1785; SN: DTBLNSP00344200A4E9600",1.06.05.030.00,"Information and Communication Technology Equipment",05,50500.00,,
3929,2025-05-05.030-0071-000,"Intel Core i5-14400 processor; 8GB DDR4 memory; 512GB M.2 2280 PCI-E Solid State Drive; 1TB 3.5' Hard Drive; 24 inches monitor with keyboard and mouse ACER - Aspire TC-1785; SN: DTBLNSP00344200A3D9600",1.06.05.030.00,"Information and Communication Technology Equipment",05,50500.00,,
3930,2025-05-05.030-0072-000,"Intel Core i5-14400 processor; 8GB DDR4 memory; 512GB M.2 2280 PCI-E Solid State Drive; 1TB 3.5' Hard Drive; 24 inches monitor with keyboard and mouse ACER - Aspire TC-1785; SN: DTBLNSP00344200A399600",1.06.05.030.00,"Information and Communication Technology Equipment",05,50500.00,,
3931,2025-05-05.030-0073-000,"Intel Core i5-14400 processor; 8GB DDR4 memory; 512GB M.2 2280 PCI-E Solid State Drive; 1TB 3.5' Hard Drive; 24 inches monitor with keyboard and mouse ACER - Aspire TC-1785; SN: DTBLNSP00344200A3B9600",1.06.05.030.00,"Information and Communication Technology Equipment",05,50500.00,,
3932,2025-05-05.030-0074-000,"Intel Core i5-14400 processor; 8GB DDR4 memory; 512GB M.2 2280 PCI-E Solid State Drive; 1TB 3.5' Hard Drive; 24 inches monitor with keyboard and mouse ACER - Aspire TC-1785; SN: DTBLNSP00344200A1C9600",1.06.05.030.00,"Information and Communication Technology Equipment",05,50500.00,,
3933,2025-05-05.030-0075-000,"Intel Core i5-14400 processor; 8GB DDR4 memory; 512GB M.2 2280 PCI-E Solid State Drive; 1TB 3.5' Hard Drive; 24 inches monitor with keyboard and mouse ACER - Aspire TC-1785; SN: 	DTBLNSP00344200A2A9600",1.06.05.030.00,"Information and Communication Technology Equipment",05,50500.00,,
3934,2025-05-05.030-0076-000,"Intel Core i5-14400 processor; 8GB DDR4 memory; 512GB M.2 2280 PCI-E Solid State Drive; 1TB 3.5' Hard Drive; 24 inches monitor with keyboard and mouse ACER - Aspire TC-1785; SN: DTBLNSP00344200A319600",1.06.05.030.00,"Information and Communication Technology Equipment",05,50500.00,,
3935,2025-05-05.030-0077-000,"Intel Core i5-14400 processor; 8GB DDR4 memory; 512GB M.2 2280 PCI-E Solid State Drive; 1TB 3.5' Hard Drive; 24 inches monitor with keyboard and mouse ACER - Aspire TC-1785; SN: DTBLNSP00344200A3F9600",1.06.05.030.00,"Information and Communication Technology Equipment",05,50500.00,,
3936,2025-05-05.030-0078-000,"Intel Core i5-14400 processor; 8GB DDR4 memory; 512GB M.2 2280 PCI-E Solid State Drive; 1TB 3.5' Hard Drive; 24 inches monitor with keyboard and mouse ACER - Aspire TC-1785; SN: DTBLNSP00344200A309600",1.06.05.030.00,"Information and Communication Technology Equipment",05,50500.00,,
3937,2025-05-05.030-0079-000,"Intel Core i5-14400 processor; 8GB DDR4 memory; 512GB M.2 2280 PCI-E Solid State Drive; 1TB 3.5' Hard Drive; 24 inches monitor with keyboard and mouse ACER - Aspire TC-1785; SN: DTBLNSP00344200A2F9600",1.06.05.030.00,"Information and Communication Technology Equipment",05,50500.00,,
3938,2025-05-05.030-0080-000,"Intel Core i5-14400 processor; 8GB DDR4 memory; 512GB M.2 2280 PCI-E Solid State Drive; 1TB 3.5' Hard Drive; 24 inches monitor with keyboard and mouse ACER - Aspire TC-1785; SN: DTBLNSP00344200A429600",1.06.05.030.00,"Information and Communication Technology Equipment",05,50500.00,,
3939,2025-05-05.030-0081-000,"Intel Core i5-14400 processor; 8GB DDR4 memory; 512GB M.2 2280 PCI-E Solid State Drive; 1TB 3.5' Hard Drive; 24 inches monitor with keyboard and mouse ACER - Aspire TC-1785; SN: DTBLNSP00344200A369600",1.06.05.030.00,"Information and Communication Technology Equipment",05,50500.00,,
3940,2025-05-05.030-0082-000,"Intel Core i5-14400 processor; 8GB DDR4 memory; 512GB M.2 2280 PCI-E Solid State Drive; 1TB 3.5' Hard Drive; 24 inches monitor with keyboard and mouse ACER - Aspire TC-1785; SN: DTBLNSP00344200A2D9600",1.06.05.030.00,"Information and Communication Technology Equipment",05,50500.00,,
3941,2025-05-05.030-0083-000,"20KVA, minimum of 100 minutes full load back up time; 3:1 phase, standard unit, PF: 0:9, high efficiency, high power density support 3/1 and 1/1 operation, with RS232/USB/EPO/SNMP multiple communication port, economy version 2 groupsx20pcsx9AH UPS Matching Battery; KSTAR MP31 20K S SMART TOWER ON-LINE; SN: 410038671F28746900001",1.06.05.030.00,"Information and Communication Technology Equipment",05,238500.00,,
3942,2025-05-05.030-0084-000,"10 kVA, 10 kW conversion, double tower Type DSP Control technology; Ablerex - EVO 10000 SN: MA8243CAK0009",1.06.05.030.00,"Information and Communication Technology Equipment",05,167700.00,,
3943,2025-05-05.030-0085-000,"18-55IS II KIT; Lens X000D_24.2 MP APS-C CMOS Sensor; DIGIC 4+, 9-point AF with 1 Center Cross-Type AF Point; Wi-Fi/NFC; with 64 GB SD Card; with extra battery; Camera Lens SN: 5189003377; Canon EOS 1500D; SN: 878078008818",1.06.05.030.00,"Information and Communication Technology Equipment",05,56950.00,,
86,2026-05-05.030-0001-000,"DL 3155E20",1.06.05.030.00,"Information and Communication Technology Equipment",05,174055.00,2026-04-13,
3826,2026-05-05.030-0002-000,"DL 3155E24",1.06.05.030.00,"Information and Communication Technology Equipment",05,154119.00,2026-04-13,
3828,2026-05-05.030-0003-000,"(IBM 3650 M4)",1.06.05.030.00,"Information and Communication Technology Equipment",05,409876.99,2026-04-13,
3829,2026-05-05.030-0004-000,"18"" LED Monitor;w/ UPS 650VA; Lenovo C540; sn:CS00922171; CS00922158",1.06.05.030.00,"Information and Communication Technology Equipment",05,122000.00,2026-04-13,
250,0-05-05.070-0001-000,"(Monitor) USA",1.06.05.070.00,"Communication Equipment",05,59742.57,0000-00-00,
251,0-05-05.070-0002-000,"(Monitor) USA",1.06.05.070.00,"Communication Equipment",05,59742.57,0000-00-00,
3773,2025-05-05.070-0001-000,"USA K Series, 15"", 3-way",1.06.05.070.00,"Communication Equipment",05,394554.04,,
3774,2025-05-05.070-0002-000,"USA 32 inputs",1.06.05.070.00,"Communication Equipment",05,142967.22,,
3801,2025-05-05.090-0001-000,"w/ complete accessories",1.06.05.090.00,"Disaster Response and Rescue Equipment",05,200000.00,,
786,0-01-05.140-0001-000,"Kjeldal Analyzer( Hano Instruments) Model: K9860; SN: K625300164",1.06.05.140.00,"Technical and Scientific Equipment",01,586000.00,0000-00-00,
787,0-01-05.140-0002-000,"(FAT ANALYZER) SOX406; Model: K9860; SN: SX425300170",1.06.05.140.00,"Technical and Scientific Equipment",01,248000.00,0000-00-00,
788,0-01-05.140-0003-000,"Biobase; Model: BWA-6; SN: HK00021013",1.06.05.140.00,"Technical and Scientific Equipment",01,250000.00,0000-00-00,
789,0-01-05.140-0004-000,"Model: DV-1+PRO NO SN:",1.06.05.140.00,"Technical and Scientific Equipment",01,240000.00,0000-00-00,
790,0-01-05.140-0005-000,"Brand: Hanon SN: F225280069",1.06.05.140.00,"Technical and Scientific Equipment",01,508000.00,0000-00-00,
791,0-01-05.140-0006-000,"Biobase Model: BKQ-B100II; SN: BKQB1001121025005",1.06.05.140.00,"Technical and Scientific Equipment",01,185000.00,0000-00-00,
792,0-01-05.140-0007-000,"Digital Model: DMF-03 SN: S21P112-01",1.06.05.140.00,"Technical and Scientific Equipment",01,135000.00,0000-00-00,
856,0-01-05.140-0008-000,"AGILENT (4210 MP-AES) SN: MY24259001; Microwave Plasma - Atomic Emission Spectrometer with complete accessories; AGILENT (MOLAVE)
-Sample Gas Introduction
-Plasma Generator
-Optical System
-Detector
Accessories Includes:
* 1pc. 5-Channel Pump Upgrade; SN: MY2421MQE1
*1pc. Multimode Sample Introduction System; SN: SH5127350
*1pc. Optics Purge Kit; SN: MY2412MR12
*1pc. MP Expert Pro Pack; SN: USH4895767
*1pc. Nitrogen Generator; SN: CN23510008
*3 units of Easy Fit Torc for MP-AES 4210; SN: AU24173112, AU24173118, AU24153028
*2 units of pump Tubing, PVC, White/white tabs
*2 units of pump tubing, PVC, blue/blue tabs
*1 pack of pump tubes, PVC, black/black, 12/pack
*1 pack of pump tubes, PVC, black/white 12/pack
*1 pc. replacement on board Argon Bottle
*1 pc. Inlet filter kit -4107 N2 Generator
*1 pc. Wavelength Calibration Solution( 5ppm, 100mL)
*1 set of Computer/Printer/MS Office
-Desktop Computer; Acer;VX2710G; Intel Core i5-13400; 8gb DDR4 RAM; 512gb SSD + 1 TB M.2 PCIe SSD; 21.5"" Monitor; SN: DTVY3SP04F409003399600; Monitor SN: MMTX5SP003424030B02X00
-Printer; Epson; L5290; SN:X8H5211012
*1 unit of Air Compressor, Refrigerated Dryer, and Filter; HITACHI
*1 unit Exhaust System/Ductwork
*1 unit UPS 10KVA with built-in AVR; PowerCom UPS 10KVA; SN: CTB1010-240326003
*1 bottle Wavelength Calibration solution",1.06.05.140.00,"Technical and Scientific Equipment",01,4422998.00,0000-00-00,
972,0-01-05.140-0009-000,"pH Range: -2.00 to 16.00pH, 1000mV
pH Calibration: up to 5 points
pH Temperature Compensation: ATC -5.0 to 100 0c; 23.0 to 212.0F
with additional probes:
Electrical Conductivity
Total Dissolved Solids
Salinity
Dissolved Oxygen
Additional Specifications
Connectivity: 1 micro-USB port for charging and PC connectivity, 1 USB port storage
pH kit includes:
Glass body, refillable pH 4 buffer solutions, at least 2 sachets of pH 4 buffer solutions, at least 2 sachets of pH 7 buffer solutions, at least 2 sachets of pH 10 buffer solutions, electrode cleaning solutions, USB cable, benchtop docking station with electrode holder, all mount cradle, 5 VDC power adapter, instruction manual and quality certificate
HI163100 SN: 116066; Hanna Model:  HI11310 SN: CC9181AE",1.06.05.140.00,"Technical and Scientific Equipment",01,170500.00,0000-00-00,
1026,0-01-05.140-0010-000,"Ideal for dry storage of moisture-sensitive materials; can be used in refrigerator or at room temperature; color is bronze for light-sensitive materials; fully removable, tray-like shelves have perforated bottoms and slide in/out on pre-set rails; number of shelves: 3; internal volume 0.82 cu ft.; material: acrylic",1.06.05.140.00,"Technical and Scientific Equipment",01,115400.00,0000-00-00,
1027,0-01-05.140-0011-000,"Capacity: 100L; LED Display; Chamber Material: SUS304; External Size (WxDxH): Manufactorer's Standard 550x640x1270; BIOBASE - BKQ-B100II SN: BKQB100II24105028",1.06.05.140.00,"Technical and Scientific Equipment",01,265050.00,0000-00-00,
1028,0-01-05.140-0012-000,"External Size (WxDxH)(mm): 1050x805x1950; Internal Size (WxDxH)(mm): 950x490x574; Control System: microprocessor controller with LCD display, graphical and digital display of the operating status of each function. Materials: Main Body: Electro-galvanized steel with antimicrobial Power Coating. Work Zone: Stainless Steel, grade 304; Infitek - LCB-H3F SN: IFTSH241030001",1.06.05.140.00,"Technical and Scientific Equipment",01,139221.00,0000-00-00,
1029,0-01-05.140-0013-000,"Table top with max capacity: 5mlx10. Max Speed: 16000r/min. Time Setting: 1min-99min. External size (WxDxH) (mm): 310x230x240. Self-locking device, over-speed safety device, and automatic alarm device. Power Supply: 220V, 60Hz ; Infitek - CFG-16B SN: IFTXY241030001",1.06.05.140.00,"Technical and Scientific Equipment",01,78957.00,0000-00-00,
1040,0-01-05.140-0014-000,"Compatible with Velp Scientifica Oxitest, 
Capacity at least 220g, 
Readability 0.1mg, Linearity 0.2mg, 
With RS232 connector
With Calibration Set :w/ Class M2 Test Weights: 10mg, 100mg. 1g, 10g. 100g includes protective case, tweezer, dust brush and cleaning cloth.
1 pack of weight boat, white, 20ml, 45x45mm, square, 500=/pk
1pack of weight boat, white, 250ml, 140x140mm, square 500/pk; Shimadzu - ATX224R SN: D326008231",1.06.05.140.00,"Technical and Scientific Equipment",01,146600.00,0000-00-00,
1042,0-01-05.140-0015-000,"fabricated, suitable for a Human Lab Digital Muffle Furnace, Industrial type and ducted with electronic and speed control, finish type: stainless steel; Model: DMF-03",1.06.05.140.00,"Technical and Scientific Equipment",01,77500.00,0000-00-00,
4224,2020-01-05.140-0001-000,"Brand: HANNA Model: HI5221-02 SN: 11005240177",1.06.05.140.00,"Technical and Scientific Equipment",01,75200.00,2020-06-08,
976,2024-01-05.140-0001-000,"Brookfield: 1 set-Brookfield Cat. No. TA-TPB three-point bend assembly
1 set-Brookfield Cat. No. TA-NFT noodle test fixture
1 set-Brookfield Cat. No. TA-SF Spreadability (5 cones)",1.06.05.140.00,"Technical and Scientific Equipment",01,395463.00,2024-10-21,
4218,2025-01-05.140-0001-000,FM03,1.06.05.140.00,"Technical and Scientific Equipment",01,280000.00,,
4219,2025-01-05.140-0002-000,FM18,1.06.05.140.00,"Technical and Scientific Equipment",01,310000.00,,
4220,2025-01-05.140-0003-000,FM23,1.06.05.140.00,"Technical and Scientific Equipment",01,217000.00,,
4221,2025-01-05.140-0004-000,FM04,1.06.05.140.00,"Technical and Scientific Equipment",01,212000.00,,
4222,2025-01-05.140-0005-000,"PCE-CSM 1, Brand: PCE SN: 11159278",1.06.05.140.00,"Technical and Scientific Equipment",01,94000.00,,
4223,2025-01-05.140-0006-000,"Brand: Biobase, Model: BK-PT860, SN: T8625280097",1.06.05.140.00,"Technical and Scientific Equipment",01,235000.00,,
4225,2025-01-05.140-0007-000,"Brand: Opto Edu; Model: A12.6603-T SN: 2100071",1.06.05.140.00,"Technical and Scientific Equipment",01,63995.00,,
4226,2025-01-05.140-0008-000,"Brand: Shimadzu; Model: MOC-120H SN: D207304176",1.06.05.140.00,"Technical and Scientific Equipment",01,170000.00,,
4227,2025-01-05.140-0009-000,"Brand Biobasse; Model: FH1000 SN: SN: FH10C2010002",1.06.05.140.00,"Technical and Scientific Equipment",01,225000.00,,
4228,2025-01-05.140-0010-000,"Brand: Biobase MODEL: 8JPX-H2300ii; SN: 2102700 SN: 2102699",1.06.05.140.00,"Technical and Scientific Equipment",01,148000.00,,
4229,2025-01-05.140-0011-000,"Vertical; Brand: Humanlab; Model: DWB-22 SN: PL029451 (S21P112-02)",1.06.05.140.00,"Technical and Scientific Equipment",01,275000.00,,
4230,2025-01-05.140-0012-000,"Inner Tank; Brand: Humanlab; Model: DWB-22 SN: C21P112-03",1.06.05.140.00,"Technical and Scientific Equipment",01,57000.00,,
4231,2025-01-05.140-0013-000,"Brand: Shimadzu; Model: ATX224 SN: D326000332",1.06.05.140.00,"Technical and Scientific Equipment",01,75000.00,,
4232,2025-01-05.140-0014-000,"Brand: Shimadzu; Model: ATX224 SN: D326000319",1.06.05.140.00,"Technical and Scientific Equipment",01,75000.00,,
4233,2025-01-05.140-0015-000,"Mini Centrifuge; Brand: Humanlab; Model Smart-13 SN: S21P112-04",1.06.05.140.00,"Technical and Scientific Equipment",01,135000.00,,
4234,2025-01-05.140-0016-000,"1. AR VR Web Platform
2. VR ApplicationB49:BB49:B116
3. VR Ready Desktop (6 units)
-Intel Core I7 10400 or up
-GTX1660 or up
-VR Ready Motherboard
-8GB RAM
-256gb NVME M.2
-650watss full Modular
4. Accessories and Other
-6 units 55"" Smart TV; Skyworth; SW-22SA NF;
SN:2420434P00961
SN:2420434P01552
SN:2410772P00551
SN:2420434P01501
SN:2410772P01260
SN:2420434P00576
-VR Headset (6 units) Oculus Quest 2
SN: 1WMVR4B2L62112
SN: 1WMVR4B6652215
SN: 1WMVR4B32B2174
SN: 1WMVR4BA3B2206
SN: 1WMVR4D1CJ2216
SN: 1WMVR4B1462175
AR Tablets (40 units) XIAOMI MI Pad 5
SN: 35875/Q3S900770
SN: 35875/Q3QK00755
SN: 35875/Q3QK00738
SN: 35875/Q3QK00774
SN: 35874/Q3RT01239
SN: 35875/Q3QK00757
SN: 35875/Q3S900710
SN: 35875/Q3S900681
SN: 35875/Q3S900717
SN: 35875/Q3S900720
SN: 35874/Q3RT01170
SN: 35875/Q3S900714
SN: 35874/Q3RT01162
SN: 35874/Q3RT01214
SN: 35874/Q3RT01162
SN: 35874/Q3RT01214
SN: 35875/QRS900252
SN: 35875/Q3S900448
SN: 35875/Q3S900708
SN: 35875/Q3QK00584
SN: 35875/Q3RT01227
SN: 35875/Q3QK00684
SN: 35874/Q3RT01223
SN: 35874/Q3RT01242
SN: 35875/Q3QK00781
SN: 35875/Q3QK00719
SN: 35875/Q3S900834
SN: 35875/Q3S900259
SN: 35874/Q3RT01183
SN: 35874/Q3RT01199
SN: 35875/Q3QK00762
SN: 35874/Q3RT01217
SN: 35874/Q3RT01240
SN: 35875/Q3QK00758
SN: 35875/Q3S900719
SN: 35875/Q3QK00779
SN: 35874/Q3RT01198
SN: 35875/Q3S900736
SN: 35875/Q3S900882
SN: 35875/Q3S900715
SN: 35875/Q3S900798
SN: 35875Q3S900246
-AR Maritime Application
-Air Conditioner (wall mounted Midea)
SN: 54122000E8B45210170094",1.06.05.140.00,"Technical and Scientific Equipment",01,4900000.00,,
4235,2025-01-05.140-0017-000,"SCITEK (FMH-1800DP) SN: FMH1800DP24102033HBKY1",1.06.05.140.00,"Technical and Scientific Equipment",01,328000.00,,
4300,2025-01-05.140-0018-000,"Output (25C): 15L/H, Flowrate: Up to 2 L/min (with pressure tank), Pure Water Outlet: Type 2; reverse osmosis and deionized water; Particle <1/ml",1.06.05.140.00,"Technical and Scientific Equipment",01,391075.00,,
4306,2025-01-05.140-0019-000,"with complete accessories including 1 set of standard test weights. Capacity:8200g; with calibration set for Analytical Balances, Class E2- 6pcs, 1x100mg, 1x10g, 2x20g, 1x50g, 1x100g. Includes: protective case, tweezers, dust brush and cleaning cloth, 1 pack of weight boat, white, 20ml, 45x45mm, square, 500/pk, 1 pack of weigh boat, white, 250ml, 140 x 140mm, square, 500/pk; Shimadzu - UP8201X (ASIA) SN: D401410196",1.06.05.140.00,"Technical and Scientific Equipment",01,171000.00,,
4307,2025-01-05.140-0020-000,"Inclusions: 1 Microscope Camera: Ultra HD 4K HDMI/USB Inoe Model: HX4K-16A SN: C 202502; 1 Desktop Computer: 12th Gen Intel Core i5, 8GB RAM, 512GB M.2 NVMe SSD, PCX system unit case, monitor 22"" AOPEN with 650VA UPS (secure)
Inoe-BE410NT SN: G2025010032",1.06.05.140.00,"Technical and Scientific Equipment",01,175500.00,,
4309,2025-01-05.140-0021-000,"Constant temperature heating. chamber volume: 88L. Certification/Compliance: CE Marked. Controller System: Microprocessor control with vacuum fluorescent display. Chamber Material: Corrosion-resistant stainless-steel chamber (SUS 304). Dimensions: (WxHxD) in inches Chamber- 19.69x14.33x19.60 inches/500x364x500mm. Exterior- 24x30x23? 2inches. Accessories includes No. of shelves: at least 4 perforated stainless-steel shelves; BIOBASE - BJPX-H88BK(D)",1.06.05.140.00,"Technical and Scientific Equipment",01,120000.00,,
4312,2025-01-05.140-0022-000,"with accessories & blender bags, Optimal Blending volume: 400ml, Power: 220V, all stainless steel with AVR
1 security drip tray, 1 power cable, 1box of blender bags with full page filter (500pcs/box), 1 bag opener, 1 bag rack (can hold 10 bags) Interscience",1.06.05.140.00,"Technical and Scientific Equipment",01,327500.00,,
442,0-05-05.140-0001-000,"TOLSEN, 179 pcs/set in 7 roller drawer cabinet",1.06.05.140.00,"Technical and Scientific Equipment",05,65000.00,0000-00-00,
464,0-05-05.140-0002-000,"Ryzen 5, AMD Ryzen 5 3660, RTX 3060, 16GB DDR4, 1TB SSD with LG LED Monitor 32""",1.06.05.140.00,"Technical and Scientific Equipment",05,61000.00,0000-00-00,
465,0-05-05.140-0003-000,"Zoomjet, for sticker and tarpaulin; Surecolor, 10 feet media length",1.06.05.140.00,"Technical and Scientific Equipment",05,491840.00,0000-00-00,
483,0-05-05.140-0004-000,"4-cylinder engine, Inline type injection pump with transmission and starter",1.06.05.140.00,"Technical and Scientific Equipment",05,74000.00,0000-00-00,
484,0-05-05.140-0005-000,"4 Cylinder Gasoline Engine; CDI Ignition System with transmission and starter",1.06.05.140.00,"Technical and Scientific Equipment",05,74000.00,0000-00-00,
485,0-05-05.140-0006-000,"Input Supply QIM-400 (380-440V, 3Ph, 50/60 Hz) 20-400 A' 65-75V DC, 17KVA; ASTROWELD 350",1.06.05.140.00,"Technical and Scientific Equipment",05,74000.00,0000-00-00,
488,0-05-05.140-0007-000,"Double Laser Electronic Theodolite, 2 seconds high precision with tripod stand; DE2A-L SN: 7717922",1.06.05.140.00,"Technical and Scientific Equipment",05,81000.00,0000-00-00,
489,0-05-05.140-0008-000,"Double Laser Electronic Theodolite, 2 seconds high precision with tripod stand; DE2A-L SN: 7717817",1.06.05.140.00,"Technical and Scientific Equipment",05,81000.00,0000-00-00,
504,0-05-05.140-0009-000,"LX6 Features Superior Fischer Connectors MODEL: LX6 SN: SN:220429FN ; Laptop SN: Model: N2004, NXA2ASP008142202C3400",1.06.05.140.00,"Technical and Scientific Equipment",05,725000.00,0000-00-00,
609,0-05-05.140-0010-000,"Button Hole Industrial Type, single needle (JUKI)",1.06.05.140.00,"Technical and Scientific Equipment",05,81000.00,0000-00-00,
610,0-05-05.140-0011-000,"Button Hole Industrial Type, single needle (JUKI)",1.06.05.140.00,"Technical and Scientific Equipment",05,81000.00,0000-00-00,
614,0-05-05.140-0012-000,"for Direct Online Connection Model: TB-220413-V-001",1.06.05.140.00,"Technical and Scientific Equipment",05,149573.00,0000-00-00,
615,0-05-05.140-0013-000,"for Forward Reverse Connection Model: TB-220413-V-002",1.06.05.140.00,"Technical and Scientific Equipment",05,151539.00,0000-00-00,
616,0-05-05.140-0014-000,"for WYE / DELTA Connection Model: TB-220413-V-003",1.06.05.140.00,"Technical and Scientific Equipment",05,138997.00,0000-00-00,
694,0-05-05.140-0015-000,"24v; Power of Illuminant: 60W; Tungsten; Halogen Lamp; Intensity 60000; ALDIS Model: CXD8 SN: 18-SQ1799333-PDA",1.06.05.140.00,"Technical and Scientific Equipment",05,58400.00,0000-00-00,
763,0-05-05.140-0016-000,"Pacific Office Solutions Model: Luminex CSE SN: LS05229; Display screen: Active matrix color TFT-LCD; Screen Size: at least 7 inches; Resolution: 800x480; Tilt Range: 180 degrees; Font size: 1 to 5; Memory: At least 12,000 strokes; Accessories: tripod; micro USB Cable; Charger; Cleaning Kit; Laptop: Acer Model: Aspire A315-59-599C SN: NXK60SP00933714F023400",1.06.05.140.00,"Technical and Scientific Equipment",05,345800.00,0000-00-00,
823,0-05-05.140-0017-000,"refrigerant recovery unit with oil separator VALUE Model: VRR24L-R32 SN: 04BA0340 SN: 04BA0341",1.06.05.140.00,"Technical and Scientific Equipment",05,85000.00,0000-00-00,
824,0-05-05.140-0018-000,"refrigerant recovery unit with oil separator VALUE Model: VRR24L-R32 SN: 04BA0341",1.06.05.140.00,"Technical and Scientific Equipment",05,85000.00,0000-00-00,
944,0-05-05.140-0019-000,"1 unit- Siemens Logo PLC (CPU) 8DI/4DO; SIEMENS
1 unit- Siemens Logo expansion module; SIEMENS
1 unit- 2.5A, 24Vdc power supply
1 unit- 10AT, 2P, Circuit Breaker; CHINT
1 unit- 1At, 1P, Circuit Breaker; CHINT
2 units- double acting cylinder; SMC
1 unit- single acting cylinder; SMC
3 units- 5/2 way double coil directional valve; SMC
1 unit- base manifold
4 units- 14 pins 24Vdc; CHINT
1 unit- timer, 24Vdc; CHINT
1 unit- electronic counter; CHINT
4 units- monetary push buttons
1 unit- selector switch
3 units- pilot lamps, 24Vdc
1 unit- buzzer, 24Vdc
6 units- reed switch; SMC
6 units- limit switch; OMRON
1 unit PLC Cable
1 set- tool box with basic tools
50 pcs- din rail mount terminal blocks
1 assy- stell frame
1 unit- air filter unit
1 roll- #18 TF wire; ORION",1.06.05.140.00,"Technical and Scientific Equipment",05,237600.00,0000-00-00,
945,0-05-05.140-0020-000,"1 unit- Siemens Logo PLC (CPU) 8DI/4DO; SIEMENS
1 unit- Siemens Logo expansion module; SIEMENS
1 unit- 2.5A, 24Vdc power supply
1 unit- 10AT, 2P, Circuit Breaker; CHINT
1 unit- 1At, 1P, Circuit Breaker; CHINT
2 units- double acting cylinder; SMC
1 unit- single acting cylinder; SMC
3 units- 5/2 way double coil directional valve; SMC
1 unit- base manifold
4 units- 14 pins 24Vdc; CHINT
1 unit- timer, 24Vdc; CHINT
1 unit- electronic counter; CHINT
4 units- monetary push buttons
1 unit- selector switch
3 units- pilot lamps, 24Vdc
1 unit- buzzer, 24Vdc
6 units- reed switch; SMC
6 units- limit switch; OMRON
1 unit PLC Cable
1 set- tool box with basic tools
50 pcs- din rail mount terminal blocks
1 assy- stell frame
1 unit- air filter unit
1 roll- #18 TF wire; ORION",1.06.05.140.00,"Technical and Scientific Equipment",05,237600.00,0000-00-00,
960,0-05-05.140-0021-000,"Zhejiang Instrument Co. - STLZ-2; SN: 2410140; Double Display Asphalt Penetration Apparatus. Penetration needle 2.5g, hardened steel, with shaft suitable for the plunger; Plunger: 97.5g; Specimen container: 559dia) x 35mm penetration measuring resolution; 0.01mm Maximum penetration depth: 40mm",1.06.05.140.00,"Technical and Scientific Equipment",05,215000.00,0000-00-00,
961,0-05-05.140-0022-000,"Zhejiang Instrument Co. - STM-8; SN: 2412143; 1-Automatic Marshall Stability Tester (no serial #)",1.06.05.140.00,"Technical and Scientific Equipment",05,670000.00,0000-00-00,
1031,0-05-05.140-0023-000,"LCD Display: Display in spindle. Speed, temperature, mPas and % torque. Clear & accurate reading with at least 4 rotors & 4 speed. Equipped with RS232 to USB cable to connect to a computer for data output. Bonvoisin - NDJ-5S SN: X241551",1.06.05.140.00,"Technical and Scientific Equipment",05,178878.50,0000-00-00,
1032,0-05-05.140-0024-000,"designed for wall assembly, anodized aluminum frame & panels made of painted steel, main metallic elements made of stainless-steel length of approx. 1000mm with upper and lower collector and drain valve with manuals on required services; assembly and installation, starting up, safety, maintenance & practices manuals. EDIBON - HMM-U1000 SN: HMMU10000008",1.06.05.140.00,"Technical and Scientific Equipment",05,349400.00,0000-00-00,
1193,0-05-05.140-0025-000,"with end sink and stools (14 seaters) with gas outlet Dim. 4800mm L X 1200mm W x 850mm H; Dim. 4800mm L x 1200mm W x 850mm H,",1.06.05.140.00,"Technical and Scientific Equipment",05,498000.00,0000-00-00,
974,2024-05-05.140-0001-000,"Includes : Mini console (1) Steering Wheel Control 1(1), Telegraph for two engines (1), Touch Screen Panel (2), with V. Dragon software and installation.",1.06.05.140.00,"Technical and Scientific Equipment",05,498000.00,2024-03-26,
979,2025-05-05.140-0001-000,"EIE (INDIA) with Digital temperature indicator along with combined wick system arrangement, dimension; 16x9x7 inches, weight 6 kg  SN: 2411393",1.06.05.140.00,"Technical and Scientific Equipment",05,87886.00,2025-04-25,
1008,2025-05-05.140-0002-000,"Dim. At least 1000mmL x 880mmW x 2400mmH; standard air bypass with 100mm wide full double wall assembly, counterbalance, safety sash glass, and built-in motor blower; SN: FH1000-NSBCL3",1.06.05.140.00,"Technical and Scientific Equipment",05,391347.00,2025-02-24,
1009,2025-05-05.140-0003-000,"Dimension: 2286mmW, 1067mmD, 813mmHt; 18 ga. 1.21mm thick T-304 Stainless Steel top plate, standard 90? bend nosing 50mm thick; 20 ga.0.9mm thick T-304 Stainless steel rectangular horizontal stiffener; 1.2mm thick x 11/2"" T-202 Stainless steel square tubular leg support on square type adjustable bullet feet.",1.06.05.140.00,"Technical and Scientific Equipment",05,157700.00,2025-02-24,
1010,2025-05-05.140-0004-000,"Dimension: 2286mmW, 1067mmD, 813mmHt; 18 ga. 1.21mm thick T-304 Stainless Steel top plate, standard 90? bend nosing 50mm thick; 20 ga.0.9mm thick T-304 Stainless steel rectangular horizontal stiffener; 1.2mm thick x 11/2"" T-202 Stainless steel square tubular leg support on square type adjustable bullet feet.",1.06.05.140.00,"Technical and Scientific Equipment",05,157700.00,2025-02-24,
1011,2025-05-05.140-0005-000,"Dimension: 2286mmW, 1067mmD, 813mmHt; 18 ga. 1.21mm thick T-304 Stainless Steel top plate, standard 90? bend nosing 50mm thick; 20 ga.0.9mm thick T-304 Stainless steel rectangular horizontal stiffener; 1.2mm thick x 11/2"" T-202 Stainless steel square tubular leg support on square type adjustable bullet feet.",1.06.05.140.00,"Technical and Scientific Equipment",05,157700.00,2025-02-24,
1012,2025-05-05.140-0006-000,"Dimension: 2286mmW, 1067mmD, 813mmHt; 18 ga. 1.21mm thick T-304 Stainless Steel top plate, standard 90? bend nosing 50mm thick; 20 ga.0.9mm thick T-304 Stainless steel rectangular horizontal stiffener; 1.2mm thick x 11/2"" T-202 Stainless steel square tubular leg support on square type adjustable bullet feet.",1.06.05.140.00,"Technical and Scientific Equipment",05,157700.00,2025-02-24,
1013,2025-05-05.140-0007-000,"Dimension: 2286mmW, 1067mmD, 813mmHt; 18 ga. 1.21mm thick T-304 Stainless Steel top plate, standard 90? bend nosing 50mm thick; 20 ga.0.9mm thick T-304 Stainless steel rectangular horizontal stiffener; 1.2mm thick x 11/2"" T-202 Stainless steel square tubular leg support on square type adjustable bullet feet.",1.06.05.140.00,"Technical and Scientific Equipment",05,157700.00,2025-02-24,
1014,2025-05-05.140-0008-000,"Dimension: 2286mmW, 1067mmD, 813mmHt; 18 ga. 1.21mm thick T-304 Stainless Steel top plate, standard 90? bend nosing 50mm thick; 20 ga.0.9mm thick T-304 Stainless steel rectangular horizontal stiffener; 1.2mm thick x 11/2"" T-202 Stainless steel square tubular leg support on square type adjustable bullet feet.",1.06.05.140.00,"Technical and Scientific Equipment",05,157700.00,2025-02-24,
1015,2025-05-05.140-0009-000,"Dimension: 2286mmW, 1067mmD, 813mmHt; 18 ga. 1.21mm thick T-304 Stainless Steel top plate, standard 90? bend nosing 50mm thick; 20 ga.0.9mm thick T-304 Stainless steel rectangular horizontal stiffener; 1.2mm thick x 11/2"" T-202 Stainless steel square tubular leg support on square type adjustable bullet feet.",1.06.05.140.00,"Technical and Scientific Equipment",05,157700.00,2025-02-24,
1016,2025-05-05.140-0010-000,"Dimension: 2286mmW, 1067mmD, 813mmHt; 18 ga. 1.21mm thick T-304 Stainless Steel top plate, standard 90? bend nosing 50mm thick; 20 ga.0.9mm thick T-304 Stainless steel rectangular horizontal stiffener; 1.2mm thick x 11/2"" T-202 Stainless steel square tubular leg support on square type adjustable bullet feet.",1.06.05.140.00,"Technical and Scientific Equipment",05,157700.00,2025-02-24,
1017,2025-05-05.140-0011-000,"Dimension: 1850mmw, 1000mmD, 510mmHt; 20 ga 1.0mm thick T-202 Stainless Steel frontal hood panel; drain gutter, side panel, hood upper panel, interior filter divider and prefabricated electrical junction box; 18 ga 1.2mm thick 304 Stainless Steel prefabricated oil cup; inclusions: 2 sets of Vapor proof lamp with fixtures, glass and CFL light bulb, 1 pc On-Off Control Switch, 3 pcs Stainless Steel type Filter, 500mmlx500mmWx42mm thick; Model: PS-315A and other electrical connections",1.06.05.140.00,"Technical and Scientific Equipment",05,124550.00,2025-02-24,
1018,2025-05-05.140-0012-000,"Dimension: 1850mmw, 1000mmD, 510mmHt; 20 ga 1.0mm thick T-202 Stainless Steel frontal hood panel; drain gutter, side panel, hood upper panel, interior filter divider and prefabricated electrical junction box; 18 ga 1.2mm thick 304 Stainless Steel prefabricated oil cup; inclusions: 2 sets of Vapor proof lamp with fixtures, glass and CFL light bulb, 1 pc On-Off Control Switch, 3 pcs Stainless Steel type Filter, 500mmlx500mmWx42mm thick; Model: PS-315A and other electrical connections",1.06.05.140.00,"Technical and Scientific Equipment",05,124550.00,2025-02-24,
1021,2025-05-05.140-0013-000,"Manual Defrost 3 in 1; function: Chilling, Freezing, Fast freezing; solid top with sliding glass aluminum tube; 6 LED's; color white; Condura - CCF310RI SN: 200082824100015361",1.06.05.140.00,"Technical and Scientific Equipment",05,115685.00,2025-02-24,
1022,2025-05-05.140-0014-000,"Manual Defrost 3 in 1; function: Chilling, Freezing, Fast freezing; solid top with sliding glass aluminum tube; 6 LED's; color white; Condura - CCF310RI SN: 200083124100019515",1.06.05.140.00,"Technical and Scientific Equipment",05,115685.00,2025-02-24,
1023,2025-05-05.140-0015-000,"Height (cm): 178; Width: 91.2; Length (cm): 71.6; Gross Weight (kg): 108; Net Weight (kg): 101; Inverter technology: yes: Capacity: 24.7 cu.ft; Wattage: 160 Samsung side by side space; Color-Matte Silver; Samsung - RS62R5031M9 SN: 0ATZ4NAXA00026",1.06.05.140.00,"Technical and Scientific Equipment",05,229985.00,2025-02-24,
1024,2025-05-05.140-0016-000,"Height (cm): 178; Width: 91.2; Length (cm): 71.6; Gross Weight (kg): 108; Net Weight (kg): 101; Inverter technology: yes: Capacity: 24.7 cu.ft; Wattage: 160 Samsung side by side space; Color-Matte Silver; Samsung - RS62R5031M9 SN: 0ATZ4NAXA00271",1.06.05.140.00,"Technical and Scientific Equipment",05,229985.00,2025-02-24,
1034,2025-05-05.140-0017-000,"refrigeration capacity: approximately 1.7 kW at -15/32 ?C. Maximum Head: 4m Ice Store Capacity: 150L; Glycol-water tank capacity: 28L SN: GT2024121201GTRTMD001",1.06.05.140.00,"Technical and Scientific Equipment",05,667800.00,2025-03-20,
1039,2025-05-05.140-0018-000,"Locally Fabricated; Channel: 75mm x 400mm; Bed length: 2500mm; Tilting adjustment: 1; Side walls: acrylic clear glass (9mm); Bed Channel: Stainless; Pump: 1; Head Tank: Stainless; End Tank: stainless; Steel Base stand with caster wheel; Accessories: 1 stainless steel hook and point gauge; 3 standard weirs",1.06.05.140.00,"Technical and Scientific Equipment",05,530000.00,2025-02-18,
4236,2025-05-05.140-0019-000,"w/ stand Japan (RION) VT-04E",1.06.05.140.00,"Technical and Scientific Equipment",05,215000.00,,
4237,2025-05-05.140-0020-000,"w/ complete accessories",1.06.05.140.00,"Technical and Scientific Equipment",05,220000.00,,
4238,2025-05-05.140-0021-000,"0.65ml.., 1.80ml, .90ml. w/ complete accessories molded resin lap acid resistant w/ 1 gasul tank",1.06.05.140.00,"Technical and Scientific Equipment",05,120000.00,,
4239,2025-05-05.140-0022-000,"0.65ml.., 1.80ml, .90ml. w/ complete accessories molded resin lap acid resistant w/ 1 gasul tank-",1.06.05.140.00,"Technical and Scientific Equipment",05,120000.00,,
4240,2025-05-05.140-0023-000,"Rectangular Shape; Dim, 1.00 MW x 3.00 ML x 0.90 MH; 8 seaters (mars)",1.06.05.140.00,"Technical and Scientific Equipment",05,380000.00,,
4241,2025-05-05.140-0024-000,"Human Torso Chart w/ stand",1.06.05.140.00,"Technical and Scientific Equipment",05,60000.00,,
4242,2025-05-05.140-0025-000,"DC Technology",1.06.05.140.00,"Technical and Scientific Equipment",05,687100.00,,
4243,2025-05-05.140-0026-000,"AC Technology",1.06.05.140.00,"Technical and Scientific Equipment",05,0.00,,
4244,2025-05-05.140-0027-000,"Interface Virtual Instrument (Basic VI)",1.06.05.140.00,"Technical and Scientific Equipment",05,0.00,,
4245,2025-05-05.140-0028-000,Experimenter,1.06.05.140.00,"Technical and Scientific Equipment",05,0.00,,
4246,2025-05-05.140-0029-000,"Set of Shunts",1.06.05.140.00,"Technical and Scientific Equipment",05,0.00,,
4247,2025-05-05.140-0030-000,"Extended Power Supply",1.06.05.140.00,"Technical and Scientific Equipment",05,0.00,,
4248,2025-05-05.140-0031-000,"2mm (22pcs) for Unitr@in-1",1.06.05.140.00,"Technical and Scientific Equipment",05,0.00,,
4249,2025-05-05.140-0032-000,2mm/5mm,1.06.05.140.00,"Technical and Scientific Equipment",05,0.00,,
4250,2025-05-05.140-0033-000,"Digital Multimeter",1.06.05.140.00,"Technical and Scientific Equipment",05,0.00,,
4251,2025-05-05.140-0034-000,"for one system",1.06.05.140.00,"Technical and Scientific Equipment",05,0.00,,
4252,2025-05-05.140-0035-000,"Ohaus; US",1.06.05.140.00,"Technical and Scientific Equipment",05,299750.00,,
4253,2025-05-05.140-0036-000,"Semi-Conductor Component",1.06.05.140.00,"Technical and Scientific Equipment",05,115265.00,,
4254,2025-05-05.140-0037-000,"Transistor and Amplifier Technology",1.06.05.140.00,"Technical and Scientific Equipment",05,140545.00,,
4255,2025-05-05.140-0038-000,"Field Effects Transistor",1.06.05.140.00,"Technical and Scientific Equipment",05,78625.00,,
4256,2025-05-05.140-0039-000,"Power Semi-Conductor",1.06.05.140.00,"Technical and Scientific Equipment",05,55960.00,,
4257,2025-05-05.140-0040-000,"AM/FM Modulatiaon/Demodulation",1.06.05.140.00,"Technical and Scientific Equipment",05,136960.00,,
4258,2025-05-05.140-0041-000,"Transistor Multivibrator",1.06.05.140.00,"Technical and Scientific Equipment",05,84000.00,,
4259,2025-05-05.140-0042-000,"Switched Mode Power",1.06.05.140.00,"Technical and Scientific Equipment",05,76160.00,,
4260,2025-05-05.140-0043-000,"Pulse Modulation Methods PCM/PAM",1.06.05.140.00,"Technical and Scientific Equipment",05,287040.00,,
4261,2025-05-05.140-0044-000,Ohaus,1.06.05.140.00,"Technical and Scientific Equipment",05,179850.00,,
4262,2025-05-05.140-0045-000,"Lafeyette; actusry reconditioned & calibrated; 220v; 60Hz; 5 colored inking pens; 10"" chart paper; operating manual; in aluminum casing w/ examination table Model: 761-96GA*C S/N: 353483 (Ambassador)",1.06.05.140.00,"Technical and Scientific Equipment",05,390000.00,,
4263,2025-05-05.140-0046-000,"w/ lenses, zoom, macro lens, wide angle lens/telephone lens, tri-pod & carrying case #2676822 (Nikon)",1.06.05.140.00,"Technical and Scientific Equipment",05,68000.00,,
4264,2025-05-05.140-0047-000,"Cat # MQDA500 (SIRCHIE)",1.06.05.140.00,"Technical and Scientific Equipment",05,135000.00,,
4265,2025-05-05.140-0048-000,"complete w/ 21"" colored TV Monitor S/N: 1016096; Model: BZ212N50 (Sony), CCD Camera, Photo Camera, 220V for bullet Model: KOM-505; SN: 26891",1.06.05.140.00,"Technical and Scientific Equipment",05,499000.00,,
4266,2025-05-05.140-0049-000,"Crime Scene Sketch Kit Prof",1.06.05.140.00,"Technical and Scientific Equipment",05,62000.00,,
4267,2025-05-05.140-0050-000,"Introduction to Forensic Toxicology",1.06.05.140.00,"Technical and Scientific Equipment",05,85000.00,,
4268,2025-05-05.140-0051-000,"Cat. # MFD 200 (SIRCHIE)",1.06.05.140.00,"Technical and Scientific Equipment",05,55000.00,,
4269,2025-05-05.140-0052-000,"Narcotics and Drug Indentification Kit",1.06.05.140.00,"Technical and Scientific Equipment",05,85000.00,,
4270,2025-05-05.140-0053-000,"Master Evidence Collection Kit",1.06.05.140.00,"Technical and Scientific Equipment",05,60000.00,,
4271,2025-05-05.140-0054-000,"Digital DT-5; SN: 04598",1.06.05.140.00,"Technical and Scientific Equipment",05,159000.00,,
4272,2025-05-05.140-0055-000,"TB11-300; 300g cap x 0.005g sensitivity; digital (Nutex)",1.06.05.140.00,"Technical and Scientific Equipment",05,75200.00,,
4273,2025-05-05.140-0056-000,"DELORENZO DL 3155M33C",1.06.05.140.00,"Technical and Scientific Equipment",05,61620.50,,
4274,2025-05-05.140-0057-000,"DELORENZO DL 3155M33A",1.06.05.140.00,"Technical and Scientific Equipment",05,89567.35,,
4275,2025-05-05.140-0058-000,"DELORENZO DL3155M33B",1.06.05.140.00,"Technical and Scientific Equipment",05,75593.92,,
4276,2025-05-05.140-0059-000,"DELORENZO DL 3155M33",1.06.05.140.00,"Technical and Scientific Equipment",05,209601.33,,
4277,2025-05-05.140-0060-000,"DELORENZO DL 2314",1.06.05.140.00,"Technical and Scientific Equipment",05,1543719.54,,
4278,2025-05-05.140-0061-000,"DELORENZO DL2314SIM",1.06.05.140.00,"Technical and Scientific Equipment",05,56122.76,,
4279,2025-05-05.140-0062-000,"DELORENZO DL2314C",1.06.05.140.00,"Technical and Scientific Equipment",05,508999.08,,
4280,2025-05-05.140-0063-000,"Class ""A"" bridge with 1 console for
ECDIS and RADAR Simulation with maps
Class ""B"" working station
includes 7 units 65"" 4K Smart TV;Devant
65UHV300A091800107
65UHV300A091800122
65UHV300A091800002
65UHV300A091800142
65UHV300A091800034
65UHV300A091800083
7 units AOC led monitor
SN: GRLJAHA006682
SN: GRLJAHA006629
SN: GRLJAHA006642
SN: GRLJAHA005933
SN: GRLJAHA006649
SN: GRLJAHA005940
SN: GRLJAHA005942
1 unit LG Led TV; SN: 807NTTQ86785
3 units Ibook with no SN
18 units 55"" UHD 4K Flat Smart TV	
SN: 55UHV400A071800584
55UHV400A071801141
55UHV400A071801185
55UHV400A071801026
55UHV400A071801079
55UHV400A071800950
55UHV400A071800891
55UHV400A071801035
55UHV400A071800525
55UHV400A071801028
55UHV400A071800564
55UHV400A071800854
55UHV400A071801048
55UHV400A071800820
55UHV400A071801024
55UHV400A071801075
55UHV400A071801078
55UHV400A071800968
PC-Bases engine Simulator includes software
such as:Turbo Diesel software
Virtual Engine Room Software
CBT Marine Training software
medium speed engine room simulator software
steam engine room simulator software
Marine Diesel Engine; Marine Steam Turbine
Marine Gas turbine; Marine steam boilers
with 12 sets of Desktop Computer
Intel Core i7; 2.7 Ghz; 8 GB Ram DDR4 1TB HDD; 24"" LED Monitor; Keyboard;Mouse, 11 pcs 1200VA UPS; 1 pc Network switch Hub 16 ports; 10 pcs head sets; with 2 units CISS Printer Epson L3110; Swivel Chair (Black leather ; metal and wood frame); 5 laboratory tables; Blue and 1 Instructor station (blue)
monitor SN: 1M2471WH83801086   (8)
monitor SN: 1M2471WH83800790   (6)
monitor SN: 1M2471WH84100147   (10)
monitor SN: 1M2471WH83801089   (9)
monitor SN: 1M2471WH84160162   (7)
monitor SN: 1M2471WH8H100136   (5)
monitor SN: 1M2471WH84100001   (2)
monitor SN: 1M2471WH83801325   (1)
monitor SN: 1M2471WH83801696   (4)
monitor SN: 1M2471WH83800826   (3)
monitor SN: ZZQ5H4TH900715D (SERVER)
monitor SN: ZZQ5H4TH900712Y  (SPARE)
Mouse, 11 pcs -1200VA UPS (Intex); with black Leather
with 2 units CISS Printer Epson L3110",1.06.05.140.00,"Technical and Scientific Equipment",05,20396000.00,,
4281,2025-05-05.140-0064-000,"Electric 0-2MPa to 0-20MPa (Set)",1.06.05.140.00,"Technical and Scientific Equipment",05,66214.00,,
4282,2025-05-05.140-0065-000,"KOIZUMI KP90N; Planix 7 digital; SN: H17764",1.06.05.140.00,"Technical and Scientific Equipment",05,72000.00,,
4283,2025-05-05.140-0066-000,"Main Frame w/ built-in Main Breaker, Main Switch & Connection Panel (1); Royal Cord w/Industrial Socket, Male & Female on both ends (1); Connection Nodes Panel (3); Three Pole Fuse (220V) Panel (1); MCB Control VoltagePanel (2); Overload Relay Panel (2); Magnetic Contractor Panel (4); Auxillary Relay (110V) Panel (2); Auxillary Relay (220V); Panel (2); Control Transformer (220V : 110V) Panel (1);Start-Stop Button Panel (1); Forward-ReverseButton Panel (1); Limit Switch Panel (1); Timer  (24V-240V); Panel (1); Timer (220V) Panel (1); Pilot Light (220V) panel (1); Pilot Light (110V) Panel (1); Proximity Switch (220V) Panel (1); Load 3phase leads out Panle (1); Load 6 phase leads out Panel (1); connecting wires Red Banana & Jack & Black Banana Jack (1); Motor Control Module Manual (2) w/ free induction motor",1.06.05.140.00,"Technical and Scientific Equipment",05,578800.00,,
4284,2025-05-05.140-0067-000,"SCITECH, FM 06",1.06.05.140.00,"Technical and Scientific Equipment",05,173442.00,,
4285,2025-05-05.140-0068-000,"EPSON, DTF Printer, size 660* 400* 300mm",1.06.05.140.00,"Technical and Scientific Equipment",05,70000.00,,
4286,2025-05-05.140-0069-000,"of Main Switchboard with 3 Units Generator, Model: TB-220413-V-004",1.06.05.140.00,"Technical and Scientific Equipment",05,2451383.00,,
4287,2025-05-05.140-0070-000,"can transmit 3 to 15 psi signal",1.06.05.140.00,"Technical and Scientific Equipment",05,58240.00,,
4288,2025-05-05.140-0071-000,"0-3 bars, 5-50 liters per minute",1.06.05.140.00,"Technical and Scientific Equipment",05,150000.00,,
4289,2025-05-05.140-0072-000,"length 150-350 mm",1.06.05.140.00,"Technical and Scientific Equipment",05,208000.00,,
4290,2025-05-05.140-0073-000,"(1 unit) Logo PLC (8 digital input & 4 digital output), (1 unit) Logo Expansion module (4 digital input & 4 digital output), (1 unit) PLC license, (2 units) 24 volts power supply (3A), (3 units) double acting cylinders, (3 units) 5/2 way solenoid valve with base manifold, (1 unit) ? HP Air Compressor, (2 units) Timer relay (24V), (5 units) 4 pins relay (24V), (2 units) NC Push Buttons (5 units) NO Push Buttons (25 units) Terminal blocks (2 units) 2P Circuit Breaker (6A) (2 units) 2P Circuit Breaker (10A) (1 unit) 3P Circuit Breaker (10A) (1 unit) 3kW Phase inverter (1 unit) 1hp VFD (2 units) Fuse with holder (4 units) Pilot lamps (2 red, 2 green, 2 yellow, 2 white) (6 units) Red Switch 6 units) Limit Switch (2 sets) Steel Frame and Support (1 unit) 1 plc cable (3 units) Magnetic Contactor (220V) (3 units) 14 pins relay (220V) (2 units) Thermal overload relay (1 unit) 1hp 3-phase motor (1 unit) Router (2 units) Tool Box with basic tools",1.06.05.140.00,"Technical and Scientific Equipment",05,359350.00,,
4291,2025-05-05.140-0074-000,"Tag encoder with its attached barcode scanner can be used w/o any computer connection to encode RFID Tags in industry standards formats; simple plug and play; Windows and Mac compatible; Encodes single HF ISO15693 tags in seconods using input from the serial attached barcode scanner, Emcodes RFID TAgs in ISO28560 Parts 2 format, and recommended defaults; EAS security standard in the default mode for tagging; AFI security standards is also available through system set-up commands",1.06.05.140.00,"Technical and Scientific Equipment",05,748000.00,,
4292,2025-05-05.140-0075-000,"Must have a unique blade design and connects via bluetooth to the RFID Reader for easy file uploads into follet Destiny Library Manager software; Slide between books for best read capacbility; Single push button operation signal reads RFID tags within 18"" of either side of blade antenna; RFID General Specification: *All RFID equipment should be type-accepted by National telecommunications Commision. *Must integrate with the existing library software which is follet - destiny Library Manager (DLM) without using third-party software and will not violate its licensing agreement. *Vendor must have served and installed the same RFID Library Security System to at least 20 libraries including 10 government institutions. *Training for the designated library staff without additional charge. *Technical support is free of charge within the warranty period of one (1) year",1.06.05.140.00,"Technical and Scientific Equipment",05,375000.00,,
4293,2025-05-05.140-0076-000,"with Cutter, 1/2'' - 4''; MEIHO",1.06.05.140.00,"Technical and Scientific Equipment",05,74000.00,,
4294,2025-05-05.140-0077-000,"3 decks (6 pans; 60x40, watts: 300 voltage: 220v; Heat Load: 54mJ/h; Rated Gas Pressure: 2800-3000 Pa",1.06.05.140.00,"Technical and Scientific Equipment",05,163000.00,,
4301,2025-05-05.140-0078-000,"control console includes: mini console (1), steering wheel (1), telegraph for two engines (1), touch screen panel (2), with V. Dragon software system,",1.06.05.140.00,"Technical and Scientific Equipment",05,559600.00,2025-07-29,
4302,2025-05-05.140-0079-000,"control console includes: mini console (1), steering wheel (1), telegraph for two engines (1), touch screen panel (2), with V. Dragon software system,",1.06.05.140.00,"Technical and Scientific Equipment",05,559600.00,2025-07-29,
4303,2025-05-05.140-0080-000,"control console includes: mini console (1), steering wheel (1), telegraph for two engines (1), touch screen panel (2), with V. Dragon software system,",1.06.05.140.00,"Technical and Scientific Equipment",05,559600.00,2025-07-29,
4304,2025-05-05.140-0081-000,"control console includes: mini console (1), steering wheel (1), telegraph for two engines (1), touch screen panel (2), with V. Dragon software system,",1.06.05.140.00,"Technical and Scientific Equipment",05,559600.00,2025-07-29,
4305,2025-05-05.140-0082-000,"control console includes: mini console (1), steering wheel (1), telegraph for two engines (1), touch screen panel (2), with V. Dragon software system,",1.06.05.140.00,"Technical and Scientific Equipment",05,559600.00,2025-07-29,
4313,2025-05-05.140-0083-000,"1 unit siemens logo PLC, 1 unit expansion module, 1 unit 2.5A, power supply, 1 unit 10A, 3P, MCB, 1 unit 2A, 2P, MCB, 4 units pilot lamp, 4 units push button, 3 units magnetic contractor, 3 units overload relay, 1 unit selector switch, 1 unit emergency stop, 1 unit router, 1 unit 1 hp induction motor",1.06.05.140.00,"Technical and Scientific Equipment",05,82500.00,2025-12-26,
4314,2025-05-05.140-0084-000,"1 unit VFD (1 HP, 220V), 1 unit 2.5A, power supply, 1 unit 10A, 3P, MCB, 1 unit 2A, 2P, MCB, 2 units pilot lamp, 3 units push button, 2 units selector switch",1.06.05.140.00,"Technical and Scientific Equipment",05,67000.00,2025-12-26,
339,0-07-05.140-0001-000,"2. Low Pressure Burner Stove with Convection Oven-1200mmL x 750mmW x 900mmH",1.06.05.140.00,"Technical and Scientific Equipment",07,369634.00,0000-00-00,
340,0-07-05.140-0002-000,"3. Stainless Steel Dishwashing Table-1500mmL x 600mmW x 1000mmH",1.06.05.140.00,"Technical and Scientific Equipment",07,369634.00,0000-00-00,
341,0-07-05.140-0003-000,"Demo Table-72""W x 36""D x 86""H 1 burner with gas tank",1.06.05.140.00,"Technical and Scientific Equipment",07,94595.00,0000-00-00,
342,0-07-05.140-0004-000,"Demo Table-72""W x 36""D x 86""H 1 burner with gas tank",1.06.05.140.00,"Technical and Scientific Equipment",07,94595.00,0000-00-00,
343,0-07-05.140-0005-000,"Demo Table-72""W x 36""D x 86""H 1 burner with gas tank",1.06.05.140.00,"Technical and Scientific Equipment",07,94595.00,0000-00-00,
344,0-07-05.140-0006-000,"Stainless Steel 4 layers -8ft L x 6ft H x 20"" W",1.06.05.140.00,"Technical and Scientific Equipment",07,65472.00,0000-00-00,
345,0-07-05.140-0007-000,"Stainless Steel 4 layers -8ft L x 6ft H x 20"" W",1.06.05.140.00,"Technical and Scientific Equipment",07,65472.00,0000-00-00,
346,0-07-05.140-0008-000,"Stainless Steel 4 layers -8ft L x 6ft H x 20"" W",1.06.05.140.00,"Technical and Scientific Equipment",07,65472.00,0000-00-00,
347,0-07-05.140-0009-000,"Stainless Steel 4 layers -8ft L x 6ft H x 20"" W",1.06.05.140.00,"Technical and Scientific Equipment",07,65472.00,0000-00-00,
348,0-07-05.140-0010-000,"Stainless Steel 4 layers -8ft L x 6ft H x 20"" W",1.06.05.140.00,"Technical and Scientific Equipment",07,65472.00,0000-00-00,
349,0-07-05.140-0011-000,"Stainless Steel 4 layers -8ft L x 6ft H x 20"" W",1.06.05.140.00,"Technical and Scientific Equipment",07,65472.00,0000-00-00,
350,0-07-05.140-0012-000,"Stainless Steel 4 layers -8ft L x 6ft H x 20"" W",1.06.05.140.00,"Technical and Scientific Equipment",07,65472.00,0000-00-00,
351,0-07-05.140-0013-000,"Stainless Steel 4 layers -8ft L x 6ft H x 20"" W",1.06.05.140.00,"Technical and Scientific Equipment",07,65472.00,0000-00-00,
352,0-07-05.140-0014-000,"Stainless Steel 4 layers -8ft L x 6ft H x 20"" W",1.06.05.140.00,"Technical and Scientific Equipment",07,65472.00,0000-00-00,
353,0-07-05.140-0015-000,"Stainless Steel 4 layers -8ft L x 6ft H x 20"" W",1.06.05.140.00,"Technical and Scientific Equipment",07,65472.00,0000-00-00,
355,0-07-05.140-0016-000,"12 trays- 66.25"" H x 65.5cm L x 51.5cm W, SN: 323393",1.06.05.140.00,"Technical and Scientific Equipment",07,85000.00,0000-00-00,
356,0-07-05.140-0017-000,"13 trays- 66.25"" H x 65.5cm L x 51.5cm W, SN: 323394",1.06.05.140.00,"Technical and Scientific Equipment",07,85000.00,0000-00-00,
359,0-07-05.140-0018-000,"2 doors, 32 trays, SN: 003",1.06.05.140.00,"Technical and Scientific Equipment",07,87500.00,0000-00-00,
360,0-07-05.140-0019-000,"2 doors, 32 trays, SN: 004",1.06.05.140.00,"Technical and Scientific Equipment",07,87500.00,0000-00-00,
361,0-07-05.140-0020-000,"Commercial Reach In; Glass Door display; 2 door",1.06.05.140.00,"Technical and Scientific Equipment",07,82400.00,0000-00-00,
362,0-07-05.140-0021-000,"Commercial Reach In; Glass Door display; 2 door",1.06.05.140.00,"Technical and Scientific Equipment",07,82400.00,0000-00-00,
363,0-07-05.140-0022-000,"Heavy Duty Electric Spiral, SN: 323388",1.06.05.140.00,"Technical and Scientific Equipment",07,57070.00,0000-00-00,
364,0-07-05.140-0023-000,"Heavy Duty Electric Spiral, SN: 323387",1.06.05.140.00,"Technical and Scientific Equipment",07,57070.00,0000-00-00,
365,0-07-05.140-0024-000,"Model: HGB-90Q, Commercial; 3 layer-Dimensions 1170mm x 890mm x 1705mm",1.06.05.140.00,"Technical and Scientific Equipment",07,174720.00,0000-00-00,
366,0-07-05.140-0025-000,"Brand Ruey Shing, Model: A/S 1588-9269, Commercial Reach In; Glass door display,2 door, SN: 0304938CBBCBH010001",1.06.05.140.00,"Technical and Scientific Equipment",07,130000.00,0000-00-00,
367,0-07-05.140-0026-000,"Brand: Ruey Shing, Model: A/S 1588-9269, Commercial Reach In; Glass door display,2 door, SN: 0304938CBBCBH010002",1.06.05.140.00,"Technical and Scientific Equipment",07,130000.00,0000-00-00,
368,0-07-05.140-0027-000,"70L, Rotary Pump-Brand: Magister, SN: 32968",1.06.05.140.00,"Technical and Scientific Equipment",07,273000.00,0000-00-00,
369,0-07-05.140-0028-000,"70L, Rotary Pump-Brand: Magister, SN: 32969",1.06.05.140.00,"Technical and Scientific Equipment",07,273000.00,0000-00-00,
370,0-07-05.140-0029-000,"Commercial Stainless Steel with cabinet and stand with lock- 2155mmW x 710mmL x 905mmH",1.06.05.140.00,"Technical and Scientific Equipment",07,93549.00,0000-00-00,
371,0-07-05.140-0030-000,"Commercial Stainless Steel with cabinet and stand with lock- 2155mmW x 710mmL x 905mmH",1.06.05.140.00,"Technical and Scientific Equipment",07,93549.00,0000-00-00,
372,0-07-05.140-0031-000,"Model: MK-25CTA, 715mm x 560mm x 780m, SN: MY2021M11D10Q019",1.06.05.140.00,"Technical and Scientific Equipment",07,94640.00,0000-00-00,
374,0-07-05.140-0032-000,"with Double Oven-6 burners, Dimensions 40.5"" H x 75cm L x 120cm W",1.06.05.140.00,"Technical and Scientific Equipment",07,130000.00,0000-00-00,
375,0-07-05.140-0033-000,"with Double Oven-6 burners, Dimensions 40.5"" H x 75cm L x 120cm W",1.06.05.140.00,"Technical and Scientific Equipment",07,130000.00,0000-00-00,
376,0-07-05.140-0034-000,"with Double Oven-6 burners, Dimensions 40.5"" H x 75cm L x 120cm W",1.06.05.140.00,"Technical and Scientific Equipment",07,130000.00,0000-00-00,
377,0-07-05.140-0035-000,"with Double Oven-6 burners, Dimensions 40.5"" H x 75cm L x 120cm W",1.06.05.140.00,"Technical and Scientific Equipment",07,130000.00,0000-00-00,
378,0-07-05.140-0036-000,"Food Display, Brand: Ruey Shing, Model: RS-S1003, SN: 63211110031456",1.06.05.140.00,"Technical and Scientific Equipment",07,82400.00,0000-00-00,
379,0-07-05.140-0037-000,"Food Display, Brand: Ruey Shing, Model: RS-S1003, SN: 63211110031409",1.06.05.140.00,"Technical and Scientific Equipment",07,82400.00,0000-00-00,
380,0-07-05.140-0038-000,"4 layers- Dimensions- 71 inches H x 6 feet W x 46.5cm L",1.06.05.140.00,"Technical and Scientific Equipment",07,72832.00,0000-00-00,
381,0-07-05.140-0039-000,"4 layers- Dimensions- 71 inches H x 6 feet W x 46.5cm L",1.06.05.140.00,"Technical and Scientific Equipment",07,72832.00,0000-00-00,
382,0-07-05.140-0040-000,"4 layers- Dimensions- 71 inches H x 6 feet W x 46.5cm L",1.06.05.140.00,"Technical and Scientific Equipment",07,72832.00,0000-00-00,
383,0-07-05.140-0041-000,"4 layers- Dimensions- 71 inches H x 6 feet W x 46.5cm L",1.06.05.140.00,"Technical and Scientific Equipment",07,72832.00,0000-00-00,
384,0-07-05.140-0042-000,"4 layers- Dimensions- 71 inches H x 6 feet W x 46.5cm L",1.06.05.140.00,"Technical and Scientific Equipment",07,72832.00,0000-00-00,
385,0-07-05.140-0043-000,"Heavy Duty Duo with chimneys Dimension- 51inches H x 188.5 cm W x 57cm L",1.06.05.140.00,"Technical and Scientific Equipment",07,73000.00,0000-00-00,
386,0-07-05.140-0044-000,"Heavy Duty Duo with chimneys Dimension- 51inches H x 188.5 cm W x 57cm L",1.06.05.140.00,"Technical and Scientific Equipment",07,73000.00,0000-00-00,
387,0-07-05.140-0045-000,"Heavy Duty Gas, Dimensions-105cm H x 55cm W x 75cm L",1.06.05.140.00,"Technical and Scientific Equipment",07,75000.00,0000-00-00,
388,0-07-05.140-0046-000,"Heavy Duty Gas, Dimensions-105cm H x 55cm W x 75cm L",1.06.05.140.00,"Technical and Scientific Equipment",07,75000.00,0000-00-00,
390,0-07-05.140-0047-000,"Brand: Lehavot, Model: WCK-16Manually Operated, (fire suppression)",1.06.05.140.00,"Technical and Scientific Equipment",07,868520.00,0000-00-00,
391,0-07-05.140-0048-000,"Brand: Binzap, Model DZ500, SN: 323384",1.06.05.140.00,"Technical and Scientific Equipment",07,71500.00,0000-00-00,
392,0-07-05.140-0049-000,"Brand: Dolphin, Model: DW-1200, 12 place settings, SN: 323391",1.06.05.140.00,"Technical and Scientific Equipment",07,135000.00,0000-00-00,
438,0-07-05.140-0050-000,"with Laptops, Item Parts
1. BENCH TOP TENSILE TESTING MACHINE
2. BRINELLE HARDNESS TEST SET
3. Control Box
4. Digital Strain Display
5. LAPTOPS, HP Pavillion; Model: 14-dy1027tu SN: 8CG2043WK4, SN: 8CG151BB4Y, SN: 8CG151BB57, SN: 8CG151BB5B
6. ROTATING FATIQUE MACHINE
7. STRAIN GAUGE TRAINER
8. THIN CYLINDER with Data Aquisition
9. TORSION TESTING MACHINE (30NM)
10. Tortion Meter
11. UNIVERSAL TESTING MACHINE
12. vdas",1.06.05.140.00,"Technical and Scientific Equipment",07,20300000.00,0000-00-00,
439,0-07-05.140-0051-000,"Brand TecQuipmentTD1050, SN: TQ347406-001",1.06.05.140.00,"Technical and Scientific Equipment",07,10490000.00,0000-00-00,
501,0-07-05.140-0052-000,"with accessories (HANON-SH220F Digestor)SN: SH327270748, Scrubber (HANON S402) SIN: S0227240132, UPS, and Dust Cover; Kebos UPS SN: 83622209100516",1.06.05.140.00,"Technical and Scientific Equipment",07,495000.00,0000-00-00,
514,0-07-05.140-0053-000,"Hand Wheel Vertical Type; BIOBASE - BKQ-B100I SN: 	BKQ-B100I22125011",1.06.05.140.00,"Technical and Scientific Equipment",07,324000.00,0000-00-00,
621,0-07-05.140-0054-000,"Brand: Lehavot, Model: WCK-16Manually Operated, (fire suppression)",1.06.05.140.00,"Technical and Scientific Equipment",07,868520.00,0000-00-00,
764,0-07-05.140-0055-000,"AGILENT- Model: CARY 60) SN: MY22419237 w/ desktop, (Acer Veriton X4680G)
SIN: DTVVTSP0092160152E3000, colored
Printer (Canon Pixma) SN: KNUJ13014. AVR
(HOSSONI) SN: Q0301431, UPS
(SOCOMEC) SN: 2121400141",1.06.05.140.00,"Technical and Scientific Equipment",07,917000.00,0000-00-00,
766,0-07-05.140-0056-000,"Bioevopeak - Model: CC-J3A SN: BEPKJ230228001; LED display; magnification: 3 times; max count: 9,999; 220V; 50Hz",1.06.05.140.00,"Technical and Scientific Equipment",07,69995.00,0000-00-00,
767,0-07-05.140-0057-000,"Bioevopeak - Model: DOF-H250-B SN: BEPLY230228001; Capacity: 252L; Temperature range: 10-300C; Shelves: 3/10; 220V; 50/60Hz",1.06.05.140.00,"Technical and Scientific Equipment",07,154500.00,0000-00-00,
354,2000-07-05.140-0001-000,"5 pcs per set 50 kg per set",1.06.05.140.00,"Technical and Scientific Equipment",07,750000.00,2000-02-22,
70,2021-07-05.140-0001-000,"with Power Factor Load Bank & PC; Brand: TecQuipment; Model: PSL30",1.06.05.140.00,"Technical and Scientific Equipment",07,20250000.00,2021-06-21,
71,2021-07-05.140-0002-000,"Brand: TecQuipment; Model: PSA10",1.06.05.140.00,"Technical and Scientific Equipment",07,1250000.00,2021-06-21,
4295,2025-07-05.140-0001-000,"5/2-way single solenoid valve
5/2-way double solenoid valve",1.06.05.140.00,"Technical and Scientific Equipment",07,350000.00,,
4296,2025-07-05.140-0002-000,"1. Air Ducting for Stainless Steel Kitchen Hood-1850mmL x 1000mmW x 600mmH",1.06.05.140.00,"Technical and Scientific Equipment",07,369634.00,,
4297,2025-07-05.140-0003-000,"5 pcs per set 50 kg per set",1.06.05.140.00,"Technical and Scientific Equipment",07,750000.00,,
4298,2025-07-05.140-0004-000,"Heavy Duty Dimensions 15 x 15 stand alone",1.06.05.140.00,"Technical and Scientific Equipment",07,75000.00,,
4299,2025-07-05.140-0005-000,"three single-phase transformers; One three-phase transformer; Resistive, inductive and capacitive loads; Fixed ratio delta star transformer; Overcurrent protection relay; with Transformer Trainer (TECQUIPMENT Model: PSL20 SN: TQ375452-001) Modular Power System Hub (TECQUIPMENT Model: PSLHB SN: TQ379549-001)",1.06.05.140.00,"Technical and Scientific Equipment",07,24980000.00,,
4308,2025-07-05.140-0006-000,"with Accessories, Probe Kit, CTX Interchangeable Load Cell and Desktop PC (Lenovo) Intel Core i5 SN: PC2EA6WL; Lenovo Thinkvision SN: 1S62AEKAR2WWVNA5ZFCK, Power Supply Santak AVR, Santak UPS",1.06.05.140.00,"Technical and Scientific Equipment",07,1395000.00,,
4310,2025-07-05.140-0007-000,"Biobase, Model: FH100, SN: FH10EEII230200007A",1.06.05.140.00,"Technical and Scientific Equipment",07,254603.00,,
4311,2025-07-05.140-0008-000,"Biobase, Model: FH100, SN: FH10EII230200011A",1.06.05.140.00,"Technical and Scientific Equipment",07,254603.00,,
284,0-01-05.990-0001-000,"Japan, circular FW 30; 3 phase;with pedestal and wheels",1.06.05.990.00,"Other Machinery and Equipment",01,50000.00,0000-00-00,
613,0-01-05.990-0002-000,"Silent Type, 500KVA/400KW Standby Power ; Diesel Engine Model: QSZ13-G3; Engine S/N: 93947608; Generator Model: LSC500S3-6 (LEES); SN: 202312091",1.06.05.990.00,"Other Machinery and Equipment",01,2650000.00,0000-00-00,
868,0-01-05.990-0003-000,"VELP SCIENTIFICA - OXITEST SN: 708681(F30900248) with complete accessories includes.
*1 unit One Software compatible with main equipment USB cable 1.8mt with filter
*6 pc Sample Holders
*4 pcs Spacers
*1 High Temperature Sealing Grease O-Ring 3475 viton(DELTA OHM- Senseca HD2307.0 SN: 24013991
*1 pc IQ/OQ Manual
*1 set Complete Calibration Temperature Kit- A00000360
*1 unit AVR w/ slots for both PC & Equipment- STAVOL Model: ST-15000VA SN: S0404407; 15KVA
*1 tank O2 Tank (Purity= 5.0 grade, >20lbs capacity
*1 tank O2 Tank Regulator (Dual stage, capable of 0 to 8 bar pressure
*1 set PC with Printer- Intel Pentium Gold (HIP Tower Case) ACER Monitor SN: MMV0CSP001347028404HA1; Printer EPSON L14150 SN: X6QU062743",1.06.05.990.00,"Other Machinery and Equipment",01,2368782.00,0000-00-00,
4119,2001-01-05.990-0001-000,USA,1.06.05.990.00,"Other Machinery and Equipment",01,200000.00,2001-04-04,
3959,2025-01-05.990-0001-000,"Model:lg-650; S/N:0482",1.06.05.990.00,"Other Machinery and Equipment",01,136000.00,,
4107,2025-01-05.990-0002-000,"Reconditioned; single state; HD Engine Drive 5HP (Mitsubishi)",1.06.05.990.00,"Other Machinery and Equipment",01,145000.00,,
4108,2025-01-05.990-0003-000,"3HP M-IM525B SN:16213 (Taiwan)",1.06.05.990.00,"Other Machinery and Equipment",01,90000.00,,
4109,2025-01-05.990-0004-000,"Reconditioned; 2 HP; 190 rpm",1.06.05.990.00,"Other Machinery and Equipment",01,70000.00,,
4110,2025-01-05.990-0005-000,"Reconditioned; 2 HP; 190 rpm",1.06.05.990.00,"Other Machinery and Equipment",01,70000.00,,
4111,2025-01-05.990-0006-000,"Reconditioned; with Hanger; 5 tons cap.",1.06.05.990.00,"Other Machinery and Equipment",01,65000.00,,
4112,2025-01-05.990-0007-000,"Box & Pan; 8ft. (Lamaco)",1.06.05.990.00,"Other Machinery and Equipment",01,825000.00,,
4113,2025-01-05.990-0008-000,"Diesel Engine Japan",1.06.05.990.00,"Other Machinery and Equipment",01,145000.00,,
4114,2025-01-05.990-0009-000,"Limit Gauge",1.06.05.990.00,"Other Machinery and Equipment",01,80000.00,,
4115,2025-01-05.990-0010-000,"manually operated (for bending & pressing machine)",1.06.05.990.00,"Other Machinery and Equipment",01,130000.00,,
4116,2025-01-05.990-0011-000,"Direct Reading USA",1.06.05.990.00,"Other Machinery and Equipment",01,90000.00,,
4117,2025-01-05.990-0012-000,"Cooling System Master Kit",1.06.05.990.00,"Other Machinery and Equipment",01,150000.00,,
4118,2025-01-05.990-0013-000,Chatillon,1.06.05.990.00,"Other Machinery and Equipment",01,65000.00,,
4120,2025-01-05.990-0014-000,"Electro-Mechanical Rotary",1.06.05.990.00,"Other Machinery and Equipment",01,225000.00,,
4121,2025-01-05.990-0015-000,"B-310; 300 amps.; Japan (Daiden)",1.06.05.990.00,"Other Machinery and Equipment",01,69950.00,,
4122,2025-01-05.990-0016-000,"Heavy duty; 75 amp.; wheel type; Italy (TELWIN)",1.06.05.990.00,"Other Machinery and Equipment",01,79000.00,,
4123,2025-01-05.990-0017-000,"75 amp; wheel type; Italy (TELWIN)",1.06.05.990.00,"Other Machinery and Equipment",01,79000.00,,
4136,2025-01-05.990-0018-000,"with tank; 2 deck; 4 baking pan",1.06.05.990.00,"Other Machinery and Equipment",01,60000.00,,
4137,2025-01-05.990-0019-000,(XK-ZLZR1),1.06.05.990.00,"Other Machinery and Equipment",01,550000.00,,
4138,2025-01-05.990-0020-000,(UsewIndia),1.06.05.990.00,"Other Machinery and Equipment",01,175000.00,,
4139,2025-01-05.990-0021-000,"Scientech SN: 10181810 with 1 unit Motorized Antenna Unit; SCIENCETECH 2261A; SN: 1018487",1.06.05.990.00,"Other Machinery and Equipment",01,250000.00,,
4124,2026-01-05.990-0001-000,"Brand: Gratten; Model: ATF20B; SN: AXH1607000566",1.06.05.990.00,"Other Machinery and Equipment",01,55000.00,2026-04-13,
4125,2026-01-05.990-0002-000,"for rotating Electric Machines; DL: 10280; SN: 1201317.6",1.06.05.990.00,"Other Machinery and Equipment",01,657000.00,2026-04-13,
4126,2026-01-05.990-0003-000,"Origin: Italy; DL 100616; SN: 1301236.2",1.06.05.990.00,"Other Machinery and Equipment",01,464000.00,2026-04-13,
4127,2026-01-05.990-0004-000,"Origin: Italy; DL 10060N; SN: 1303798.6",1.06.05.990.00,"Other Machinery and Equipment",01,342000.00,2026-04-13,
4128,2026-01-05.990-0005-000,"Origin: Italy; DL 10283; SN: 1303276.20",1.06.05.990.00,"Other Machinery and Equipment",01,217500.00,2026-04-13,
4129,2026-01-05.990-0006-000,"Origin: Italy DL 10100; SN: 1601301.1",1.06.05.990.00,"Other Machinery and Equipment",01,76000.00,2026-04-13,
4130,2026-01-05.990-0007-000,"Origin: Italy: DL: 10125; SN: 1500742.3.",1.06.05.990.00,"Other Machinery and Equipment",01,190500.00,2026-04-13,
4131,2026-01-05.990-0008-000,"Origin: Italy: DL 10285; SN:1201322.5",1.06.05.990.00,"Other Machinery and Equipment",01,60000.00,2026-04-13,
4132,2026-01-05.990-0009-000,"Origin: Italy: DL 10300A; SN: 1401230.11",1.06.05.990.00,"Other Machinery and Equipment",01,326500.00,2026-04-13,
4133,2026-01-05.990-0010-000,"Origin: Italy",1.06.05.990.00,"Other Machinery and Equipment",01,127500.00,2026-04-13,
4134,2026-01-05.990-0011-000,"Origin: Italy: DL 10310; SN 1201323.28",1.06.05.990.00,"Other Machinery and Equipment",01,58000.00,2026-04-13,
4135,2026-01-05.990-0012-000,"Origin: Italy: DL 10050; SN: 1203954.4",1.06.05.990.00,"Other Machinery and Equipment",01,421500.00,2026-04-13,
176,0-05-05.990-0001-000,"rotor shaft assembly",1.06.05.990.00,"Other Machinery and Equipment",05,99000.00,0000-00-00,
177,0-05-05.990-0002-000,"18 KVA; Phase 1? RPM-1800 Cont.; 220/110V; 3 cylinder; Air cool, Model: PCL164F SN: 05021/01",1.06.05.990.00,"Other Machinery and Equipment",05,480000.00,0000-00-00,
178,0-05-05.990-0003-000,"50 tons cap blue; SN: 1122",1.06.05.990.00,"Other Machinery and Equipment",05,385000.00,0000-00-00,
214,0-05-05.990-0004-000,"High speed, JUKI brand 1/3HP SN: 16030005",1.06.05.990.00,"Other Machinery and Equipment",05,53500.00,0000-00-00,
599,0-05-05.990-0005-000,"BRAND: Wurkton, Model: BL6230, Heavy Duty (GAP Bed Lathe) 305mm Swing over bed, SN: 0480",1.06.05.990.00,"Other Machinery and Equipment",05,345000.00,0000-00-00,
600,0-05-05.990-0006-000,"BRAND: Wurkton, Model: BL6230, Heavy Duty (GAP Bed Lathe) 305mm Swing over bed, SN: 0484",1.06.05.990.00,"Other Machinery and Equipment",05,345000.00,0000-00-00,
813,0-05-05.990-0007-000,"Motor Power- 5Hp 220V 3 phase 60 hrtz; Table area- 540mmx900mm; cutterhead dia 120mm; number of knives 4",1.06.05.990.00,"Other Machinery and Equipment",05,278000.00,0000-00-00,
814,0-05-05.990-0008-000,"with sliding table; Model: TC-14; Motor: 3 phase, 3 hp, 60hz, 220 volts; rated input power - 1200/1350 W; Blade- Circular saw 14"" dia 1""bore x 80-",1.06.05.990.00,"Other Machinery and Equipment",05,398000.00,0000-00-00,
815,0-05-05.990-0009-000,"CNC Laser Machine Model: ZGD-4060 SN: R2024012311",1.06.05.990.00,"Other Machinery and Equipment",05,680000.00,0000-00-00,
863,0-05-05.990-0010-000,"1200AT, 3P, 230V, 60Hz, 85kaic, bolt on MCCB type NEMA3R; GE",1.06.05.990.00,"Other Machinery and Equipment",05,105300.00,0000-00-00,
864,0-05-05.990-0011-000,"1200AT, 3P, 230V, 60Hz, 85kaic, bolt on MCCB type NEMA3R; GE",1.06.05.990.00,"Other Machinery and Equipment",05,105300.00,0000-00-00,
865,0-05-05.990-0012-000,"1200AT, 3P, 230V, 60Hz, 85kaic, bolt on MCCB type NEMA3R; GE",1.06.05.990.00,"Other Machinery and Equipment",05,222300.00,0000-00-00,
866,0-05-05.990-0013-000,"1200AT Main, 3P, 230V, 60Hz, Bolt on 3 branches (700AT 3P, 550AT 3P, 450AT 3P), NEMA3R",1.06.05.990.00,"Other Machinery and Equipment",05,52650.00,0000-00-00,
867,0-05-05.990-0014-000,"1200AT Main, 3P, 230V, 60Hz, Bolt on 3 branches (750AT 3P, 550AT 3P, 450AT 3P), NEMA3R",1.06.05.990.00,"Other Machinery and Equipment",05,52650.00,0000-00-00,
1136,0-05-05.990-0015-000,"15 tons; 10 meters- HOYOMA",1.06.05.990.00,"Other Machinery and Equipment",05,55000.00,0000-00-00,
1161,0-05-05.990-0016-000,"16"", with bumper, 1 m adjustable stainless tube, 13.5 m royal cord 3/4 hp, 220V 60 Cycles 175 RPM, 0.559kw/559 Watts; WILSON SN: 071624424",1.06.05.990.00,"Other Machinery and Equipment",05,65575.28,0000-00-00,
4140,2025-05-05.990-0001-000,"w/ 2 automatic voltage regulator; 60 KVA; SN: WH1473WA01 (Meidensha)",1.06.05.990.00,"Other Machinery and Equipment",05,485000.00,,
4141,2025-05-05.990-0002-000,"2"" diameter 100 meter",1.06.05.990.00,"Other Machinery and Equipment",05,70000.00,,
4142,2025-05-05.990-0003-000,"2 1/2 dia.; 100 meters",1.06.05.990.00,"Other Machinery and Equipment",05,85000.00,,
4143,2025-05-05.990-0004-000,"16"" w x 16"" h; complete w/ roller",1.06.05.990.00,"Other Machinery and Equipment",05,90000.00,,
4144,2025-05-05.990-0005-000,"2 stages; 15 HP engine (Japan)",1.06.05.990.00,"Other Machinery and Equipment",05,109000.00,,
4145,2025-05-05.990-0006-000,"Engineering; VCT-216; INDIA",1.06.05.990.00,"Other Machinery and Equipment",05,95000.00,,
4146,2025-05-05.990-0007-000,"5 tons cap.; Japan",1.06.05.990.00,"Other Machinery and Equipment",05,50000.00,,
4147,2025-05-05.990-0008-000,"3 HP; US (Sta-Rite) Model: C43L2EC15",1.06.05.990.00,"Other Machinery and Equipment",05,98000.00,,
4148,2025-05-05.990-0009-000,US,1.06.05.990.00,"Other Machinery and Equipment",05,55000.00,,
4149,2025-05-05.990-0010-000,"Compressed Air Breathing Aparatus",1.06.05.990.00,"Other Machinery and Equipment",05,75000.00,,
4150,2025-05-05.990-0011-000,"Screw Type",1.06.05.990.00,"Other Machinery and Equipment",05,60000.00,,
4151,2025-05-05.990-0012-000,"HD; 75 amps; wheel type; Italy (TELWIN)",1.06.05.990.00,"Other Machinery and Equipment",05,79000.00,,
4152,2025-05-05.990-0013-000,"HD; 75 amps; wheel type; Italy (TELWIN)",1.06.05.990.00,"Other Machinery and Equipment",05,79000.00,,
4153,2025-05-05.990-0014-000,Japan,1.06.05.990.00,"Other Machinery and Equipment",05,65000.00,,
4154,2025-05-05.990-0015-000,Japan,1.06.05.990.00,"Other Machinery and Equipment",05,78750.00,,
4155,2025-05-05.990-0016-000,"Shell Tube Type",1.06.05.990.00,"Other Machinery and Equipment",05,99000.00,,
4156,2025-05-05.990-0017-000,Reconditioned,1.06.05.990.00,"Other Machinery and Equipment",05,78000.00,,
4157,2025-05-05.990-0018-000,Big,1.06.05.990.00,"Other Machinery and Equipment",05,54000.00,,
4158,2025-05-05.990-0019-000,"Brand New; China",1.06.05.990.00,"Other Machinery and Equipment",05,224700.00,,
4159,2025-05-05.990-0020-000,"Marine Dial Indicator",1.06.05.990.00,"Other Machinery and Equipment",05,65000.00,,
4160,2025-05-05.990-0021-000,"Japan Model: BD-3WV; sn: 941291",1.06.05.990.00,"Other Machinery and Equipment",05,87500.00,,
4161,2025-05-05.990-0022-000,"Generator w/ Propeller Assembly",1.06.05.990.00,"Other Machinery and Equipment",05,63000.00,,
4162,2025-05-05.990-0023-000,"Air Inflator",1.06.05.990.00,"Other Machinery and Equipment",05,63000.00,,
4163,2025-05-05.990-0024-000,"CFC20; SN: PZ11068",1.06.05.990.00,"Other Machinery and Equipment",05,64500.00,,
4164,2025-05-05.990-0025-000,"# 200; 100; 80; 60; 40; 20; 10; 4",1.06.05.990.00,"Other Machinery and Equipment",05,150000.00,,
4165,2025-05-05.990-0026-000,"M: 8420V; 20mm; 3/4"" (Makita) Japan",1.06.05.990.00,"Other Machinery and Equipment",05,57550.00,,
4166,2025-05-05.990-0027-000,"body number: XX201307140; Model: FCEBH30B; Philippines",1.06.05.990.00,"Other Machinery and Equipment",05,89500.00,,
4167,2025-05-05.990-0028-000,"GLH130-40 SN: 1390933",1.06.05.990.00,"Other Machinery and Equipment",05,87500.00,,
4168,2025-05-05.990-0029-000,"GLH130-40 SN: 0112598",1.06.05.990.00,"Other Machinery and Equipment",05,87500.00,,
4169,2025-05-05.990-0030-000,"for server; EQUIPMENT 19""",1.06.05.990.00,"Other Machinery and Equipment",05,80000.00,,
4170,2025-05-05.990-0031-000,"M:DDL8700 Juki brand; Asahi Motor S/N: TH175821299",1.06.05.990.00,"Other Machinery and Equipment",05,50000.00,,
4171,2025-05-05.990-0032-000,"M:DDL8700 Juki brand; Asahi Motor S/N: TH160803760",1.06.05.990.00,"Other Machinery and Equipment",05,50000.00,,
4172,2025-05-05.990-0033-000,"K-200M;Once Through type SN: 161104301",1.06.05.990.00,"Other Machinery and Equipment",05,1088161.00,,
4173,2025-05-05.990-0034-000,"Yamaha Gig maker 18"" x 22"" bass Drum, 6.5"" x 14 Snare drum; 8"" x 10"" x 8"" x 12"" & 14"" x 14"" Tom tom; 14"" x 16"" Floor Tom",1.06.05.990.00,"Other Machinery and Equipment",05,64000.00,,
4174,2025-05-05.990-0035-000,"Oil Separator",1.06.05.990.00,"Other Machinery and Equipment",05,94080.00,,
4175,2025-05-05.990-0036-000,Purifier,1.06.05.990.00,"Other Machinery and Equipment",05,716800.00,,
4176,2025-05-05.990-0037-000,"KOTEN Triple Pole; Single Throw 1000Amps;",1.06.05.990.00,"Other Machinery and Equipment",05,77795.00,,
4177,2025-05-05.990-0038-000,"1/2"" to 2"" dia (Ridgid)",1.06.05.990.00,"Other Machinery and Equipment",05,90272.00,,
4178,2025-05-05.990-0039-000,"1200AT, 3P, 230V, 60Hz, 85kaic, bolt on MCCB type circuit; GE",1.06.05.990.00,"Other Machinery and Equipment",05,121680.00,,
4179,2025-05-05.990-0040-000,"beans to espresso in under a minute; create great tasting espresso in less than a minute; grind the beans right before extraction; interchangeable filters; dose control grinding; micro foam milk texturing; grind size dial; hands free operation  BREVILLE Model: BES870/E SN: 24-1218-073BES870",1.06.05.990.00,"Other Machinery and Equipment",05,68500.00,,
1186,0-06-05.990-0001-000,"50 meters per set with self-tensioner",1.06.05.990.00,"Other Machinery and Equipment",06,86860.00,0000-00-00,
4180,2025-07-05.990-0001-000,"Fujidenzo- Model: INR-825, SN: INR-82S221001865",1.06.05.990.00,"Other Machinery and Equipment",07,58272.00,,
756,0-05-07.010-0001-000,"2 units of fabricated wooden cabinet",1.06.07.010.00,"Furniture and Fixtures",05,55000.00,0000-00-00,
772,0-05-07.010-0002-000,"Materials: High quality galvanized steel sheet, surface is electro-sprayed by epoxy resin; Door panel: high quality galvanized steel with glass doors; Door handle: Stainless steel, with swivel rubber wheel; L102cmxH60cmxW53cm",1.06.07.010.00,"Furniture and Fixtures",05,59000.00,0000-00-00,
773,0-05-07.010-0003-000,"Materials: High quality galvanized steel sheet, surface is electro-sprayed by epoxy resin; Door panel: high quality galvanized steel with glass doors; Door handle: Stainless steel, with swivel rubber wheel; L145cmxH64cmxW56cm",1.06.07.010.00,"Furniture and Fixtures",05,88000.00,0000-00-00,
774,0-05-07.010-0004-000,"Materials: High quality galvanized steel sheet, surface is electro-sprayed by epoxy resin; Door panel: high quality galvanized steel with glass doors; Door handle: Stainless steel, with swivel rubber wheel; L153cmxH62cmxW43cm",1.06.07.010.00,"Furniture and Fixtures",05,71000.00,0000-00-00,
775,0-05-07.010-0005-000,"Materials: High quality galvanized steel sheet, surface is electro-sprayed by epoxy resin; Door panel: high quality galvanized steel with glass doors; Door handle: Stainless steel, with swivel rubber wheel; L100cmxH63cmxW57cm",1.06.07.010.00,"Furniture and Fixtures",05,64000.00,0000-00-00,
776,0-05-07.010-0006-000,"Materials: High quality galvanized steel sheet, surface is electro-sprayed by epoxy resin; Door panel: high quality galvanized steel with glass doors; Door handle: Stainless steel, with swivel rubber wheel; L200cmxH90cmxW60cm",1.06.07.010.00,"Furniture and Fixtures",05,91000.00,0000-00-00,
777,0-05-07.010-0007-000,"Materials: High quality galvanized steel sheet, surface is electro-sprayed by epoxy resin; Door panel: high quality galvanized steel with glass doors; Door handle: Stainless steel, with swivel rubber wheel; L180cmxH65cmxW50cm",1.06.07.010.00,"Furniture and Fixtures",05,52000.00,0000-00-00,
778,0-05-07.010-0008-000,"Materials: High quality galvanized steel sheet, surface is electro-sprayed by epoxy resin; Door panel: high quality galvanized steel with glass doors; Door handle: Stainless steel, with swivel rubber wheel; L130cmxH220cmxW46cm, 4-layered",1.06.07.010.00,"Furniture and Fixtures",05,111000.00,0000-00-00,
779,0-05-07.010-0009-000,"Materials: High quality galvanized steel sheet, surface is electro-sprayed by epoxy resin; Door panel: high quality galvanized steel with glass doors; Door handle: Stainless steel, with swivel rubber wheel; L147cmxH67cmxW58cm",1.06.07.010.00,"Furniture and Fixtures",05,90000.00,0000-00-00,
780,0-05-07.010-0010-000,"Materials: High quality galvanized steel sheet, surface is electro-sprayed by epoxy resin; Door panel: high quality galvanized steel with glass doors; Door handle: Stainless steel, 2 layers, 5 columns; L184cmxH60cmxW30cm,",1.06.07.010.00,"Furniture and Fixtures",05,52000.00,0000-00-00,
781,0-05-07.010-0011-000,"Materials: High quality galvanized steel sheet, surface is electro-sprayed by epoxy resin; Door panel: high quality galvanized steel with glass doors; Door handle: Stainless steel, 2 layers, 5 columns; L184cmxH60cmxW30cm",1.06.07.010.00,"Furniture and Fixtures",05,93000.00,0000-00-00,
783,0-05-07.010-0012-000,"Materials: High quality galvanized steel sheet, surface is electro-sprayed by epoxy resin; Door panel: high quality galvanized steel with glass doors; Door handle: Stainless steel, 2 layers, 5 columns; L184cmxH60cmxW30cm",1.06.07.010.00,"Furniture and Fixtures",05,93000.00,0000-00-00,
784,0-05-07.010-0013-000,"Materials: High quality galvanized steel sheet, surface is electro-sprayed by epoxy resin; Door panel: high quality galvanized steel with glass doors; Door handle: Stainless steel, 1 layers, 5 columns; L184cmxH30cmxW30cm,",1.06.07.010.00,"Furniture and Fixtures",05,52000.00,0000-00-00,
785,0-05-07.010-0014-000,"Materials: High quality galvanized steel sheet, surface is electro-sprayed by epoxy resin; Door panel: high quality galvanized steel with glass doors; Door handle: Stainless steel, 1 layers, 5 columns; L184cmxH30cmxW30cm,",1.06.07.010.00,"Furniture and Fixtures",05,52000.00,0000-00-00,
817,0-05-07.010-0015-000,"3 ft x 6 ft, 220 cm upper mirror, stainless steel",1.06.07.010.00,"Furniture and Fixtures",05,54000.00,0000-00-00,
890,0-05-07.010-0016-000,"6 layers- 340x220x40- 3 sections, seating cushion 3"" flexfoam, leatherette finish",1.06.07.010.00,"Furniture and Fixtures",05,66033.00,0000-00-00,
891,0-05-07.010-0017-000,"6 layers- 340x220x40- 3 sections, seating cushion 3"" flexfoam, leatherette finish",1.06.07.010.00,"Furniture and Fixtures",05,66033.00,0000-00-00,
892,0-05-07.010-0018-000,"6 layers- 340x220x40- 3 sections, seating cushion 3"" flexfoam, leatherette finish",1.06.07.010.00,"Furniture and Fixtures",05,66033.00,0000-00-00,
893,0-05-07.010-0019-000,"6 layers- 340x220x40- 3 sections, seating cushion, leatherette finish",1.06.07.010.00,"Furniture and Fixtures",05,66033.00,0000-00-00,
894,0-05-07.010-0020-000,"6 layers- 340x220x40- 3 sections, seating cushion, leatherette finish",1.06.07.010.00,"Furniture and Fixtures",05,66033.00,0000-00-00,
895,0-05-07.010-0021-000,"6 layers- 340x220x40- 3 sections, seating cushion, leatherette finish",1.06.07.010.00,"Furniture and Fixtures",05,66033.00,0000-00-00,
896,0-05-07.010-0022-000,"6 layers; 220x244x40; 2 sections. metal frame in paint finish; laminated plyboard 18mm",1.06.07.010.00,"Furniture and Fixtures",05,84645.00,0000-00-00,
897,0-05-07.010-0023-000,"6 layers; 220x244x40; 2 sections. metal frame in paint finish; laminated plyboard 18mm",1.06.07.010.00,"Furniture and Fixtures",05,84645.00,0000-00-00,
898,0-05-07.010-0024-000,"300x70x80cm with extended countertop 110x75x75 with wooden accent design- s4s 1x1x8ft.  metal frame 1x2x2mm with 1x1x2 metal connector,",1.06.07.010.00,"Furniture and Fixtures",05,67122.00,0000-00-00,
899,0-05-07.010-0025-000,"122x220x35, marine plywood 3/4,acrylic 5mm with stainless round tube, paint finish",1.06.07.010.00,"Furniture and Fixtures",05,56380.50,0000-00-00,
900,0-05-07.010-0026-000,"240x100x35cm and cabinet -120x220x35cm",1.06.07.010.00,"Furniture and Fixtures",05,189337.50,0000-00-00,
901,0-05-07.010-0027-000,"Reading area with lighting accents",1.06.07.010.00,"Furniture and Fixtures",05,857934.00,0000-00-00,
902,0-05-07.010-0028-000,"discussion room 122cmx220cm=16sets",1.06.07.010.00,"Furniture and Fixtures",05,446490.00,0000-00-00,
903,0-05-07.010-0029-000,"roller blinds, sunscreen standard, eliminate glare while maintaining unobstructive view to the outside scenery, control of workstation screen reflections, reduce heat gain-excellent thermal comfort, for ground floor to 4th floor",1.06.07.010.00,"Furniture and Fixtures",05,410310.00,0000-00-00,
905,0-05-07.010-0030-000,"Port Locator Wall; sticker in Acrylic 5mm, with lighting components and switches 600cm x 220cm, metal bracket",1.06.07.010.00,"Furniture and Fixtures",05,272250.00,0000-00-00,
753,2023-05-07.010-0001-000,"10 seaters with chairs; mahogany",1.06.07.010.00,"Furniture and Fixtures",05,60000.00,2023-10-25,
977,2025-05-07.010-0001-000,"32cm bookcase with cabinets and shelves; included- 47""L x 13""W x79""H; solid wood with glass door natural color",1.06.07.010.00,"Furniture and Fixtures",05,220000.00,2025-01-24,
3802,2025-05-07.010-0002-000,"LED TV 70 inches( 3 Units), 1 Lot LED TV 55 inches (8 units) CCTV 32 channels, 50 inches TV Monitor with Hard drive 19 units, IP camera 2MP (6units), Book Sanitizer 1set; Self Service Book Search (OPAC 4 sets)",1.06.07.010.00,"Furniture and Fixtures",05,1673064.00,,
3803,2025-05-07.010-0003-000,"- 400 x 70 x 80cm with extended counter top 240 x 30 x 110 / 120 x 30",1.06.07.010.00,"Furniture and Fixtures",05,74443.25,,
3804,2025-05-07.010-0004-000,"' - 210 x 160 x 50 / 210 x 170 x 50 w/ accent lighting (first floor)",1.06.07.010.00,"Furniture and Fixtures",05,141004.98,,
3805,2025-05-07.010-0005-000,"180 x 210 x 30; first floor",1.06.07.010.00,"Furniture and Fixtures",05,124694.86,,
3806,2025-05-07.010-0006-000,"- 255 x 244 x 244",1.06.07.010.00,"Furniture and Fixtures",05,382695.28,,
3807,2025-05-07.010-0007-000,"- 180cm x 140cm x 220cm",1.06.07.010.00,"Furniture and Fixtures",05,250069.08,,
3808,2025-05-07.010-0008-000,"- 300 x 70 x 80cm",1.06.07.010.00,"Furniture and Fixtures",05,58237.54,,
3809,2025-05-07.010-0009-000,"seating cushion - 6 layers - -340 x 220 x 40 - 3 sections third floor",1.06.07.010.00,"Furniture and Fixtures",05,254482.75,,
3810,2025-05-07.010-0010-000,"third floor",1.06.07.010.00,"Furniture and Fixtures",05,249389.72,,
3811,2025-05-07.010-0011-000,"- 260 x 70 x 80cm with extended third floor",1.06.07.010.00,"Furniture and Fixtures",05,52139.03,,
3812,2025-05-07.010-0012-000,"Nook with high table and standard seating with cushion back and seating",1.06.07.010.00,"Furniture and Fixtures",05,103327.72,,
3813,2025-05-07.010-0013-000,"1. Discussion Room- 12mm thickness gypsum board, metal frame 2x4x2mm post frame / 2x2x2mm floor frame 28.8sq.mtr
2. Wall cladding section in bamboo finish 10.30sq.mtr- 2 units",1.06.07.010.00,"Furniture and Fixtures",05,370634.31,,
3775,2025-01-01.020-0001-000,"IBM SPSS License FD418DAECC02528BFF4D",1.08.01.020.00,"Computer Software",01,52272.73,,
3776,2025-01-01.020-0002-000,"IBM SPSS License FD418DAECC02528BFF4D",1.08.01.020.00,"Computer Software",01,52272.73,,
3777,2025-01-01.020-0003-000,"IBM SPSS License FD418DAECC02528BFF4D",1.08.01.020.00,"Computer Software",01,52272.73,,
3778,2025-01-01.020-0004-000,"IBM SPSS License FD418DAECC02528BFF4D",1.08.01.020.00,"Computer Software",01,52272.73,,
3779,2025-01-01.020-0005-000,"IBM SPSS License FD418DAECC02528BFF4D",1.08.01.020.00,"Computer Software",01,52272.73,,
3780,2025-01-01.020-0006-000,"IBM SPSS License FD418DAECC02528BFF4D",1.08.01.020.00,"Computer Software",01,52272.73,,
3781,2025-01-01.020-0007-000,"IBM SPSS License FD418DAECC02528BFF4D",1.08.01.020.00,"Computer Software",01,52272.73,,
3782,2025-01-01.020-0008-000,"IBM SPSS License FD418DAECC02528BFF4D",1.08.01.020.00,"Computer Software",01,52272.73,,
3783,2025-01-01.020-0009-000,"IBM SPSS License FD418DAECC02528BFF4D",1.08.01.020.00,"Computer Software",01,52272.70,,
3784,2025-01-01.020-0010-000,"IBM SPSS License FD418DAECC02528BFF4D",1.08.01.020.00,"Computer Software",01,52272.70,,
3785,2025-01-01.020-0011-000,"IBM SPSS License FD418DAECC02528BFF4D",1.08.01.020.00,"Computer Software",01,52272.73,,
3786,2025-01-01.020-0012-000,"Philippine Consotium for Social Welfare and Human Development Research, Inc.",1.08.01.020.00,"Computer Software",01,950000.00,,
3787,2025-01-01.020-0013-000,"LMS Platform",1.08.01.020.00,"Computer Software",01,4900000.00,,
3788,2014-05-01.020-0001-000,"Unitest CBT 1-8",1.08.01.020.00,"Computer Software",05,380800.00,2014-05-20,
3800,2024-05-01.020-0001-000,"Incusions: Functional requirements, Non-functional Requirements, Technical Specification, Implementation, Compliance and Troubleshooting",1.08.01.020.00,"Computer Software",05,490000.00,2024-12-27,
1188,2025-05-01.020-0001-000,"1 Instructor Station: computer, monitor, table, chair, printer, UPS
8 Trainee Workstations: computer, monitor, table, chair, UPS
1 Desktop Computer for remote (Donation)
-ML-24S25HS1001816
-ML-24S25HS1000903
-ML-24S25HS1001812
-ML-24S25HS1000412
-ML-24S25HS1002020
-ML-24S25HS1000355
-ML-24S25HS1001035
-ML-24S25HS1002165
-ML-24S25HS1001582
-ML-24S25HS1002199
1 Printer; Brother DCP-T30DW; SN:E83667H5h448057 (Donation)
2 Aircon; Split type; wall mounted; Midea; MSCE-19CRFN8
-54122000HELA7040170735
-5412200HEWAA130120865
-54122000HENA7040170129
-54122000HETAA100130376
Briefing and Debriefing: 65 inches TV TCL Model: 65V6B SN: 2504ALY240591C00018
Wireless USB Adapter
Local Network: cables, LAN switch ARUBA SN: TW09KPD1T7, cabinet",1.08.01.020.00,"Computer Software",05,2685000.00,2025-12-17,
3789,2025-05-01.020-0002-000,"RDA Full Complaint",1.08.01.020.00,"Computer Software",05,490000.00,,
3790,2025-05-01.020-0003-000,"Enrolment, assessment, admission, cashier",1.08.01.020.00,"Computer Software",05,2500000.00,,
3791,2025-05-01.020-0004-000,"Budget Account, budget preparation, budget execution, supply management module-supply account",1.08.01.020.00,"Computer Software",05,950000.00,,
3792,2025-05-01.020-0005-000,"Integrated Research Information System",1.08.01.020.00,"Computer Software",05,140000.00,,
3793,2025-05-01.020-0006-000,"Academic Adoption Program-Autodesk",1.08.01.020.00,"Computer Software",05,274000.00,,
3794,2025-05-01.020-0007-000,"Auto-desk Academic License (AEC)-2024",1.08.01.020.00,"Computer Software",05,235200.00,,
3795,2025-05-01.020-0008-000,"Oracle Primavera ver 23.12; Structures Educational Subs 40 users; anf TEKLA STRUCTURES",1.08.01.020.00,"Computer Software",05,84000.00,,
3796,2025-05-01.020-0009-000,"Oracle Primavera ver 23.12 Professional Project Management Software",1.08.01.020.00,"Computer Software",05,437000.00,,
3797,2025-05-01.020-0010-000,"Microsoft Office 365 A3 (Educational Faculty) 65 licenses",1.08.01.020.00,"Computer Software",05,499847.00,,
3798,2025-05-01.020-0011-000,"RDS Cals DG7GMGF0D7HX Windows Server 2022; Remote Desktop Services - User CAL; Microsoft; WinServer Cals DG7GMGF0D5VX; Windows Server 2022 1 user CAL; Microsoft",1.08.01.020.00,"Computer Software",05,235090.00,,
3799,2025-05-01.020-0012-000,"Autodesk academic adoption program",1.08.01.020.00,"Computer Software",05,300000.00,,
